# This file uses centimeters as units for non-parametric coordinates.

mtllib croc.mtl
g default
v 0.513455 4.444099 4.331563
v 0.518481 4.515355 4.738531
v 0.492748 4.673398 4.148913
v 0.495160 4.704431 4.230405
v 0.518059 4.546329 4.239677
v 0.522992 4.611070 4.474382
v 0.235453 4.460301 4.317371
v 0.240479 4.555668 4.725306
v 0.322262 4.684569 4.140210
v 0.324673 4.715269 4.221702
v 0.412377 4.732673 4.075211
v 0.415555 4.770468 4.176157
v 0.372845 4.434530 4.193863
v 0.381000 4.563353 4.854769
v 0.267712 4.560715 4.226898
v 0.272646 4.639567 4.461602
v 0.402003 4.674849 4.514144
v 0.393889 4.561745 4.129171
v 0.536830 4.490903 4.537503
v 0.497950 4.690876 4.182822
v 0.416297 4.775553 4.095024
v 0.538653 4.575072 4.365234
v 0.217127 4.518054 4.521183
v 0.320286 4.702332 4.173753
v 0.250755 4.593151 4.350536
v 0.394571 4.888977 6.303048
v 0.401258 4.981856 6.622390
v 0.372204 5.086552 6.438051
v 0.374098 5.084223 6.516418
v 0.393093 5.022297 6.374785
v 0.397750 5.035051 6.579760
v 0.216628 4.902275 6.306016
v 0.223315 4.980442 6.625009
v 0.263080 5.085747 6.439744
v 0.264973 5.084928 6.518023
v 0.318725 5.113527 6.440572
v 0.321147 5.108097 6.539740
v 0.303458 4.827111 6.203415
v 0.314309 4.954957 6.720911
v 0.232852 5.022840 6.377323
v 0.237509 5.036031 6.582118
v 0.319819 5.030534 6.654572
v 0.312172 5.004385 6.318195
v 0.411275 4.991174 6.462415
v 0.375496 5.087569 6.475016
v 0.320433 5.121833 6.489949
v 0.407266 5.044848 6.474823
v 0.206641 4.992789 6.465653
v 0.261777 5.087629 6.476751
v 0.222988 5.045803 6.477718
v -0.783092 4.422047 5.143245
v -0.733731 4.538070 5.417385
v -0.774131 4.534389 5.142591
v -0.763911 4.567342 5.203411
v -0.785868 4.473392 5.144963
v -0.757016 4.560383 5.310201
v -0.648560 4.448555 5.119186
v -0.599203 4.565150 5.393150
v -0.691629 4.550344 5.127954
v -0.681413 4.583622 5.188717
v -0.739732 4.556819 5.112417
v -0.727006 4.597511 5.188874
v -0.731892 4.426260 5.036445
v -0.651531 4.589723 5.486657
v -0.664727 4.497678 5.123260
v -0.635875 4.584714 5.288466
v -0.689887 4.611235 5.344825
v -0.737371 4.482185 5.070731
v -0.768333 4.470073 5.285121
v -0.771498 4.549589 5.170780
v -0.736391 4.581162 5.141531
v -0.779826 4.508861 5.231972
v -0.613614 4.500150 5.257498
v -0.685527 4.566494 5.155515
v -0.640521 4.536797 5.207125
v 0.472085 4.685243 5.229139
v 0.486969 4.743224 5.785272
v 0.445018 4.971014 5.311122
v 0.449134 5.001958 5.439194
v 0.472787 4.841496 5.269973
v 0.482985 4.887757 5.614517
v 0.207756 4.709496 5.230577
v 0.222640 4.733168 5.787513
v 0.282917 4.978964 5.312025
v 0.287033 5.011544 5.440182
v 0.366283 5.014257 5.281306
v 0.371542 5.058124 5.442336
v 0.334651 4.636775 5.054709
v 0.359247 4.751465 5.955437
v 0.234754 4.857299 5.271195
v 0.244952 4.897630 5.616096
v 0.368665 4.930438 5.720390
v 0.351844 4.845066 5.154855
v 0.499455 4.720170 5.508121
v 0.450656 4.989326 5.370548
v 0.370096 5.053279 5.349374
v 0.495393 4.863723 5.443652
v 0.195477 4.733571 5.510522
v 0.281730 4.998528 5.371565
v 0.221655 4.875718 5.445430
v -0.943827 4.355472 4.788572
v -0.907859 4.366757 5.121107
v -0.950477 4.478214 4.730855
v -0.944082 4.478452 4.803858
v -0.955799 4.412889 4.761182
v -0.936205 4.412848 4.962728
v -0.784752 4.370206 4.764965
v -0.748711 4.374462 5.099118
v -0.852773 4.474164 4.719125
v -0.846352 4.472206 4.792589
v -0.911322 4.503132 4.685973
v -0.903502 4.502732 4.777355
v -0.875790 4.359649 4.669867
v -0.817572 4.392983 5.205637
v -0.812462 4.418601 4.741508
v -0.792834 4.413708 4.944456
v -0.862641 4.426280 5.003929
v -0.894767 4.427593 4.672741
v -0.937709 4.358684 4.958183
v -0.950268 4.480995 4.763112
v -0.911837 4.517899 4.714124
v -0.955681 4.410516 4.866883
v -0.754681 4.367676 4.932703
v -0.848437 4.475700 4.751113
v -0.790805 4.413768 4.844955
v 0.350150 5.063115 7.401315
v 0.358101 4.866546 7.712057
v 0.334707 5.151784 7.453567
v 0.336931 5.121255 7.524634
v 0.350262 5.119033 7.425242
v 0.355759 5.016882 7.617069
v 0.208995 5.062199 7.402692
v 0.216945 4.870229 7.713433
v 0.248142 5.152289 7.454411
v 0.250366 5.122727 7.525478
v 0.292559 5.183036 7.437997
v 0.295400 5.146851 7.527251
v 0.277027 5.093610 7.302518
v 0.289927 4.795411 7.806693
v 0.223149 5.118269 7.426482
v 0.228646 5.019380 7.618309
v 0.294736 4.996326 7.675950
v 0.285709 5.154924 7.361162
v 0.364730 4.977216 7.557275
v 0.337661 5.138480 7.487050
v 0.294455 5.176371 7.476955
v 0.362352 5.070110 7.521868
v 0.202401 4.980577 7.558857
v 0.247452 5.139096 7.487931
v 0.216171 5.072038 7.523293
v -0.180231 4.668272 5.218474
v -0.221384 4.697848 5.775993
v -0.143077 4.923280 5.301087
v -0.152617 4.948120 5.429061
v -0.175681 4.799205 5.258754
v -0.201294 4.851929 5.604755
v 0.083961 4.664649 5.229297
v 0.042808 4.689247 5.786421
v 0.018940 4.927653 5.308843
v 0.009401 4.962132 5.436932
v -0.060257 4.963847 5.274674
v -0.072248 5.005558 5.435615
v -0.035464 4.638149 5.047736
v -0.101787 4.705011 5.949944
v 0.062229 4.807651 5.269580
v 0.036616 4.855341 5.614212
v -0.090309 4.892459 5.714254
v -0.048350 4.807855 5.148076
v -0.220643 4.694183 5.498325
v -0.150997 4.937564 5.360371
v -0.065618 5.003805 5.342779
v -0.206381 4.821580 5.432946
v 0.083178 4.686066 5.509660
v 0.017841 4.947950 5.368479
v 0.067215 4.829124 5.444369
v -0.215472 4.502416 4.315877
v -0.216532 4.644091 4.723680
v -0.174699 4.762224 4.134551
v -0.175245 4.796156 4.215979
v -0.209975 4.623248 4.224011
v -0.211069 4.723640 4.458586
v 0.063158 4.481553 4.313663
v 0.062097 4.603605 4.721467
v -0.003828 4.744899 4.133193
v -0.004374 4.777596 4.214622
v -0.090510 4.812087 4.064390
v -0.091232 4.853791 4.165251
v -0.075817 4.476636 4.184209
v -0.077538 4.671036 4.844902
v 0.040936 4.601094 4.222018
v 0.039842 4.690260 4.456593
v -0.086591 4.779452 4.503630
v -0.084791 4.622315 4.118871
v -0.236901 4.563235 4.520854
v -0.178713 4.781508 4.168262
v -0.091538 4.859755 4.084095
v -0.229184 4.655765 4.348711
v 0.083522 4.534816 4.518307
v -0.000649 4.763130 4.166847
v 0.059363 4.630373 4.346418
v 0.376852 5.029944 6.780069
v 0.386960 5.150070 7.163885
v 0.357955 5.133977 6.839445
v 0.360774 5.191936 6.926902
v 0.377076 5.076602 6.806624
v 0.384052 5.205383 7.043092
v 0.202680 5.029583 6.781657
v 0.212788 5.149175 7.165473
v 0.251143 5.138375 6.840419
v 0.253962 5.196237 6.927875
v 0.305957 5.162242 6.819039
v 0.309559 5.226706 6.928838
v 0.286530 5.043864 6.657981
v 0.302930 5.155470 7.280721
v 0.220231 5.080753 6.808053
v 0.227207 5.208854 7.044523
v 0.308829 5.253610 7.114938
v 0.297374 5.082352 6.726898
v 0.394991 5.080920 6.972713
v 0.361635 5.160491 6.880646
v 0.308347 5.194232 6.866578
v 0.392088 5.130148 6.925915
v 0.194694 5.077801 6.974538
v 0.250326 5.164952 6.881661
v 0.211716 5.133812 6.927559
v 1.278426 3.936977 4.424080
v 1.233633 3.943387 4.732744
v 1.315043 4.109498 4.321797
v 1.308447 4.116095 4.385821
v 1.306831 4.014358 4.374729
v 1.284471 4.020762 4.556100
v 1.096464 3.993284 4.375929
v 1.051672 4.008700 4.684594
v 1.203454 4.142083 4.292269
v 1.196858 4.148287 4.356292
v 1.276340 4.165983 4.262832
v 1.268488 4.175501 4.342427
v 1.201785 3.956403 4.300787
v 1.129110 3.993984 4.801538
v 1.142971 4.062933 4.331369
v 1.120611 4.076329 4.512740
v 1.203515 4.060929 4.574917
v 1.240154 4.047778 4.277390
v 1.269577 3.938724 4.583333
v 1.315629 4.115469 4.349758
v 1.280170 4.192021 4.283225
v 1.305912 4.012043 4.473062
v 1.060321 4.014599 4.527960
v 1.199342 4.149688 4.318986
v 1.117473 4.073672 4.423198
v -0.357824 4.617955 4.725641
v -0.317800 4.679622 5.203117
v -0.303724 4.833519 4.678964
v -0.294737 4.826055 4.783636
v -0.347131 4.709822 4.702819
v -0.322664 4.721822 4.991404
v -0.051529 4.630460 4.703474
v -0.011505 4.674408 5.178279
v -0.115887 4.850737 4.665370
v -0.106900 4.841559 4.770043
v -0.212738 4.922065 4.623905
v -0.201470 4.924985 4.754708
v -0.217491 4.657758 4.560274
v -0.152552 4.765243 5.332611
v -0.071307 4.730106 4.682857
v -0.046840 4.731412 4.970490
v -0.177675 4.793857 5.055286
v -0.217822 4.779226 4.583500
v -0.360695 4.595560 4.968397
v -0.303633 4.831128 4.725886
v -0.208448 4.947577 4.668465
v -0.355394 4.689482 4.853195
v -0.008456 4.606047 4.941770
v -0.107888 4.847963 4.711720
v -0.038196 4.709991 4.829370
v 1.084051 4.069388 4.714928
v 1.052137 4.226796 5.079883
v 1.062924 4.295758 4.670623
v 1.056790 4.334999 4.750595
v 1.086283 4.165307 4.693378
v 1.068272 4.257000 4.913553
v 0.846503 4.227263 4.692866
v 0.814589 4.284982 5.058591
v 0.917247 4.374948 4.657016
v 0.911113 4.372102 4.736894
v 0.996556 4.380667 4.625212
v 0.988991 4.399086 4.725165
v 0.975495 4.162160 4.585819
v 0.923714 4.339282 5.178190
v 0.872367 4.296225 4.673655
v 0.854356 4.301446 4.893682
v 0.958324 4.343469 4.960271
v 0.987863 4.253886 4.599049
v 1.085839 4.120444 4.900564
v 1.063599 4.314173 4.706398
v 0.995730 4.415521 4.658501
v 1.092628 4.195028 4.808312
v 0.812659 4.214967 4.876180
v 0.911788 4.374671 4.692233
v 0.846624 4.281606 4.786070
v 0.868594 4.433174 5.199103
v 0.830331 4.537447 5.547760
v 0.845237 4.586812 5.207523
v 0.836999 4.623480 5.285807
v 0.865890 4.509438 5.203701
v 0.843013 4.595180 5.416883
v 0.701423 4.442563 5.183389
v 0.663160 4.561255 5.532845
v 0.742719 4.599054 5.198760
v 0.734480 4.637961 5.276947
v 0.798155 4.610949 5.176325
v 0.787869 4.658991 5.274389
v 0.797258 4.394489 5.078227
v 0.735177 4.576781 5.645604
v 0.715350 4.522786 5.190479
v 0.692472 4.614709 5.403686
v 0.761885 4.643886 5.470812
v 0.799419 4.500969 5.120631
v 0.861915 4.488797 5.375627
v 0.843787 4.605506 5.243373
v 0.794881 4.642826 5.214025
v 0.865374 4.548228 5.313222
v 0.669668 4.508784 5.358302
v 0.736952 4.619143 5.234180
v 0.692253 4.568499 5.298214
v -0.172073 4.961092 6.768257
v -0.198891 5.121830 7.151278
v -0.148652 5.090197 6.828544
v -0.154831 5.163862 6.915807
v -0.169313 5.016240 6.794867
v -0.185935 5.162173 7.030827
v 0.002028 4.983017 6.777339
v -0.024790 5.126866 7.160360
v -0.041883 5.086590 6.834114
v -0.048062 5.159163 6.921376
v -0.094190 5.105617 6.810429
v -0.101957 5.204771 6.919983
v -0.076437 4.984180 6.650171
v -0.119948 5.139708 7.271621
v -0.012532 5.028016 6.803044
v -0.029154 5.172743 7.039006
v -0.112691 5.217425 7.105867
v -0.085414 5.019577 6.718661
v -0.198599 5.033194 6.959940
v -0.153905 5.122181 6.869552
v -0.097846 5.156100 6.857838
v -0.189428 5.083146 6.913402
v 0.001617 5.048812 6.970383
v -0.042642 5.117520 6.875357
v -0.009130 5.094125 6.922806
v -0.170799 5.092462 7.390105
v -0.192773 4.922338 7.700202
v -0.151947 5.179180 7.443094
v -0.157016 5.156222 7.514005
v -0.168632 5.146551 7.414076
v -0.182260 5.064384 7.605492
v -0.029711 5.087516 7.397556
v -0.051686 4.914860 7.707653
v -0.065424 5.175926 7.447663
v -0.070493 5.152164 7.518574
v -0.107820 5.204745 7.429381
v -0.114191 5.177680 7.518437
v -0.093220 5.109335 7.294551
v -0.128873 4.849223 7.797681
v -0.041580 5.141962 7.420785
v -0.055208 5.057782 7.612201
v -0.122964 5.041019 7.666962
v -0.100601 5.172078 7.352849
v -0.192417 5.026673 7.545286
v -0.156234 5.169856 7.476422
v -0.110823 5.202099 7.468235
v -0.185009 5.109614 7.510090
v -0.030166 5.019020 7.553853
v -0.066068 5.165972 7.481184
v -0.038900 5.102813 7.517804
v 0.870549 4.489604 5.624151
v 0.829509 4.529637 5.929242
v 0.838184 4.638517 5.665173
v 0.829000 4.650048 5.734834
v 0.864045 4.563544 5.645551
v 0.839003 4.594120 5.833753
v 0.689572 4.521901 5.607392
v 0.648532 4.539374 5.911919
v 0.727199 4.660177 5.654914
v 0.718015 4.670413 5.724463
v 0.785780 4.675090 5.643543
v 0.774270 4.691804 5.730955
v 0.793200 4.504141 5.518477
v 0.726613 4.575171 6.013293
v 0.701072 4.593947 5.630544
v 0.676030 4.609437 5.818310
v 0.750340 4.631061 5.883366
v 0.791431 4.588675 5.574853
v 0.863511 4.501347 5.778325
v 0.836370 4.645365 5.697683
v 0.781395 4.694280 5.680425
v 0.863535 4.570611 5.741482
v 0.655388 4.521805 5.758718
v 0.720712 4.667853 5.686939
v 0.676116 4.598853 5.723970
v 0.409968 4.719486 5.837063
v 0.444918 4.866599 6.258934
v 0.392430 4.893771 5.952429
v 0.401082 4.916637 6.051355
v 0.412556 4.816432 5.894960
v 0.435087 4.899863 6.158957
v 0.202808 4.717081 5.848933
v 0.237758 4.884871 6.271212
v 0.265389 4.902799 5.959484
v 0.274040 4.925566 6.058561
v 0.329624 4.936790 5.943812
v 0.340568 4.970058 6.068485
v 0.295199 4.741979 5.708966
v 0.351905 4.997862 6.394607
v 0.226005 4.823883 5.905649
v 0.248535 4.902912 6.169882
v 0.350056 4.998224 6.251192
v 0.313073 4.850101 5.817338
v 0.443058 4.729908 6.046927
v 0.399323 4.900944 5.998880
v 0.335477 4.960107 6.001310
v 0.437558 4.833240 6.025394
v 0.204824 4.758550 6.060943
v 0.266933 4.910749 6.006354
v 0.223024 4.841335 6.037920
v -0.596554 4.557115 5.602311
v -0.569906 4.568144 5.907588
v -0.558592 4.703999 5.644285
v -0.552327 4.714995 5.714120
v -0.587250 4.631080 5.623965
v -0.570552 4.650886 5.812413
v -0.414816 4.575214 5.591404
v -0.388168 4.587730 5.896620
v -0.447140 4.715120 5.637603
v -0.440875 4.726269 5.707415
v -0.503685 4.737447 5.624291
v -0.495796 4.752975 5.712002
v -0.514217 4.566433 5.499081
v -0.470980 4.604757 5.994680
v -0.423592 4.647815 5.614159
v -0.406894 4.668908 5.802565
v -0.483288 4.699136 5.864798
v -0.510692 4.652215 5.555540
v -0.596801 4.554720 5.756424
v -0.558013 4.710968 5.676801
v -0.500110 4.756104 5.661264
v -0.591196 4.632921 5.719706
v -0.387802 4.576958 5.743897
v -0.441869 4.722586 5.669813
v -0.402989 4.652833 5.708381
v -0.157458 4.918674 6.293929
v -0.188473 4.978249 6.609829
v -0.136616 5.080522 6.428504
v -0.143910 5.079302 6.506021
v -0.156347 5.018317 6.365046
v -0.175785 5.029383 6.567743
v 0.020198 4.962701 6.303119
v -0.010817 5.000271 6.619970
v -0.027667 5.094418 6.434413
v -0.034961 5.088835 6.512066
v -0.081397 5.114993 6.433097
v -0.090582 5.107340 6.531273
v -0.058700 4.887991 6.198547
v -0.109022 4.958009 6.711801
v 0.003636 5.050857 6.373529
v -0.015802 5.046440 6.576797
v -0.102125 5.034256 6.645493
v -0.070225 5.026878 6.312092
v -0.186359 4.986513 6.451049
v -0.142446 5.081609 6.464958
v -0.085861 5.121079 6.481979
v -0.178040 5.036387 6.463547
v 0.017946 5.020764 6.462186
v -0.028911 5.093976 6.471204
v 0.005941 5.062048 6.473624
v 0.659627 4.506157 4.746858
v 0.608405 4.622014 5.217769
v 0.620036 4.658327 4.698842
v 0.609277 4.666125 4.802612
v 0.656226 4.569333 4.723651
v 0.625992 4.623223 5.009198
v 0.354227 4.542143 4.712205
v 0.303005 4.639083 5.183735
v 0.432748 4.711493 4.677176
v 0.421989 4.722779 4.781253
v 0.533091 4.742009 4.639955
v 0.519692 4.763539 4.769953
v 0.523326 4.548601 4.576215
v 0.440219 4.733820 5.341690
v 0.381208 4.616463 4.692595
v 0.350973 4.649542 4.978267
v 0.481334 4.729537 5.068167
v 0.530935 4.628564 4.599613
v 0.656807 4.501179 4.986941
v 0.619384 4.659824 4.745647
v 0.529428 4.771447 4.684343
v 0.661102 4.559989 4.873630
v 0.305597 4.525298 4.948528
v 0.424211 4.720608 4.723170
v 0.344830 4.599020 4.837612
v -0.780481 4.397417 4.675772
v -0.756399 4.347002 5.046646
v -0.747634 4.553501 4.631948
v -0.742665 4.537883 4.712350
v -0.776846 4.469481 4.653963
v -0.762761 4.424679 4.876857
v -0.541803 4.390850 4.663366
v -0.517721 4.369331 5.034241
v -0.601263 4.557051 4.624340
v -0.596295 4.542490 4.704742
v -0.677990 4.606193 4.589179
v -0.671814 4.588481 4.689598
v -0.668852 4.424076 4.550435
v -0.629779 4.405425 5.150985
v -0.561912 4.469058 4.642791
v -0.547827 4.439765 4.865685
v -0.652165 4.450408 4.928283
v -0.675269 4.509298 4.563261
v -0.786287 4.354114 4.863588
v -0.748648 4.549635 4.667776
v -0.676541 4.619674 4.622516
v -0.785578 4.439415 4.769676
v -0.511808 4.366618 4.849321
v -0.596115 4.553597 4.659848
v -0.538404 4.449102 4.756829
v -0.145666 4.781598 5.830192
v -0.205688 4.877314 6.248270
v -0.125629 4.966534 5.945270
v -0.139622 4.975023 6.043514
v -0.146436 4.886114 5.887607
v -0.183874 4.918717 6.149473
v 0.060848 4.776464 5.847950
v 0.000825 4.915924 6.267912
v 0.001016 4.967962 5.956508
v -0.012976 4.989099 6.055002
v -0.060283 5.005600 5.938701
v -0.077888 5.024921 6.062600
v -0.023192 4.814816 5.705715
v -0.120579 4.980342 6.386307
v 0.039533 4.884647 5.903836
v 0.002095 4.959459 6.166717
v -0.102824 4.998058 6.244139
v -0.041385 4.921456 5.813231
v -0.191299 4.769904 6.038020
v -0.134983 4.971463 5.991321
v -0.068481 5.024549 5.995818
v -0.179119 4.883343 6.016687
v 0.046191 4.818682 6.059555
v -0.003006 4.975544 6.003174
v 0.034745 4.902258 6.035938
v -0.661449 4.247773 4.288334
v -0.629843 4.330388 4.617599
v -0.641651 4.468797 4.139589
v -0.635542 4.492238 4.205361
v -0.663644 4.352191 4.213894
v -0.645757 4.416768 4.403329
v -0.436951 4.225533 4.269646
v -0.405346 4.312469 4.598911
v -0.503976 4.454907 4.128129
v -0.497868 4.476824 4.193901
v -0.579081 4.511122 4.077866
v -0.571542 4.540469 4.159338
v -0.559318 4.226802 4.173573
v -0.508039 4.348697 4.707804
v -0.461480 4.331224 4.197066
v -0.443594 4.392730 4.386500
v -0.541627 4.452020 4.432155
v -0.570962 4.353920 4.121434
v -0.662413 4.289353 4.455101
v -0.642150 4.482998 4.167050
v -0.578172 4.549104 4.093849
v -0.669194 4.374872 4.315725
v -0.404241 4.257252 4.433610
v -0.498679 4.468018 4.155107
v -0.436706 4.347354 4.296371
v -0.962157 4.217601 4.391876
v -0.936167 4.304852 4.694324
v -0.981293 4.379827 4.250773
v -0.977925 4.397128 4.313185
v -0.981903 4.292507 4.323396
v -0.969583 4.341510 4.500512
v -0.775435 4.237140 4.357856
v -0.749501 4.329199 4.659296
v -0.866733 4.387365 4.230844
v -0.863338 4.402377 4.293736
v -0.936380 4.418986 4.186723
v -0.932428 4.438049 4.264798
v -0.877338 4.218536 4.274025
v -0.835032 4.348250 4.767235
v -0.813759 4.310354 4.292707
v -0.801436 4.359140 4.469869
v -0.887607 4.390465 4.518103
v -0.907781 4.309628 4.227654
v -0.962949 4.246124 4.549230
v -0.983106 4.389882 4.277161
v -0.940045 4.444339 4.201933
v -0.986811 4.306473 4.420853
v -0.748275 4.273460 4.509085
v -0.863705 4.396191 4.256717
v -0.793459 4.328135 4.385323
v 0.962397 4.009142 4.323277
v 0.934090 4.095660 4.651253
v 0.958903 4.246133 4.174031
v 0.954321 4.285797 4.239573
v 0.972762 4.112180 4.249107
v 0.958032 4.182961 4.437840
v 0.739102 4.115066 4.294953
v 0.710794 4.201547 4.622929
v 0.821965 4.284060 4.156662
v 0.817383 4.309758 4.222203
v 0.899617 4.315818 4.109685
v 0.894087 4.347094 4.190876
v 0.859812 4.036304 4.204112
v 0.813884 4.188395 4.735964
v 0.771680 4.191951 4.223601
v 0.756950 4.259326 4.412334
v 0.857046 4.265921 4.462252
v 0.881189 4.158683 4.152683
v 0.964928 4.048128 4.490119
v 0.960360 4.270727 4.201534
v 0.901052 4.349826 4.125680
v 0.979413 4.142245 4.351201
v 0.708138 4.162734 4.457547
v 0.817658 4.298913 4.183433
v 0.748169 4.220425 4.321868
v -0.577513 4.497150 5.174169
v -0.551934 4.602269 5.527275
v -0.545642 4.650189 5.184353
v -0.539798 4.682290 5.263502
v -0.570527 4.577157 5.179810
v -0.554745 4.655874 5.395417
v -0.409772 4.503407 5.164711
v -0.384194 4.608052 5.517628
v -0.442774 4.651105 5.178369
v -0.436931 4.683436 5.257473
v -0.495672 4.667704 5.154087
v -0.488333 4.709477 5.253295
v -0.501831 4.476175 5.054764
v -0.460331 4.637673 5.628244
v -0.419473 4.580583 5.170909
v -0.403692 4.658693 5.386514
v -0.474438 4.696561 5.451974
v -0.500336 4.576228 5.098039
v -0.577247 4.552247 5.353029
v -0.545135 4.667438 5.220539
v -0.492664 4.696881 5.192126
v -0.573896 4.613827 5.290505
v -0.384345 4.562009 5.342152
v -0.437937 4.668486 5.214256
v -0.400184 4.618765 5.280393
v 1.051111 4.274186 5.169396
v 0.972414 4.394039 5.452330
v 1.045900 4.431495 5.192082
v 1.029301 4.465512 5.256273
v 1.055689 4.355061 5.182290
v 1.009138 4.439794 5.356221
v 0.919413 4.335825 5.140909
v 0.840716 4.437919 5.423278
v 0.965135 4.462154 5.174588
v 0.948537 4.495301 5.238747
v 1.015426 4.462727 5.165210
v 0.994746 4.505011 5.245725
v 1.010457 4.259185 5.063914
v 0.882772 4.436576 5.522825
v 0.937093 4.403475 5.156662
v 0.890542 4.481221 5.330285
v 0.938682 4.493260 5.394470
v 1.015051 4.364060 5.109217
v 1.021464 4.340640 5.314037
v 1.040413 4.448502 5.222007
v 1.009462 4.490947 5.197907
v 1.040371 4.393653 5.272453
v 0.870012 4.397645 5.280961
v 0.956248 4.480171 5.203771
v 0.903985 4.444857 5.242770
v 1.236033 3.979327 4.834448
v 1.174099 4.113332 5.148285
v 1.252957 4.116991 4.803074
v 1.241366 4.147391 4.871692
v 1.253065 4.040202 4.820504
v 1.218565 4.125940 5.009691
v 1.080603 4.027729 4.798345
v 1.018669 4.178733 5.114039
v 1.157638 4.154646 4.780945
v 1.146047 4.187791 4.849619
v 1.219007 4.159254 4.760656
v 1.204755 4.198619 4.846492
v 1.178147 4.000299 4.714507
v 1.077659 4.220765 5.225758
v 1.113098 4.095454 4.788058
v 1.078598 4.171310 4.978069
v 1.143583 4.196712 5.043472
v 1.200159 4.066457 4.732573
v 1.216586 4.022295 4.995585
v 1.250508 4.130927 4.834171
v 1.218042 4.187187 4.790102
v 1.244803 4.068794 4.920460
v 1.037841 4.070456 4.953984
v 1.151177 4.173344 4.811181
v 1.083841 4.118586 4.883139
v -0.913691 4.612213 8.772113
v -0.824721 4.275961 8.886757
v -0.987728 4.728628 8.600721
v -1.138525 4.768488 8.384506
v -1.305718 4.689703 8.147694
v -1.351475 4.534573 7.979212
v -1.334542 4.365322 7.964503
v -0.775265 4.075047 8.798418
v -1.414225 4.230794 8.067630
v -0.799348 3.991925 8.734702
v -1.490109 4.145067 8.267285
v -1.438158 4.036320 8.488393
v -1.283106 3.973365 8.660085
v -1.088319 3.946871 8.723307
v -0.892571 3.954179 8.707349
v -0.872410 4.455520 8.851808
v -0.926083 4.836031 8.598688
v -1.072832 4.848853 8.310862
v -1.448122 3.879373 8.416496
v -1.279088 3.825917 8.600510
v -0.706852 4.276689 8.941292
v -0.674632 4.045602 8.845915
v -1.420293 4.582291 7.890914
v -1.365909 4.363215 7.885859
v -1.280131 4.768305 8.069159
v -0.769635 4.546398 8.888803
v -0.837052 4.709395 8.790477
v -1.407202 4.153306 7.982153
v -1.505938 4.004084 8.175705
v -0.736556 3.950179 8.741707
v -1.060769 3.840400 8.664238
v -0.860260 3.880477 8.693093
v -1.463312 3.867575 8.070088
v -1.408962 3.739981 8.340795
v -0.458676 4.725935 8.630141
v -0.561466 4.901038 8.374442
v -1.077362 4.857007 7.831034
v -1.338966 4.637931 7.671912
v -0.482425 4.027873 8.858869
v -0.577886 3.858994 8.792639
v -0.416136 4.270742 8.901568
v -0.380104 4.532511 8.849663
v -0.802607 4.934843 8.080432
v -1.403255 4.320312 7.710599
v -1.414863 4.063560 7.828640
v -1.255628 3.674550 8.556656
v -1.064027 3.683440 8.683680
v -0.791922 3.759035 8.768368
v -1.217497 4.605305 7.533431
v -1.361815 4.259935 7.590876
v -0.250635 4.014888 8.841766
v -0.413827 3.797036 8.855243
v -0.314826 4.796874 8.140647
v -0.599362 4.943819 7.883504
v -1.560058 3.742997 8.023075
v -1.541704 3.555992 8.360983
v -1.458035 3.978206 7.731366
v -1.327577 3.510144 8.634213
v -1.070682 3.531420 8.783763
v -0.735456 3.637098 8.861446
v -0.272243 4.586639 8.440388
v -0.211332 4.241654 8.826341
v -0.216587 4.431889 8.675809
v -0.888307 4.859313 7.654253
v -1.431284 3.945929 8.128394
v -1.399011 4.125043 7.932713
v -1.405393 4.348972 7.812424
v -1.403688 4.615901 7.806198
v -1.211023 4.827340 7.969096
v -0.964195 4.893883 8.219361
v -0.778385 4.921264 8.518910
v -0.648257 4.826505 8.804977
v -0.596569 4.548265 8.933857
v -0.578815 4.279611 8.964535
v -0.594769 4.046829 8.868206
v -0.672212 3.913064 8.768489
v -0.831006 3.820951 8.718064
v -1.045827 3.763233 8.655016
v -1.257658 3.753587 8.559064
v -1.419198 3.817780 8.372483
v -1.351733 4.002065 7.195502
v -1.413090 4.066871 7.375818
v -1.394972 4.427928 7.308410
v -1.396741 4.358358 7.125113
v -1.473175 4.632545 7.156389
v -1.474580 4.486244 7.071451
v -1.512592 4.659219 6.956040
v -1.486268 4.483387 6.982530
v -1.518277 4.494746 6.821497
v -1.453106 4.408947 6.917593
v -1.479261 4.320142 6.789046
v -1.387163 4.263785 6.898495
v -1.483743 4.010093 6.834646
v -1.407887 3.907456 6.975516
v -1.478570 3.707058 7.301582
v -1.552251 3.772113 7.468754
v -1.612746 3.587054 7.050190
v -1.534075 3.545825 7.178247
v -1.876478 3.242815 7.670596
v -1.910924 3.289651 7.852299
v -1.857297 3.112638 7.387764
v -1.823636 3.128840 7.488699
v -1.965633 2.835175 7.996309
v -1.987519 2.885326 8.178602
v -1.907951 2.628351 7.740146
v -1.873927 2.739765 7.844941
v -1.831730 2.500109 8.439116
v -1.904196 2.639284 8.521899
v -1.636724 2.289752 8.999647
v -1.761718 2.452785 9.104813
v -1.568437 2.356064 9.529876
v -1.626908 2.524197 9.567144
v -1.740962 2.277405 8.169780
v -1.689360 2.421902 8.238132
v -1.534338 2.010985 8.888007
v -1.556004 2.196524 8.850656
v -1.445646 2.120099 9.453888
v -1.468729 2.230825 9.435546
v -1.448408 2.413363 9.913628
v -1.529538 2.577867 9.969938
v -1.366289 2.156538 9.896763
v -1.361072 2.269296 9.880773
v -1.363783 2.348893 10.282778
v -1.455168 2.507189 10.343796
v -1.330667 2.127471 10.246976
v -1.309348 2.262860 10.249529
v -1.194192 1.860658 10.729150
v -1.171114 1.975401 10.803405
v -1.227425 2.106959 10.781630
v -1.311218 2.239413 10.868128
v -1.117388 1.941716 11.188300
v -1.175427 2.059656 11.281172
v -1.107546 1.727227 11.180664
v -1.068406 1.824323 11.220182
v -1.020520 1.874362 11.534703
v -1.070122 1.965762 11.576584
v -1.018120 1.645595 11.534821
v -0.983774 1.774446 11.522439
v -0.956606 1.940040 11.821634
v -1.019156 2.043079 11.851484
v -0.897971 1.731553 11.924758
v -0.858331 1.839129 11.889329
v -0.904096 2.067001 12.105334
v -0.946334 2.193658 12.127887
v -0.879477 1.888933 12.198366
v -0.841569 1.990760 12.171324
v -0.852529 2.210442 12.400766
v -0.866603 2.347859 12.424408
v -0.870764 2.053234 12.504015
v -0.788501 2.142403 12.493522
v -0.870924 2.307073 12.773726
v -0.832577 2.439535 12.805712
v -0.862734 2.125154 12.782043
v -0.835247 2.204577 12.781395
v -0.826303 2.295750 13.122858
v -0.816542 2.431723 13.155304
v -0.816129 2.066941 13.142439
v -0.780675 2.145264 13.135233
v -0.868913 2.243682 13.478564
v -0.893628 2.415360 13.498670
v -0.901959 2.005033 13.518091
v -0.836482 2.065656 13.499157
v -0.908207 2.159063 13.795048
v -1.027523 2.283535 13.789227
v -0.916007 1.976462 13.792834
v -0.852545 2.022560 13.797109
v -0.883817 2.102722 14.079886
v -0.940040 2.191439 14.081905
v -0.875917 1.946758 14.119930
v -0.833562 2.020350 14.090511
v -0.772396 2.161980 14.307302
v -0.767850 2.250682 14.346657
v -0.861371 2.014216 14.384514
v -0.814331 2.090448 14.336020
v -0.605341 2.220535 14.469090
v -0.611858 2.302333 14.507770
v -0.621250 2.056410 14.547204
v -0.612242 2.121284 14.499142
v -0.382493 2.260442 14.559891
v -0.391295 2.360026 14.594663
v -0.432095 2.055584 14.653149
v -0.399108 2.143674 14.602509
v -1.757916 2.396101 8.697265
v -1.851116 2.543735 8.783098
v -1.619770 2.146699 8.503968
v -1.601326 2.300666 8.538753
v -1.138045 3.897235 7.095576
v -1.386642 3.594888 7.241330
v -1.217876 4.267149 7.016001
v -1.738964 3.190140 7.571886
v -1.834950 2.780004 7.910134
v -1.718337 2.489345 8.310854
v -1.616038 2.346823 8.617814
v -1.531572 2.262254 8.948450
v -1.449761 2.290379 9.460429
v -1.332488 2.346382 9.890288
v -1.250655 2.296386 10.267481
v -1.136580 2.054405 10.775725
v -1.021746 1.893254 11.190192
v -0.934236 1.817466 11.527063
v -0.845184 1.907667 11.838067
v -0.798701 2.027638 12.127198
v -0.752396 2.183501 12.441050
v -0.787161 2.265856 12.776675
v -0.727886 2.228340 13.131434
v -0.749308 2.154669 13.490452
v -0.802938 2.089475 13.799269
v -0.826212 2.074672 14.076272
v -0.732189 2.122654 14.308889
v -0.544484 2.162872 14.466506
v -0.327682 2.193527 14.561024
v -0.928899 2.801577 13.914479
v -1.008649 2.594073 14.056024
v -0.916960 2.383516 14.205908
v -0.826244 2.486945 14.234525
v -0.778047 2.329401 14.356814
v -0.381143 2.530659 14.563106
v -0.299982 2.713993 14.408124
v -0.289623 2.832889 14.224813
v -0.405712 2.766757 14.198717
v -0.558627 2.883025 14.030318
v -0.598446 2.371425 14.522968
v -0.736705 2.952952 13.887215
v -0.352729 3.589010 8.971117
v -0.693393 3.461821 9.030049
v -1.148732 3.329924 8.951169
v -1.452088 3.327671 8.695687
v -1.712235 3.382345 8.332829
v -1.716634 3.601931 7.913479
v -1.517256 3.877186 7.649713
v -0.371727 3.368403 9.245974
v -0.754521 3.331206 9.208702
v -1.177512 3.226142 9.075903
v -1.619121 3.112276 8.784382
v -1.881827 3.176017 8.293053
v -0.197826 4.877772 7.872209
v -0.352397 4.978901 7.634689
v -0.720492 4.889962 7.422997
v -1.324170 4.492254 7.416522
v -1.397973 4.174703 7.485320
v -1.958835 2.974524 8.295660
v -1.903410 2.852143 8.668744
v -1.842106 2.749848 8.949891
v -1.563622 2.978867 9.139597
v -0.383708 3.254365 9.488990
v -0.749592 3.222165 9.432573
v -1.149294 3.121786 9.314718
v -1.343660 4.764608 7.224611
v -1.368481 4.823720 6.896784
v -1.461684 4.585776 6.687186
v -1.485973 4.359630 6.627771
v -1.566657 3.974773 6.673987
v -1.728151 3.535533 6.855627
v -1.922931 3.030007 7.173872
v -1.931169 2.457151 7.558568
v -1.721724 2.036146 7.989110
v -1.451826 1.854002 8.380071
v -1.354907 1.754692 8.819530
v -1.308757 1.809165 9.483117
v -1.296307 1.889219 9.917537
v -1.278346 1.821021 10.271548
v -1.173009 1.665014 10.678229
v -1.097415 1.555033 11.138796
v -1.021820 1.536077 11.577741
v -0.957221 1.607229 11.967190
v -0.949309 1.753762 12.281731
v -0.982534 1.833974 13.509705
v -0.910067 1.785722 13.802274
v -0.946036 1.886534 13.170106
v -0.960775 1.895085 12.859971
v -0.969651 1.867843 12.576835
v -0.822538 1.754784 14.068199
v -0.767615 1.790136 14.321281
v -0.588745 1.828883 14.530642
v -0.386717 1.849182 14.659252
v -1.081483 4.855358 7.305967
v -0.983885 4.996034 6.990859
v -0.305502 5.103246 7.229712
v -0.634902 4.989183 7.093952
v -0.251784 5.109051 6.751637
v -0.552511 5.012691 6.693387
v -0.822034 4.923652 6.617153
v -1.065614 4.795228 6.537792
v -1.194646 4.593716 6.408774
v 0.000000 4.847393 5.975374
v -0.534296 4.649894 5.912234
v -1.165708 4.436511 5.844017
v -1.388205 4.318433 6.354571
v -1.572332 3.888307 6.388299
v -1.707829 3.370729 6.536166
v -1.902531 2.768103 6.778889
v -1.868548 2.197084 7.230821
v -1.576818 1.854398 7.641132
v -1.305914 1.648865 8.157776
v -1.212041 1.566670 8.780881
v -1.171135 1.632374 9.508510
v -1.146410 1.655791 9.925439
v -1.112152 1.593627 10.261925
v -1.043218 1.458514 10.613991
v -0.937931 1.333295 11.127563
v -0.867521 1.319516 11.565692
v -0.920400 1.414653 12.036537
v -0.960579 1.505052 12.348520
v -0.987382 1.586115 12.618442
v -0.854633 1.637462 13.481666
v -0.762750 1.634325 13.747412
v -0.914087 1.646683 13.222147
v -0.989286 1.643060 12.880416
v -0.666680 1.627773 13.996857
v -0.508128 1.663914 14.217412
v -0.398641 1.680762 14.454866
v -0.285773 1.721697 14.576941
v -0.532627 3.139084 9.944454
v -0.699899 3.165570 9.683313
v -1.097980 3.071152 9.598295
v -1.486505 2.910903 9.431737
v -1.768017 2.636871 9.207522
v -0.688593 2.552636 13.116158
v -0.731834 2.598412 13.387199
v -0.686058 2.534867 12.776051
v -0.764693 2.483769 12.409370
v -0.894266 2.362784 12.090785
v -1.009220 2.232042 11.847921
v -1.085305 2.207998 11.610208
v -1.147849 2.258931 11.310721
v -1.292586 2.442432 10.891085
v -1.436852 2.657150 10.378322
v -1.494835 2.724150 9.982470
v -1.617086 2.659596 9.563268
v -1.383860 2.898507 9.768303
v -1.010878 3.054632 9.905109
v -0.507340 3.067328 10.326082
v -0.955394 3.015046 10.256422
v -1.316041 2.889739 10.136688
v -0.486271 2.944930 10.667248
v -0.883031 2.907345 10.618493
v -1.242190 2.790812 10.516569
v -0.555203 2.614882 11.255508
v -0.765383 2.722907 10.961566
v -0.922037 2.473441 11.280173
v -1.093770 2.625243 10.930615
v -0.519625 2.517393 11.635772
v -0.875935 2.411776 11.602442
v -0.419174 2.579849 13.080336
v -0.430342 2.648486 13.352343
v -0.420927 2.536051 12.749237
v -0.471807 2.565627 12.389964
v -0.582500 2.506744 11.999148
v -0.877825 2.397291 11.835294
v -0.444897 2.792612 13.524028
v -0.452102 2.933846 13.687993
v -0.764281 2.869609 13.710612
v -0.979557 2.707299 13.790026
v -1.081950 2.470950 13.940282
v -0.736606 2.711059 13.566362
v -0.454815 2.989908 13.920427
v -1.077998 2.425789 13.790023
v -0.965391 2.565137 13.649724
v -0.428145 2.688905 14.356237
v -0.907665 2.659696 14.093943
v -0.843519 2.796664 14.012341
v -0.696877 2.876480 14.005588
v -0.490080 2.562366 14.486734
v -0.616628 2.466749 14.471926
v -0.727526 2.440049 14.378330
v -0.574242 2.515908 14.198047
v -0.578269 2.598870 14.093650
v -0.591207 2.700005 14.046291
v -1.675042 3.750667 5.764132
v -1.655548 2.420828 6.365417
v -1.643141 1.962803 6.915793
v -1.432623 1.615353 7.504498
v -1.124611 1.349483 8.057236
v -0.994928 1.302737 8.749482
v -0.923993 1.340580 9.361955
v -0.886845 1.364734 9.864483
v -0.851476 1.306687 10.262150
v -0.797004 1.230791 10.655628
v -0.706656 1.182816 11.088243
v -0.566070 1.141932 11.539834
v -0.592795 1.207586 12.036418
v -0.601188 1.278113 12.395915
v -0.629179 1.364738 12.690510
v -0.624128 1.423050 12.920720
v -0.580203 1.473037 13.184791
v -0.519490 1.525994 13.457910
v -0.477110 1.577343 13.715379
v -0.441411 1.614422 13.925350
v -0.397157 1.067671 11.292236
v -0.442476 1.068980 11.022428
v -0.476624 1.065050 10.672381
v -0.503567 1.081961 10.271852
v -0.645426 0.976884 8.068887
v -0.599256 1.057970 8.699447
v -0.525668 1.109548 9.845165
v -0.538902 1.112549 9.303118
v -1.071816 1.135037 7.427682
v -0.580939 0.875374 7.478603
v -1.087012 1.088388 6.903139
v -0.564112 0.773342 6.923522
v -1.338048 1.414988 7.262429
v -1.386473 1.543847 6.855646
v -1.493002 1.698667 6.353383
v -1.105312 1.125949 6.428376
v -0.567057 0.777709 6.469796
v -1.812298 1.593024 5.683904
v -1.895268 2.717924 5.484450
v -1.204994 1.074848 5.816727
v -0.823109 4.379379 8.476432
v -0.802720 4.241785 8.528193
v -0.865372 4.444251 8.407894
v -0.932515 4.461820 8.311492
v -0.985270 4.422284 8.208202
v -1.008264 4.352707 8.137209
v -1.021485 4.300627 8.130795
v -0.777705 4.156862 8.509429
v -1.067161 4.236451 8.184528
v -0.786841 4.114237 8.492345
v -1.072436 4.197847 8.278288
v -1.046962 4.169439 8.374213
v -0.975421 4.142742 8.451836
v -0.911042 4.127777 8.485137
v -0.813437 4.111144 8.487933
v -0.806507 4.315382 8.515656
v -0.857953 4.518154 8.698674
v -0.851951 4.654581 8.568578
v -0.842290 4.735244 8.207638
v -0.840221 4.537040 7.895245
v -0.784426 4.326701 8.765263
v -0.711763 4.489326 8.696144
v -0.660944 4.616915 8.565273
v -0.639706 4.690043 8.392570
v -0.651283 4.697577 8.204331
v -0.693912 4.638372 8.029214
v -0.761103 4.521439 7.893876
v -0.717866 4.285997 8.757947
v -0.588776 4.414116 8.682628
v -0.500254 4.518648 8.547612
v -0.465777 4.583680 8.373456
v -0.490593 4.599311 8.186672
v -0.570925 4.563161 8.015698
v -0.694543 4.480735 7.886560
v -0.673996 4.226389 8.745800
v -0.507716 4.303974 8.660183
v -0.394344 4.374741 8.518287
v -0.351141 4.427917 8.341714
v -0.384683 4.455405 8.157347
v -0.489865 4.453021 7.993252
v -0.650674 4.421127 7.874414
v -0.659496 4.156951 8.730670
v -0.480923 4.175669 8.632227
v -0.359338 4.207103 8.481760
v -0.313250 4.246465 8.302177
v -0.349677 4.287766 8.120819
v -0.463073 4.324716 7.965296
v -0.636174 4.351689 7.859284
v -0.676573 4.088254 8.714861
v -0.512477 4.048734 8.603015
v -0.400565 4.041253 8.443591
v -0.357875 4.066951 8.260864
v -0.390905 4.121917 8.082651
v -0.494627 4.197780 7.936084
v -0.653251 4.282992 7.843474
v -0.722627 4.030757 8.700779
v -0.597574 3.942493 8.576993
v -0.511750 3.902442 8.409595
v -0.478220 3.916705 8.224067
v -0.502089 3.983106 8.048656
v -0.579724 4.091539 7.910063
v -0.699305 4.225495 7.829392
v -0.790647 3.993213 8.690568
v -0.723258 3.873120 8.558125
v -0.675964 3.811804 8.384943
v -0.655964 3.818597 8.197384
v -0.666303 3.892467 8.024003
v -0.705408 4.022167 7.891196
v -0.767325 4.187951 7.819181
v -0.870277 3.981338 8.685783
v -0.870396 3.851178 8.549284
v -0.868208 3.783135 8.373391
v -0.864048 3.787566 8.184880
v -0.858548 3.863798 8.012451
v -0.852545 4.000225 7.882355
v -0.846955 4.176076 7.814396
v -0.949395 3.996940 8.687152
v -1.016586 3.880006 8.551814
v -1.059215 3.820801 8.376696
v -1.070792 3.828335 8.188457
v -1.049554 3.901464 8.015757
v -0.998736 4.029053 7.884884
v -0.926072 4.191678 7.815765
v -1.015955 4.037643 8.694467
v -1.139573 3.955216 8.565331
v -1.219905 3.919067 8.394356
v -1.244721 3.934699 8.207572
v -1.210244 3.999730 8.033417
v -1.121722 4.104262 7.898400
v -0.992632 4.232381 7.823081
v -1.059824 4.097251 8.706614
v -1.220633 4.065358 8.587776
v -1.325815 4.062973 8.423681
v -1.359357 4.090462 8.239315
v -1.316154 4.143637 8.062741
v -1.202782 4.214405 7.920846
v -1.036502 4.291989 7.835227
v -1.074324 4.166689 8.721744
v -1.247425 4.193664 8.615732
v -1.360821 4.230613 8.460209
v -1.397247 4.271913 8.278851
v -1.351160 4.311276 8.099269
v -1.229574 4.342710 7.948802
v -1.051001 4.361428 7.850358
v -1.057247 4.235386 8.737554
v -1.215871 4.320599 8.644944
v -1.319593 4.396462 8.498377
v -1.352623 4.451427 8.320164
v -1.309933 4.477125 8.137437
v -1.198020 4.469645 7.978014
v -1.033924 4.430125 7.866167
v -1.011193 4.292883 8.751636
v -1.130774 4.426839 8.670965
v -1.208409 4.535273 8.532374
v -1.232278 4.601674 8.356962
v -1.198748 4.615936 8.171434
v -1.112924 4.575885 8.004035
v -0.987870 4.487621 7.880249
v -0.943173 4.330428 8.761847
v -1.005090 4.496212 8.689833
v -1.044195 4.625912 8.557026
v -1.054534 4.699781 8.383644
v -1.034534 4.706574 8.196084
v -0.987239 4.645258 8.022902
v -0.919851 4.525165 7.890460
v -0.867871 4.153798 8.762105
v -0.863543 4.342302 8.766631
v -0.846450 4.730812 8.396149
v -0.840102 4.667200 8.031744
v -0.842627 4.364581 7.818923
v 0.000000 2.270678 14.573180
v 0.000000 2.365891 14.594798
v 0.000000 2.071860 14.721217
v 0.000000 2.161443 14.660682
v 0.000000 2.203976 14.592626
v 0.000000 2.702763 14.393709
v 0.000000 2.816097 14.200418
v 0.000000 2.518453 14.558743
v 0.000000 4.214486 8.760101
v 0.000000 4.378258 8.623002
v 0.000000 3.989769 8.846899
v 0.000000 4.666378 8.076985
v 0.000000 4.531033 8.337450
v 0.000000 3.845252 8.882658
v 0.000000 3.589343 8.972347
v 0.000000 3.332775 9.284002
v 0.000000 4.912561 7.879824
v 0.000000 3.247305 9.539020
v 0.000000 1.860295 14.717302
v 0.000000 5.073896 7.683414
v 0.000000 5.180850 7.254885
v 0.000000 5.144305 6.772831
v 0.000000 1.722928 14.570578
v 0.000000 3.160450 10.051988
v 0.000000 3.072374 10.416311
v 0.000000 2.980494 10.660868
v 0.000000 2.655158 11.345310
v 0.000000 2.577718 11.680151
v 0.000000 2.588350 12.031223
v 0.000000 2.571792 12.395926
v 0.000000 2.494712 12.740873
v 0.000000 2.547376 13.091036
v 0.000000 2.666544 13.372156
v 0.000000 2.786321 13.546778
v 0.000000 2.885678 13.721195
v 0.000000 2.917560 13.894155
v 0.000000 1.640855 14.072027
v 0.000000 1.631180 14.403436
v 0.000000 1.551862 13.739505
v 0.000000 1.462634 13.457287
v 0.000000 1.378886 13.158937
v 0.000000 1.328581 12.915412
v 0.000000 1.290136 12.750771
v 0.000000 1.220062 12.476900
v 0.000000 1.134107 12.084777
v 0.000000 1.075323 11.662031
v 0.000000 1.052888 11.305138
v 0.000000 1.039013 11.016113
v 0.000000 1.035007 10.690366
v 0.000000 1.045789 10.309605
v 0.000000 0.879720 8.059793
v 0.000000 0.975558 8.633389
v 0.000000 1.063516 9.926384
v 0.000000 1.091899 9.301888
v 0.000000 0.777792 7.485140
v 0.000000 0.690195 6.903696
v 0.000000 0.663633 6.476172
v 0.000000 0.587528 6.073736
v -1.725271 3.335517 7.577751
v -1.782120 3.248261 7.489043
v -1.827636 3.175907 7.423151
v -1.746947 3.250090 7.651148
v -1.797654 3.187468 7.540765
v -1.701291 3.278913 7.608764
v -1.831968 3.159716 7.436000
v -1.810577 3.204114 7.445606
v -1.761800 3.206658 7.510317
v -0.530377 2.322843 14.481219
v -0.526526 2.201097 14.533485
v -0.518044 2.106171 14.577094
v 0.000000 2.329713 14.537943
v -0.445542 2.205583 14.573834
v 0.000000 2.311645 14.483697
v -0.497115 2.106640 14.587807
v -0.523581 2.140636 14.559979
v -0.462275 2.191535 14.532780
v -1.776715 2.936224 7.636761
v -1.868487 3.035693 7.715527
v -1.857455 3.110857 7.654545
v -1.933205 3.159153 7.739545
v -1.761566 3.042620 7.551139
v -1.733181 2.999232 7.615596
v -1.912825 3.097061 7.745709
v -1.905260 3.143819 7.706722
v -1.833963 3.081188 7.702497
v -1.879200 2.909310 7.741755
v -1.920142 2.835068 7.673295
v -1.825726 2.998329 7.833129
v -1.866127 2.841019 7.786360
v -1.807039 2.902328 7.896494
v -1.917071 2.816933 7.684293
v -1.905613 2.864193 7.696903
v -1.850144 2.872539 7.755912
v -1.788468 2.947073 7.854714
v -2.034778 2.823838 8.010585
v -1.923672 2.724207 7.984572
v -2.039544 2.840229 7.987811
v -1.791512 2.626338 7.912924
v -1.772488 2.696566 7.868290
v -1.977536 2.799942 8.005194
v -1.821926 2.718457 7.792170
v -1.944836 2.789249 7.898691
v -1.906639 2.776225 7.954332
v -1.830041 2.538889 8.113373
v -1.851888 2.598792 8.037274
v -1.842378 2.739826 8.119206
v -1.852265 2.468166 7.997509
v -1.820121 2.498234 8.035596
v -1.857849 2.484429 7.978326
v -1.811500 2.655893 8.226983
v -1.798917 2.571108 8.070325
v -1.774818 2.700671 8.166899
v -1.654349 2.348761 8.248039
v -1.795309 2.457518 8.305161
v -1.812950 2.513859 8.208607
v -1.915880 2.576693 8.290555
v -1.679834 2.428665 8.112178
v -1.630319 2.421318 8.193477
v -1.868697 2.520668 8.319053
v -1.878894 2.555493 8.257771
v -1.774464 2.511993 8.267670
v -1.734473 2.512864 8.408669
v -1.715307 2.263660 8.455649
v -1.744680 2.316783 8.346324
v -1.739603 2.415799 8.377503
v -1.692967 2.438745 8.563259
v -1.743154 2.144999 8.332814
v -1.657258 2.478308 8.475293
v -1.707111 2.192749 8.370261
v -1.750680 2.159823 8.304942
v -1.702929 2.350223 8.514091
v -1.684445 2.292243 8.392379
v -1.667680 2.385387 8.435671
v -1.808860 2.399358 8.665580
v -1.680315 2.291745 8.683983
v -1.814573 2.405669 8.635168
v -1.527744 2.166624 8.655402
v -1.503409 2.221757 8.581227
v -1.741319 2.376632 8.672045
v -1.563985 2.205144 8.491810
v -1.705547 2.318680 8.567847
v -1.658682 2.334153 8.632064
v -1.618166 2.408792 8.755514
v -1.627338 2.036608 8.788477
v -1.633123 2.178803 8.720319
v -1.640293 2.063956 8.704530
v -1.625630 2.294890 8.737747
v -1.588763 2.351773 8.944846
v -1.638137 1.984213 8.736243
v -1.612339 2.137689 8.854344
v -1.541631 2.380637 8.838808
v -1.600038 2.043651 8.770712
v -1.643419 1.996131 8.701841
v -1.599653 2.244413 8.905046
v -1.608838 2.062156 8.713708
v -1.572849 2.158531 8.778157
v -1.553956 2.269989 8.810604
v -1.792980 2.330103 9.039297
v -1.663134 2.231271 9.093660
v -1.798365 2.322528 9.006955
v -1.496957 2.074912 8.992521
v -1.471989 2.103135 9.122352
v -1.680427 2.211005 9.001643
v -1.385440 2.183909 9.119443
v -1.764812 2.356391 9.038350
v -1.770197 2.348816 9.006008
v -1.422473 2.150577 9.153356
v -1.791305 2.350792 9.037286
v -1.624061 2.268769 9.115497
v -1.593634 2.296134 9.091326
v -1.796924 2.342208 9.001545
v -1.459925 2.108244 8.958611
v -1.650001 2.238371 8.977470
v -1.610928 2.275868 8.999308
v -1.410408 2.155688 8.989614
v -1.615057 2.408596 9.170373
v -1.517902 2.098546 9.233191
v -1.561896 2.234298 9.201547
v -1.564859 2.421503 9.321932
v -1.526168 2.242898 9.309015
v -1.532513 2.421412 9.240359
v -1.508377 2.099779 9.261110
v -1.497691 2.243731 9.250609
v -1.492458 2.154394 9.249181
v -1.334559 2.136542 9.612200
v -1.721825 2.414825 9.479850
v -1.548482 2.297162 9.569400
v -1.564246 2.273471 9.410143
v -1.402829 2.072293 9.505959
v -1.739466 2.423091 9.454436
v -1.439741 2.216827 9.596915
v -1.602097 2.246675 9.494699
v -1.692179 2.339001 9.477108
v -1.503737 2.156886 9.503426
v -1.357720 2.103848 9.387502
v -1.724724 2.407748 9.438607
v -1.289448 2.168097 9.493742
v -1.630371 2.392205 9.505159
v -1.460128 2.187870 9.398343
v -1.636220 2.381385 9.437148
v -1.658173 2.374094 9.523602
v -1.666705 2.358089 9.423425
v -1.510632 2.323961 9.484844
v -1.630238 2.391339 9.470433
v -1.396131 2.247812 9.491832
v -1.469427 2.445434 9.616851
v -1.448037 2.175831 9.747832
v -1.446862 2.260200 9.661817
v -1.458863 2.171209 9.699219
v -1.434006 2.464139 9.776934
v -1.420887 2.118391 9.734225
v -1.421697 2.272873 9.775368
v -1.396551 2.455491 9.692495
v -1.427512 2.116167 9.704656
v -1.419369 2.175018 9.757231
v -1.435324 2.168285 9.685612
v -1.389776 2.267105 9.715046
v -1.282133 2.206673 10.054015
v -1.647598 2.498931 9.947412
v -1.484415 2.372240 10.025264
v -1.497254 2.363201 9.867941
v -1.649801 2.495643 9.906592
v -1.381668 2.288862 10.045604
v -1.301120 2.194659 9.832111
v -1.236990 2.249242 9.939557
v -1.560838 2.473735 9.969602
v -1.398370 2.278180 9.849495
v -1.587821 2.453888 9.986804
v -1.594585 2.447094 9.887753
v -1.446760 2.406906 9.943774
v -1.565484 2.469169 9.902362
v -1.338166 2.329623 9.944221
v -1.364475 2.473116 10.074840
v -1.486080 1.961932 10.069626
v -1.432202 2.467890 10.200746
v -1.494942 2.037334 10.156911
v -1.398733 2.331669 10.069702
v -1.503431 2.053213 10.082730
v -1.489676 2.185252 10.154800
v -1.505868 2.045103 10.119573
v -1.463984 2.328200 10.181163
v -1.335109 2.425807 10.320546
v -1.481157 1.951432 10.114505
v -1.412900 2.153183 10.239361
v -1.433489 2.187591 10.065318
v -1.267382 2.431035 10.194641
v -1.489654 1.936590 10.084246
v -1.372809 2.289752 10.286829
v -1.455058 2.021721 10.172051
v -1.467532 2.045225 10.062799
v -1.356713 2.155521 10.149879
v -1.415826 2.024970 10.116240
v -1.307558 2.293222 10.175369
v -1.206562 2.035481 10.495448
v -1.574193 2.518393 10.539374
v -1.410201 2.291851 10.557916
v -1.422314 2.364250 10.365765
v -1.281413 2.049551 10.347588
v -1.590581 2.547037 10.516943
v -1.306795 2.159558 10.533421
v -1.469392 2.297778 10.451709
v -1.552136 2.431492 10.491865
v -1.377206 2.169495 10.401910
v -1.224531 2.138670 10.224845
v -1.576199 2.535806 10.488970
v -1.149682 2.124598 10.372704
v -1.481817 2.453215 10.545560
v -1.322597 2.250658 10.294236
v -1.486146 2.483135 10.463023
v -1.514176 2.431481 10.559883
v -1.520473 2.475460 10.438260
v -1.363124 2.358320 10.471971
v -1.480171 2.472491 10.505587
v -1.252185 2.240722 10.425747
v -1.202710 2.295057 10.600520
v -1.332526 1.925723 10.604940
v -1.271220 2.060647 10.551277
v -1.335635 1.949710 10.545430
v -1.236688 2.178995 10.575776
v -1.191159 2.219972 10.798401
v -1.322602 1.858402 10.558090
v -1.263252 2.006721 10.691312
v -1.128923 2.237237 10.696195
v -1.324270 1.873652 10.522218
v -1.226508 2.112551 10.750623
v -1.300623 1.908016 10.616211
v -1.305174 1.943441 10.528583
v -1.212371 2.017325 10.618660
v -1.167050 2.126527 10.660099
v -1.093034 1.863197 10.902801
v -1.340359 2.217162 10.919477
v -1.229525 2.052896 10.939611
v -1.240251 2.096900 10.800189
v -1.342383 2.227554 10.882952
v -1.160119 1.955360 10.926143
v -1.108754 1.926064 10.706417
v -1.037743 1.925662 10.813442
v -1.269244 2.171404 10.926353
v -1.173959 2.010849 10.752564
v -1.299613 2.154753 10.936767
v -1.305480 2.181260 10.848576
v -1.183944 2.099930 10.877025
v -1.273262 2.189446 10.866500
v -1.107104 2.012555 10.847736
v -1.104576 2.060023 11.022039
v -1.161058 2.035383 11.121291
v -1.232536 1.699182 10.967746
v -1.237742 1.679488 10.975743
v -1.222576 1.842192 11.058539
v -1.097583 1.996757 11.193853
v -1.171826 1.813827 11.108581
v -1.176555 1.859275 10.986966
v -1.041102 2.021398 11.094601
v -1.231724 1.686311 10.998943
v -1.125806 1.830910 11.037006
v -1.177835 1.741198 11.002363
v -0.999955 1.746754 11.366840
v -1.217528 2.026676 11.337042
v -1.119924 1.900000 11.373293
v -1.219443 2.030606 11.306392
v -1.058900 1.821841 11.374368
v -1.014513 1.773377 11.201190
v -0.955938 1.785756 11.287411
v -1.156951 1.991675 11.348195
v -1.071720 1.845310 11.227962
v -1.129878 1.918408 11.255766
v -1.160708 1.998911 11.297845
v -1.016627 1.857957 11.304386
v -1.012811 1.988152 11.425717
v -1.098021 1.440461 11.516315
v -1.069539 2.002363 11.564390
v -1.105092 1.535435 11.595974
v -1.037291 1.835945 11.446961
v -1.120601 1.539171 11.516201
v -1.110426 1.692369 11.568485
v -1.119486 1.536873 11.556418
v -1.092847 1.849590 11.569975
v -0.960571 1.981430 11.688955
v -1.088785 1.437243 11.564744
v -1.025164 1.675334 11.656109
v -1.062020 1.681054 11.469479
v -0.903843 1.967220 11.550282
v -1.098612 1.415966 11.536210
v -0.991145 1.829885 11.679602
v -1.063189 1.522702 11.611118
v -1.086012 1.528330 11.493607
v -0.976757 1.664020 11.557104
v -1.028966 1.517675 11.548712
v -0.935590 1.816239 11.556587
v -1.040876 1.994235 11.782958
v -0.961580 1.876549 11.871333
v -1.043492 1.985543 11.751983
v -0.865916 1.713146 11.930141
v -0.820843 1.713173 11.839027
v -0.986086 1.958587 11.809110
v -0.883412 1.671805 11.760456
v -0.973694 1.846714 11.751146
v -0.924219 1.878327 11.806178
v -0.852802 2.036129 11.858509
v -1.014526 1.644851 12.091276
v -0.940327 2.103551 11.970620
v -0.993674 1.744402 12.155303
v -0.897622 1.925911 11.919606
v -0.988321 1.704551 12.046472
v -1.013502 1.863519 12.061336
v -1.035499 1.737118 12.095683
v -0.980370 1.986788 12.018116
v -0.863087 2.129974 12.100692
v -1.016992 1.660578 12.136375
v -0.950828 1.879877 12.154561
v -0.943260 1.814087 11.982600
v -0.775564 2.062552 11.988581
v -0.953020 1.731270 12.141448
v -1.022260 1.633313 12.116152
v -0.906746 2.008753 12.133670
v -0.949410 1.704152 12.067591
v -0.880586 1.830446 12.075827
v -0.945488 1.714719 12.105496
v -0.823998 1.947877 12.035163
v -0.990772 2.241234 12.178565
v -0.908816 2.137696 12.285169
v -0.992936 2.227753 12.151116
v -0.809023 1.984001 12.373005
v -0.765526 1.967486 12.287333
v -0.936206 2.208658 12.210346
v -0.824218 1.916413 12.221395
v -0.919284 2.089273 12.177896
v -0.872832 2.127424 12.223574
v -0.924407 2.104573 12.526943
v -0.920933 2.055509 12.421227
v -0.800299 2.186073 12.335629
v -1.017108 1.968623 12.523097
v -0.958727 2.006318 12.526177
v -1.015527 1.956696 12.495319
v -0.804670 2.255903 12.484473
v -0.882690 2.059776 12.483207
v -0.752924 2.195870 12.421362
v -0.787071 2.108860 12.794260
v -1.026384 2.461254 12.598687
v -0.922072 2.313006 12.714748
v -0.917567 2.279190 12.561993
v -1.024449 2.451293 12.559345
v -0.853982 2.211038 12.760585
v -0.781313 2.062082 12.578568
v -0.722205 2.111901 12.681247
v -0.957742 2.416647 12.634655
v -0.848840 2.169617 12.569988
v -0.989086 2.410219 12.651533
v -0.985354 2.387541 12.555698
v -0.869815 2.317420 12.634202
v -0.955245 2.401309 12.569583
v -0.792582 2.215412 12.660381
v -0.898211 2.159466 12.948326
v -0.892356 2.146822 12.833977
v -0.779491 2.305634 12.795824
v -0.983183 2.025818 12.901278
v -0.923817 2.062124 12.916565
v -0.981032 2.023454 12.871541
v -0.787259 2.324183 12.957064
v -0.848765 2.129807 12.893813
v -0.725711 2.285982 12.879744
v -0.752203 2.075541 13.180506
v -0.951511 2.391160 13.119053
v -0.861914 2.250613 13.172196
v -0.953516 2.392557 13.084546
v -0.806071 2.161760 13.181293
v -0.766885 2.089221 12.993464
v -0.699976 2.109220 13.086967
v -0.890062 2.351150 13.134437
v -0.819005 2.173781 13.015987
v -0.871987 2.259772 13.039543
v -0.818896 2.276844 13.105855
v -0.756004 2.193243 13.098622
v -0.900475 2.096747 13.351641
v -0.894102 2.110904 13.232718
v -0.788550 2.262774 13.229475
v -0.979337 1.986640 13.274006
v -0.925762 2.016329 13.297606
v -0.977094 1.991156 13.243287
v -0.797081 2.243461 13.397324
v -0.856780 2.082746 13.289603
v -0.742601 2.226989 13.310207
v -0.792227 2.030298 13.670738
v -1.119366 2.523255 13.566318
v -0.974221 2.304858 13.649707
v -0.981017 2.313485 13.459401
v -0.879414 2.000839 13.535538
v -1.133446 2.544271 13.538120
v -0.881954 2.165723 13.667361
v -1.043767 2.280015 13.553735
v -1.111821 2.424360 13.549706
v -0.964327 2.137274 13.547808
v -0.802606 2.043663 13.402369
v -1.120109 2.523953 13.516864
v -0.715419 2.073123 13.537573
v -1.026313 2.458268 13.591573
v -0.891056 2.177429 13.430183
v -1.028457 2.460806 13.510177
v -1.066528 2.443868 13.610081
v -1.069615 2.447499 13.490175
v -0.911471 2.338328 13.555375
v -1.022230 2.463849 13.550818
v -0.808685 2.205877 13.549738
v -0.920232 2.027369 13.799901
v -0.912804 2.045129 13.703953
v -0.842575 2.171173 13.709973
v -0.970554 1.940042 13.730462
v -0.929468 1.965298 13.752030
v -0.968239 1.945342 13.705728
v -0.852750 2.146657 13.845430
v -0.879045 2.022070 13.749789
v -0.801211 2.141338 13.775050
v -0.809325 2.016937 14.092967
v -1.141241 2.212851 13.992568
v -0.993453 2.129728 14.062829
v -1.003006 2.114510 13.930203
v -1.142690 2.208250 13.958192
v -0.900005 2.073263 14.082960
v -0.823600 1.995980 13.905871
v -0.778410 2.051240 13.995691
v -1.067973 2.202074 14.012655
v -0.912551 2.054696 13.917614
v -1.087253 2.183965 14.027447
v -1.092064 2.173622 13.943983
v -0.967533 2.158245 13.993506
v -1.071289 2.195082 13.955996
v -0.870164 2.106480 13.996747
v -0.852327 2.201224 14.117845
v -0.876323 2.078523 14.198078
v -0.892360 1.984657 14.266354
v -0.795111 2.245869 14.232801
v -0.835863 2.109769 14.279773
v -0.781475 2.207989 14.162919
v -0.882050 1.992029 14.287901
v -0.887736 2.017928 14.239002
v -0.822014 2.081597 14.228920
v -0.772814 2.308991 14.411566
v -0.693448 2.209601 14.448595
v -0.791816 2.301728 14.395626
v -0.625615 2.071734 14.468189
v -0.646637 2.060400 14.392763
v -0.730641 2.273451 14.408326
v -0.730823 2.037241 14.381247
v -0.767868 2.184702 14.386978
v -0.705179 2.201922 14.392010
v -2.660940 1.134155 -3.114847
v -2.270275 1.056663 -4.577114
v -3.195062 1.100543 -4.289466
v -3.585858 1.682724 -3.001822
v -2.872390 1.751711 -2.596565
v -2.898436 2.929215 -2.656272
v -3.814254 1.095337 -4.668112
v -3.328302 2.862800 -2.934512
v -2.793501 3.812080 -3.479261
v -3.838684 3.263617 -3.655759
v -4.271488 1.427219 -3.610815
v -3.443769 3.244869 -4.913672
v -2.613676 3.927179 -4.796927
v -2.478475 2.902959 -5.569797
v -4.488042 1.258206 -4.237584
v -4.192105 0.965650 -4.964186
v -4.372818 0.669365 -5.178432
v -4.704597 2.417270 -4.135486
v -3.207131 1.700570 -5.257515
v -2.529850 1.573765 -5.467436
v -4.244342 2.554808 -5.070828
v -3.807103 1.673658 -5.277743
v -4.200767 1.571540 -5.653227
v -4.824325 1.680491 -4.618296
v -4.589364 1.855242 -5.530394
v -4.423449 1.088534 -5.994074
v -4.660841 0.770011 -4.730985
v -4.630670 0.370371 -5.993796
v -4.360420 0.370193 -5.200908
v -4.964421 1.160089 -5.812035
v -5.261638 0.469906 -6.115436
v -5.478243 0.644485 -5.575113
v -5.131023 1.137924 -5.137729
v -5.538610 0.667094 -4.932246
v -5.240167 0.683060 -4.593567
v -4.773957 0.672733 -4.470067
v -4.530284 0.556793 -4.690670
v -2.391909 1.916167 2.499211
v -2.568694 1.318990 3.053370
v -2.227705 1.174648 3.323946
v -2.699992 1.792476 2.367550
v -3.081726 1.519092 2.382385
v -2.863444 1.216482 2.749084
v -3.252473 1.076673 2.693548
v -2.912315 2.398176 2.452227
v -2.394664 2.615839 2.643202
v -2.118680 2.994329 2.578087
v -2.337733 3.329814 3.766665
v -1.804966 3.617563 3.894883
v -2.351179 2.434809 4.756187
v -1.796321 2.450459 5.073554
v -2.031907 1.161670 4.625598
v -2.537282 3.117551 3.675718
v -2.530285 2.128851 4.395201
v -2.926252 2.731553 3.464745
v -2.589044 1.285495 4.144371
v -2.839208 2.000521 4.189168
v -2.890042 1.174501 3.758615
v -3.154952 1.639468 3.919628
v -3.345471 2.248357 3.150729
v -3.113026 1.163066 3.575507
v -3.353337 2.020435 2.415068
v -3.416245 1.288932 2.402497
v -3.654712 1.718211 2.658779
v -3.733457 1.083533 2.313773
v -3.484711 0.799375 2.565393
v -4.062582 0.796659 2.533535
v -4.132542 1.418091 2.661820
v -3.920660 1.457894 3.400198
v -4.464826 0.950208 2.909961
v -4.260143 0.925610 3.632033
v -3.840049 0.762829 3.859970
v -3.494945 1.817798 3.212639
v -3.281775 1.538222 3.785974
v -3.566009 1.145959 3.862090
v -3.761042 0.615867 3.516449
v -3.401184 0.855562 3.542382
v -3.791749 0.592192 2.835212
v -4.373616 0.430920 2.597836
v -4.756011 0.487957 2.846505
v -4.663571 0.015063 2.886182
v -4.810559 0.601929 3.423619
v -4.934580 0.339964 3.368646
v -5.017127 0.004647 3.341707
v -5.305228 0.067973 3.592706
v -5.126857 0.421182 3.677631
v -5.399454 0.007650 3.961000
v -5.099578 -0.022473 3.991063
v -5.006438 0.381274 3.898173
v -5.219884 0.020620 4.366621
v -4.710192 0.622814 3.936307
v -4.436225 0.652371 4.161218
v -4.781621 0.418236 4.401752
v -5.115564 0.476465 4.457717
v -5.192921 0.314516 4.353886
v -5.308124 -0.110520 4.787801
v -5.055105 0.325035 4.624007
v -5.050187 0.028232 4.658597
v -4.824240 -0.044860 4.502206
v -4.817701 0.039154 4.820276
v -4.823622 0.361763 4.831137
v -4.764744 -0.085437 5.225821
v -4.720979 0.495478 4.985805
v -4.476761 0.446920 4.582194
v -4.581666 0.379174 4.965383
v -4.592179 0.116077 4.938021
v -4.482089 -0.019017 4.678111
v -4.362247 0.150815 5.037894
v -4.385971 0.402106 5.039827
v -4.239450 -0.064950 5.437914
v -4.260976 0.547162 5.077922
v -4.106007 0.459430 4.610919
v -4.145638 0.402868 5.017907
v -4.156466 0.157760 5.017664
v -4.086278 0.001642 4.703604
v -3.946078 0.168491 4.802584
v -4.086791 0.640622 4.115569
v -3.955708 0.415335 4.838231
v -3.752933 -0.037436 4.956889
v -3.842116 0.555281 4.806329
v -3.758018 0.427748 4.699120
v -3.801618 0.181276 4.688568
v -3.832201 0.460672 4.451911
v -3.868297 0.060386 4.290054
v -3.874597 0.500628 4.005250
v -3.839951 0.405951 3.540156
v -3.997354 0.035424 3.281203
v -3.905422 0.312953 3.034136
v -4.380642 0.006984 3.671825
v -5.102480 0.018842 -6.117480
v -5.615984 0.339964 -5.703959
v -5.717474 0.008426 -5.765619
v -6.180654 0.006759 -5.561710
v -5.969788 0.421182 -5.396021
v -6.422528 0.011429 -5.147357
v -6.059011 -0.018694 -4.998808
v -5.905560 0.381274 -5.078995
v -6.330346 0.024399 -4.621956
v -6.290395 0.314515 -4.627974
v -6.580948 -0.106742 -4.141261
v -6.220106 0.476465 -4.474729
v -5.779212 0.418235 -4.393279
v -6.192058 0.325034 -4.251534
v -6.196428 0.032011 -4.207792
v -5.867728 -0.041080 -4.286192
v -5.951640 0.042933 -3.866058
v -5.962960 0.361763 -3.854939
v -5.985826 -0.081658 -3.378931
v -5.851704 0.495477 -3.655148
v -5.459048 0.446919 -3.914784
v -5.659614 0.379174 -3.631120
v -5.664981 0.054863 -3.668043
v -5.496440 -0.015237 -3.800135
v -5.380503 0.089600 -3.475613
v -5.412727 0.402106 -3.481583
v -5.343204 -0.061171 -2.946646
v -5.258194 0.547162 -3.391490
v -4.916337 0.459430 -3.866028
v -5.085549 0.402868 -3.423963
v -5.099901 0.096546 -3.428053
v -4.919321 0.005421 -3.746522
v -4.792675 0.107277 -3.600979
v -4.803425 0.415335 -3.523760
v -4.570691 -0.033657 -3.308538
v -4.641982 0.555281 -3.522693
v -4.489126 0.460672 -4.001632
v -4.496059 0.427748 -3.623445
v -4.564167 0.120061 -3.688841
v -4.486107 0.064165 -4.210900
v -4.308164 0.039203 -5.567273
v -4.973586 0.010763 -5.141492
v 0.000000 0.449932 -7.449840
v 0.000000 0.515706 -5.333515
v -1.712800 0.974045 -6.125188
v -1.142983 0.721034 -7.595675
v -1.572310 1.672447 -7.969860
v -2.054039 2.006251 -6.456327
v -1.009246 2.670549 -8.199211
v 0.000000 4.983603 -4.126507
v 0.000000 5.616930 -5.105720
v 0.000000 0.190464 -2.891518
v 0.000000 0.127306 -0.346284
v 0.000000 0.211366 2.558559
v -2.012833 0.401420 -2.947063
v -1.868830 0.328020 -0.414290
v -1.522190 0.538698 2.309984
v -1.868362 0.768896 -4.609765
v -2.711367 0.889475 -0.527120
v -1.597263 2.857020 -6.848919
v -2.222334 1.062290 1.860493
v -2.575680 1.909731 1.362560
v -2.952393 1.784881 -0.659636
v -2.904499 3.059909 -0.973543
v -2.002813 3.733769 -5.877619
v -1.312394 0.679480 4.847948
v -2.371154 3.032117 1.106757
v -2.045048 4.018595 1.019336
v -2.185922 4.334968 -1.256477
v -2.170727 4.447932 -3.320118
v -2.143659 4.281237 -4.793230
v -1.408264 4.841062 -3.411417
v -1.399305 4.726987 -4.868688
v -1.877831 3.776427 2.487062
v -1.073191 4.193240 2.545410
v -1.437223 4.784314 -2.108062
v -1.253095 4.424867 0.910196
v -1.389826 4.041435 -6.036014
v -1.338538 4.634850 -0.776483
v -1.103348 3.282668 -7.199994
v -1.016020 3.960402 3.975433
v 0.000000 4.968051 -6.063757
v 0.000000 4.469868 -4.992747
v 0.000000 4.243371 -7.498074
v 0.000000 3.696805 -7.076067
v 0.000000 3.506929 -8.650818
v 0.000000 3.115380 -8.213782
v 0.000000 4.991996 -2.816402
v 0.000000 5.589043 -3.442432
v 0.000000 5.156229 -1.945126
v 0.000000 5.506851 -2.133075
v 0.000000 5.032704 -0.599404
v 0.000000 5.422092 -0.708617
v 0.000000 4.791290 1.073610
v 0.000000 5.161486 0.887670
v 0.000000 4.471151 2.773390
v 0.000000 4.908970 2.606407
v 0.000000 4.228278 4.236535
v 0.000000 4.705079 4.055452
v -1.815254 1.080423 4.833504
v 0.000000 0.241654 4.739621
v 0.000000 3.051907 -10.086449
v -0.918032 2.152997 -9.873651
v 0.000000 2.645447 -9.752354
v -1.390075 1.367774 -9.600471
v -0.949477 0.638724 -9.389552
v 0.000000 0.424601 -9.414103
v -0.879074 0.607433 -11.211719
v -1.239141 1.350574 -11.435522
v 0.000000 0.412809 -11.222178
v -0.904804 1.813659 -11.572112
v -1.119353 1.536258 -13.224413
v -0.899861 0.576143 -12.987726
v 0.000000 2.676601 -11.790032
v 0.000000 2.325956 -11.470765
v 0.000000 0.401018 -12.984096
v 0.000000 2.517674 -13.498075
v -0.651911 0.527860 -14.894242
v 0.000000 2.091109 -13.149083
v 0.000000 0.387416 -14.920361
v -1.000910 1.264369 -15.063642
v -0.495151 0.479577 -16.423656
v 0.000000 2.204713 -15.200627
v 0.000000 1.857601 -14.952928
v 0.000000 0.373815 -16.479517
v -0.747825 0.880704 -18.127821
v 0.000000 0.370070 -18.049496
v -0.882467 1.104139 -16.525757
v 0.000000 1.993730 -16.703226
v 0.000000 1.688958 -16.428276
v 0.000000 1.796418 -18.193491
v 0.000000 0.366324 -19.619473
v 0.000000 1.526280 -17.965418
v 0.000000 1.590083 -19.730633
v 0.000000 0.363017 -21.085768
v -0.613183 0.744499 -19.729879
v 0.000000 1.363601 -19.502560
v 0.000000 1.375811 -21.259447
v -0.507843 0.592771 -21.280172
v 0.000000 1.164859 -21.031372
v 0.000000 1.141606 -22.788177
v 0.000000 0.528273 -22.830465
v 0.000000 0.359709 -22.552065
v 0.000000 0.966117 -22.616121
v 0.000000 0.462752 -25.356785
v 0.913691 4.612213 8.772113
v 0.824721 4.275961 8.886757
v 0.987728 4.728628 8.600721
v 1.138525 4.768488 8.384506
v 1.305718 4.689703 8.147694
v 1.351475 4.534573 7.979212
v 1.334542 4.365322 7.964503
v 0.775265 4.075047 8.798418
v 1.414225 4.230794 8.067630
v 0.799348 3.991925 8.734702
v 1.490109 4.145067 8.267285
v 1.438158 4.036320 8.488393
v 1.283106 3.973365 8.660085
v 1.088319 3.946871 8.723307
v 0.892571 3.954179 8.707349
v 0.872410 4.455520 8.851808
v 0.926083 4.836031 8.598688
v 1.072832 4.848853 8.310862
v 1.448122 3.879373 8.416496
v 1.279088 3.825917 8.600510
v 0.706852 4.276689 8.941292
v 0.674632 4.045602 8.845915
v 1.420293 4.582291 7.890914
v 1.365909 4.363215 7.885859
v 1.280131 4.768305 8.069159
v 0.769635 4.546398 8.888803
v 0.837052 4.709395 8.790477
v 1.407202 4.153306 7.982153
v 1.505938 4.004084 8.175705
v 0.736556 3.950179 8.741707
v 1.060769 3.840400 8.664238
v 0.860260 3.880477 8.693093
v 1.463312 3.867575 8.070088
v 1.408962 3.739981 8.340795
v 0.458676 4.725935 8.630141
v 0.561466 4.901038 8.374442
v 1.077362 4.857007 7.831034
v 1.338966 4.637931 7.671912
v 0.482425 4.027873 8.858869
v 0.577886 3.858994 8.792639
v 0.416136 4.270742 8.901568
v 0.380104 4.532511 8.849663
v 0.802607 4.934843 8.080432
v 1.403255 4.320312 7.710599
v 1.414863 4.063560 7.828640
v 1.255628 3.674550 8.556656
v 1.064027 3.683440 8.683680
v 0.791922 3.759035 8.768368
v 1.217497 4.605305 7.533431
v 1.361815 4.259935 7.590876
v 0.250635 4.014888 8.841766
v 0.413827 3.797036 8.855243
v 0.314826 4.796874 8.140647
v 0.599362 4.943819 7.883504
v 1.560058 3.742997 8.023075
v 1.541704 3.555992 8.360983
v 1.458035 3.978206 7.731366
v 1.327577 3.510144 8.634213
v 1.070682 3.531420 8.783763
v 0.735456 3.637098 8.861446
v 0.272243 4.586639 8.440388
v 0.211332 4.241654 8.826341
v 0.216587 4.431889 8.675809
v 0.888307 4.859313 7.654253
v 1.431284 3.945929 8.128394
v 1.399011 4.125043 7.932713
v 1.405393 4.348972 7.812424
v 1.403688 4.615901 7.806198
v 1.211023 4.827340 7.969096
v 0.964195 4.893883 8.219361
v 0.778385 4.921264 8.518910
v 0.648257 4.826505 8.804977
v 0.596569 4.548265 8.933857
v 0.578815 4.279611 8.964535
v 0.594769 4.046829 8.868206
v 0.672212 3.913064 8.768489
v 0.831006 3.820951 8.718064
v 1.045827 3.763233 8.655016
v 1.257658 3.753587 8.559064
v 1.419198 3.817780 8.372483
v 1.351733 4.002065 7.195502
v 1.413090 4.066871 7.375818
v 1.394972 4.427928 7.308410
v 1.396741 4.358358 7.125113
v 1.473175 4.632545 7.156389
v 1.474580 4.486244 7.071451
v 1.512592 4.659219 6.956040
v 1.486268 4.483387 6.982530
v 1.518277 4.494746 6.821497
v 1.453106 4.408947 6.917593
v 1.479261 4.320142 6.789046
v 1.387163 4.263785 6.898495
v 1.483743 4.010093 6.834646
v 1.407887 3.907456 6.975516
v 1.478570 3.707058 7.301582
v 1.552251 3.772113 7.468754
v 1.612746 3.587054 7.050190
v 1.534075 3.545825 7.178247
v 1.876478 3.242815 7.670596
v 1.910924 3.289651 7.852299
v 1.857297 3.112638 7.387764
v 1.823636 3.128840 7.488699
v 1.965633 2.835175 7.996309
v 1.987519 2.885326 8.178602
v 1.907951 2.628351 7.740146
v 1.873927 2.739765 7.844941
v 1.831730 2.500109 8.439116
v 1.904196 2.639284 8.521899
v 1.636724 2.289752 8.999647
v 1.761718 2.452785 9.104813
v 1.568437 2.356064 9.529876
v 1.626908 2.524197 9.567144
v 1.740962 2.277405 8.169780
v 1.689360 2.421902 8.238132
v 1.534338 2.010985 8.888007
v 1.556004 2.196524 8.850656
v 1.445646 2.120099 9.453888
v 1.468729 2.230825 9.435546
v 1.448408 2.413363 9.913628
v 1.529538 2.577867 9.969938
v 1.366289 2.156538 9.896763
v 1.361072 2.269296 9.880773
v 1.363783 2.348893 10.282778
v 1.455168 2.507189 10.343796
v 1.330667 2.127471 10.246976
v 1.309348 2.262860 10.249529
v 1.194192 1.860658 10.729150
v 1.171114 1.975401 10.803405
v 1.227425 2.106959 10.781630
v 1.311218 2.239413 10.868128
v 1.117388 1.941716 11.188300
v 1.175427 2.059656 11.281172
v 1.107546 1.727227 11.180664
v 1.068406 1.824323 11.220182
v 1.020520 1.874362 11.534703
v 1.070122 1.965762 11.576584
v 1.018120 1.645595 11.534821
v 0.983774 1.774446 11.522439
v 0.956606 1.940040 11.821634
v 1.019156 2.043079 11.851484
v 0.897971 1.731553 11.924758
v 0.858331 1.839129 11.889329
v 0.904096 2.067001 12.105334
v 0.946334 2.193658 12.127887
v 0.879477 1.888933 12.198366
v 0.841569 1.990760 12.171324
v 0.852529 2.210442 12.400766
v 0.866603 2.347859 12.424408
v 0.870764 2.053234 12.504015
v 0.788501 2.142403 12.493522
v 0.870924 2.307073 12.773726
v 0.832577 2.439535 12.805712
v 0.862734 2.125154 12.782043
v 0.835247 2.204577 12.781395
v 0.826303 2.295750 13.122858
v 0.816542 2.431723 13.155304
v 0.816129 2.066941 13.142439
v 0.780675 2.145264 13.135233
v 0.868913 2.243682 13.478564
v 0.893628 2.415360 13.498670
v 0.901959 2.005033 13.518091
v 0.836482 2.065656 13.499157
v 0.908207 2.159063 13.795048
v 1.027523 2.283535 13.789227
v 0.916007 1.976462 13.792834
v 0.852545 2.022560 13.797109
v 0.883817 2.102722 14.079886
v 0.940040 2.191439 14.081905
v 0.875917 1.946758 14.119930
v 0.833562 2.020350 14.090511
v 0.772396 2.161980 14.307302
v 0.767850 2.250682 14.346657
v 0.861371 2.014216 14.384514
v 0.814331 2.090448 14.336020
v 0.605341 2.220535 14.469090
v 0.611858 2.302333 14.507770
v 0.621250 2.056410 14.547204
v 0.612242 2.121284 14.499142
v 0.382493 2.260442 14.559891
v 0.391295 2.360026 14.594663
v 0.432095 2.055584 14.653149
v 0.399108 2.143674 14.602509
v 1.757916 2.396101 8.697265
v 1.851116 2.543735 8.783098
v 1.619770 2.146699 8.503968
v 1.601326 2.300666 8.538753
v 1.138045 3.897235 7.095576
v 1.386642 3.594888 7.241330
v 1.217876 4.267149 7.016001
v 1.738964 3.190140 7.571886
v 1.834950 2.780004 7.910134
v 1.718337 2.489345 8.310854
v 1.616038 2.346823 8.617814
v 1.531572 2.262254 8.948450
v 1.449761 2.290379 9.460429
v 1.332488 2.346382 9.890288
v 1.250655 2.296386 10.267481
v 1.136580 2.054405 10.775725
v 1.021746 1.893254 11.190192
v 0.934236 1.817466 11.527063
v 0.845184 1.907667 11.838067
v 0.798701 2.027638 12.127198
v 0.752396 2.183501 12.441050
v 0.787161 2.265856 12.776675
v 0.727886 2.228340 13.131434
v 0.749308 2.154669 13.490452
v 0.802938 2.089475 13.799269
v 0.826212 2.074672 14.076272
v 0.732189 2.122654 14.308889
v 0.544484 2.162872 14.466506
v 0.327682 2.193527 14.561024
v 0.928899 2.801577 13.914479
v 1.008649 2.594073 14.056024
v 0.916960 2.383516 14.205908
v 0.826244 2.486945 14.234525
v 0.778047 2.329401 14.356814
v 0.381143 2.530659 14.563106
v 0.299982 2.713993 14.408124
v 0.289623 2.832889 14.224813
v 0.405712 2.766757 14.198717
v 0.558627 2.883025 14.030318
v 0.598446 2.371425 14.522968
v 0.736705 2.952952 13.887215
v 0.352729 3.589010 8.971117
v 0.693393 3.461821 9.030049
v 1.148732 3.329924 8.951169
v 1.452088 3.327671 8.695687
v 1.712235 3.382345 8.332829
v 1.716634 3.601931 7.913479
v 1.517256 3.877186 7.649713
v 0.371727 3.368403 9.245974
v 0.754521 3.331206 9.208702
v 1.177512 3.226142 9.075903
v 1.619121 3.112276 8.784382
v 1.881827 3.176017 8.293053
v 0.197826 4.877772 7.872209
v 0.352397 4.978901 7.634689
v 0.720492 4.889962 7.422997
v 1.324170 4.492254 7.416522
v 1.397973 4.174703 7.485320
v 1.958835 2.974524 8.295660
v 1.903410 2.852143 8.668744
v 1.842106 2.749848 8.949891
v 1.563622 2.978867 9.139597
v 0.383708 3.254365 9.488990
v 0.749592 3.222165 9.432573
v 1.149294 3.121786 9.314718
v 1.343660 4.764608 7.224611
v 1.368481 4.823720 6.896784
v 1.461684 4.585776 6.687186
v 1.485973 4.359630 6.627771
v 1.566657 3.974773 6.673987
v 1.728151 3.535533 6.855627
v 1.922931 3.030007 7.173872
v 1.931169 2.457151 7.558568
v 1.721724 2.036146 7.989110
v 1.451826 1.854002 8.380071
v 1.354907 1.754692 8.819530
v 1.308757 1.809165 9.483117
v 1.296307 1.889219 9.917537
v 1.278346 1.821021 10.271548
v 1.173009 1.665014 10.678229
v 1.097415 1.555033 11.138796
v 1.021820 1.536077 11.577741
v 0.957221 1.607229 11.967190
v 0.949309 1.753762 12.281731
v 0.982534 1.833974 13.509705
v 0.910067 1.785722 13.802274
v 0.946036 1.886534 13.170106
v 0.960775 1.895085 12.859971
v 0.969651 1.867843 12.576835
v 0.822538 1.754784 14.068199
v 0.767615 1.790136 14.321281
v 0.588745 1.828883 14.530642
v 0.386717 1.849182 14.659252
v 1.081483 4.855358 7.305967
v 0.983885 4.996034 6.990859
v 0.305502 5.103246 7.229712
v 0.634902 4.989183 7.093952
v 0.251784 5.109051 6.751637
v 0.552511 5.012691 6.693387
v 0.822034 4.923652 6.617153
v 1.065614 4.795228 6.537792
v 1.194646 4.593716 6.408774
v 0.534296 4.649894 5.912234
v 1.165708 4.436511 5.844017
v 1.388205 4.318433 6.354571
v 1.572332 3.888307 6.388299
v 1.707829 3.370729 6.536166
v 1.902531 2.768103 6.778889
v 1.868548 2.197084 7.230821
v 1.576818 1.854398 7.641132
v 1.305914 1.648865 8.157776
v 1.212041 1.566670 8.780881
v 1.171135 1.632374 9.508510
v 1.146410 1.655791 9.925439
v 1.112152 1.593627 10.261925
v 1.043218 1.458514 10.613991
v 0.937931 1.333295 11.127563
v 0.867521 1.319516 11.565692
v 0.920400 1.414653 12.036537
v 0.960579 1.505052 12.348520
v 0.987382 1.586115 12.618442
v 0.854633 1.637462 13.481666
v 0.762750 1.634325 13.747412
v 0.914087 1.646683 13.222147
v 0.989286 1.643060 12.880416
v 0.666680 1.627773 13.996857
v 0.508128 1.663914 14.217412
v 0.398641 1.680762 14.454866
v 0.285773 1.721697 14.576941
v 0.532627 3.139084 9.944454
v 0.699899 3.165570 9.683313
v 1.097980 3.071152 9.598295
v 1.486505 2.910903 9.431737
v 1.768017 2.636871 9.207522
v 0.688593 2.552636 13.116158
v 0.731834 2.598412 13.387199
v 0.686058 2.534867 12.776051
v 0.764693 2.483769 12.409370
v 0.894266 2.362784 12.090785
v 1.009220 2.232042 11.847921
v 1.085305 2.207998 11.610208
v 1.147849 2.258931 11.310721
v 1.292586 2.442432 10.891085
v 1.436852 2.657150 10.378322
v 1.494835 2.724150 9.982470
v 1.617086 2.659596 9.563268
v 1.383860 2.898507 9.768303
v 1.010878 3.054632 9.905109
v 0.507340 3.067328 10.326082
v 0.955394 3.015046 10.256422
v 1.316041 2.889739 10.136688
v 0.486271 2.944930 10.667248
v 0.883031 2.907345 10.618493
v 1.242190 2.790812 10.516569
v 0.555203 2.614882 11.255508
v 0.765383 2.722907 10.961566
v 0.922037 2.473441 11.280173
v 1.093770 2.625243 10.930615
v 0.519625 2.517393 11.635772
v 0.875935 2.411776 11.602442
v 0.419174 2.579849 13.080336
v 0.430342 2.648486 13.352343
v 0.420927 2.536051 12.749237
v 0.471807 2.565627 12.389964
v 0.582500 2.506744 11.999148
v 0.877825 2.397291 11.835294
v 0.444897 2.792612 13.524028
v 0.452102 2.933846 13.687993
v 0.764281 2.869609 13.710612
v 0.979557 2.707299 13.790026
v 1.081950 2.470950 13.940282
v 0.736606 2.711059 13.566362
v 0.454815 2.989908 13.920427
v 1.077998 2.425789 13.790023
v 0.965391 2.565137 13.649724
v 0.428145 2.688905 14.356237
v 0.907665 2.659696 14.093943
v 0.843519 2.796664 14.012341
v 0.696877 2.876480 14.005588
v 0.490080 2.562366 14.486734
v 0.616628 2.466749 14.471926
v 0.727526 2.440049 14.378330
v 0.574242 2.515908 14.198047
v 0.578269 2.598870 14.093650
v 0.591207 2.700005 14.046291
v 1.675042 3.750667 5.764132
v 1.655548 2.420828 6.365417
v 1.643141 1.962803 6.915793
v 1.432623 1.615353 7.504498
v 1.124611 1.349483 8.057236
v 0.994928 1.302737 8.749482
v 0.923993 1.340580 9.361955
v 0.886845 1.364734 9.864483
v 0.851476 1.306687 10.262150
v 0.797004 1.230791 10.655628
v 0.706656 1.182816 11.088243
v 0.566070 1.141932 11.539834
v 0.592795 1.207586 12.036418
v 0.601188 1.278113 12.395915
v 0.629179 1.364738 12.690510
v 0.624128 1.423050 12.920720
v 0.580203 1.473037 13.184791
v 0.519490 1.525994 13.457910
v 0.477110 1.577343 13.715379
v 0.441411 1.614422 13.925350
v 0.397157 1.067671 11.292236
v 0.442476 1.068980 11.022428
v 0.476624 1.065050 10.672381
v 0.503567 1.081961 10.271852
v 0.645426 0.976884 8.068887
v 0.599256 1.057970 8.699447
v 0.525668 1.109548 9.845165
v 0.538902 1.112549 9.303118
v 1.071816 1.135037 7.427682
v 0.580939 0.875374 7.478603
v 1.087012 1.088388 6.903139
v 0.564112 0.773342 6.923522
v 1.338048 1.414988 7.262429
v 1.386473 1.543847 6.855646
v 1.493002 1.698667 6.353383
v 1.105312 1.125949 6.428376
v 0.567057 0.777709 6.469796
v 1.812298 1.593024 5.683904
v 1.895268 2.717924 5.484450
v 1.204994 1.074848 5.816727
v 0.823109 4.379379 8.476432
v 0.802720 4.241785 8.528193
v 0.865372 4.444251 8.407894
v 0.932515 4.461820 8.311492
v 0.985270 4.422284 8.208202
v 1.008264 4.352707 8.137209
v 1.021485 4.300627 8.130795
v 0.777705 4.156862 8.509429
v 1.067161 4.236451 8.184528
v 0.786841 4.114237 8.492345
v 1.072436 4.197847 8.278288
v 1.046962 4.169439 8.374213
v 0.975421 4.142742 8.451836
v 0.911042 4.127777 8.485137
v 0.813437 4.111144 8.487933
v 0.806507 4.315382 8.515656
v 0.857953 4.518154 8.698674
v 0.851951 4.654581 8.568578
v 0.842290 4.735244 8.207638
v 0.840221 4.537040 7.895245
v 0.784426 4.326701 8.765263
v 0.711763 4.489326 8.696144
v 0.660944 4.616915 8.565273
v 0.639706 4.690043 8.392570
v 0.651283 4.697577 8.204331
v 0.693912 4.638372 8.029214
v 0.761103 4.521439 7.893876
v 0.717866 4.285997 8.757947
v 0.588776 4.414116 8.682628
v 0.500254 4.518648 8.547612
v 0.465777 4.583680 8.373456
v 0.490593 4.599311 8.186672
v 0.570925 4.563161 8.015698
v 0.694543 4.480735 7.886560
v 0.673996 4.226389 8.745800
v 0.507716 4.303974 8.660183
v 0.394344 4.374741 8.518287
v 0.351141 4.427917 8.341714
v 0.384683 4.455405 8.157347
v 0.489865 4.453021 7.993252
v 0.650674 4.421127 7.874414
v 0.659496 4.156951 8.730670
v 0.480923 4.175669 8.632227
v 0.359338 4.207103 8.481760
v 0.313250 4.246465 8.302177
v 0.349677 4.287766 8.120819
v 0.463073 4.324716 7.965296
v 0.636174 4.351689 7.859284
v 0.676573 4.088254 8.714861
v 0.512477 4.048734 8.603015
v 0.400565 4.041253 8.443591
v 0.357875 4.066951 8.260864
v 0.390905 4.121917 8.082651
v 0.494627 4.197780 7.936084
v 0.653251 4.282992 7.843474
v 0.722627 4.030757 8.700779
v 0.597574 3.942493 8.576993
v 0.511750 3.902442 8.409595
v 0.478220 3.916705 8.224067
v 0.502089 3.983106 8.048656
v 0.579724 4.091539 7.910063
v 0.699305 4.225495 7.829392
v 0.790647 3.993213 8.690568
v 0.723258 3.873120 8.558125
v 0.675964 3.811804 8.384943
v 0.655964 3.818597 8.197384
v 0.666303 3.892467 8.024003
v 0.705408 4.022167 7.891196
v 0.767325 4.187951 7.819181
v 0.870277 3.981338 8.685783
v 0.870396 3.851178 8.549284
v 0.868208 3.783135 8.373391
v 0.864048 3.787566 8.184880
v 0.858548 3.863798 8.012451
v 0.852545 4.000225 7.882355
v 0.846955 4.176076 7.814396
v 0.949395 3.996940 8.687152
v 1.016586 3.880006 8.551814
v 1.059215 3.820801 8.376696
v 1.070792 3.828335 8.188457
v 1.049554 3.901464 8.015757
v 0.998736 4.029053 7.884884
v 0.926072 4.191678 7.815765
v 1.015955 4.037643 8.694467
v 1.139573 3.955216 8.565331
v 1.219905 3.919067 8.394356
v 1.244721 3.934699 8.207572
v 1.210244 3.999730 8.033417
v 1.121722 4.104262 7.898400
v 0.992632 4.232381 7.823081
v 1.059824 4.097251 8.706614
v 1.220633 4.065358 8.587776
v 1.325815 4.062973 8.423681
v 1.359357 4.090462 8.239315
v 1.316154 4.143637 8.062741
v 1.202782 4.214405 7.920846
v 1.036502 4.291989 7.835227
v 1.074324 4.166689 8.721744
v 1.247425 4.193664 8.615732
v 1.360821 4.230613 8.460209
v 1.397247 4.271913 8.278851
v 1.351160 4.311276 8.099269
v 1.229574 4.342710 7.948802
v 1.051001 4.361428 7.850358
v 1.057247 4.235386 8.737554
v 1.215871 4.320599 8.644944
v 1.319593 4.396462 8.498377
v 1.352623 4.451427 8.320164
v 1.309933 4.477125 8.137437
v 1.198020 4.469645 7.978014
v 1.033924 4.430125 7.866167
v 1.011193 4.292883 8.751636
v 1.130774 4.426839 8.670965
v 1.208409 4.535273 8.532374
v 1.232278 4.601674 8.356962
v 1.198748 4.615936 8.171434
v 1.112924 4.575885 8.004035
v 0.987870 4.487621 7.880249
v 0.943173 4.330428 8.761847
v 1.005090 4.496212 8.689833
v 1.044195 4.625912 8.557026
v 1.054534 4.699781 8.383644
v 1.034534 4.706574 8.196084
v 0.987239 4.645258 8.022902
v 0.919851 4.525165 7.890460
v 0.867871 4.153798 8.762105
v 0.863543 4.342302 8.766631
v 0.846450 4.730812 8.396149
v 0.840102 4.667200 8.031744
v 0.842627 4.364581 7.818923
v 1.725271 3.335517 7.577751
v 1.782120 3.248261 7.489043
v 1.827636 3.175907 7.423151
v 1.746947 3.250090 7.651148
v 1.797654 3.187468 7.540765
v 1.701291 3.278913 7.608764
v 1.831968 3.159716 7.436000
v 1.810577 3.204114 7.445606
v 1.761800 3.206658 7.510317
v 0.530377 2.322843 14.481219
v 0.526526 2.201097 14.533485
v 0.518044 2.106171 14.577094
v 0.445542 2.205583 14.573834
v 0.497115 2.106640 14.587807
v 0.523581 2.140636 14.559979
v 0.462275 2.191535 14.532780
v 1.776715 2.936224 7.636761
v 1.868487 3.035693 7.715527
v 1.857455 3.110857 7.654545
v 1.933205 3.159153 7.739545
v 1.761566 3.042620 7.551139
v 1.733181 2.999232 7.615596
v 1.912825 3.097061 7.745709
v 1.905260 3.143819 7.706722
v 1.833963 3.081188 7.702497
v 1.879200 2.909310 7.741755
v 1.920142 2.835068 7.673295
v 1.825726 2.998329 7.833129
v 1.866127 2.841019 7.786360
v 1.807039 2.902328 7.896494
v 1.917071 2.816933 7.684293
v 1.905613 2.864193 7.696903
v 1.850144 2.872539 7.755912
v 1.788468 2.947073 7.854714
v 2.034778 2.823838 8.010585
v 1.923672 2.724207 7.984572
v 2.039544 2.840229 7.987811
v 1.791512 2.626338 7.912924
v 1.772488 2.696566 7.868290
v 1.977536 2.799942 8.005194
v 1.821926 2.718457 7.792170
v 1.944836 2.789249 7.898691
v 1.906639 2.776225 7.954332
v 1.830041 2.538889 8.113373
v 1.851888 2.598792 8.037274
v 1.842378 2.739826 8.119206
v 1.852265 2.468166 7.997509
v 1.820121 2.498234 8.035596
v 1.857849 2.484429 7.978326
v 1.811500 2.655893 8.226983
v 1.798917 2.571108 8.070325
v 1.774818 2.700671 8.166899
v 1.654349 2.348761 8.248039
v 1.795309 2.457518 8.305161
v 1.812950 2.513859 8.208607
v 1.915880 2.576693 8.290555
v 1.679834 2.428665 8.112178
v 1.630319 2.421318 8.193477
v 1.868697 2.520668 8.319053
v 1.878894 2.555493 8.257771
v 1.774464 2.511993 8.267670
v 1.734473 2.512864 8.408669
v 1.715307 2.263660 8.455649
v 1.744680 2.316783 8.346324
v 1.739603 2.415799 8.377503
v 1.692967 2.438745 8.563259
v 1.743154 2.144999 8.332814
v 1.657258 2.478308 8.475293
v 1.707111 2.192749 8.370261
v 1.750680 2.159823 8.304942
v 1.702929 2.350223 8.514091
v 1.684445 2.292243 8.392379
v 1.667680 2.385387 8.435671
v 1.808860 2.399358 8.665580
v 1.680315 2.291745 8.683983
v 1.814573 2.405669 8.635168
v 1.527744 2.166624 8.655402
v 1.503409 2.221757 8.581227
v 1.741319 2.376632 8.672045
v 1.563985 2.205144 8.491810
v 1.705547 2.318680 8.567847
v 1.658682 2.334153 8.632064
v 1.618166 2.408792 8.755514
v 1.627338 2.036608 8.788477
v 1.633123 2.178803 8.720319
v 1.640293 2.063956 8.704530
v 1.625630 2.294890 8.737747
v 1.588763 2.351773 8.944846
v 1.638137 1.984213 8.736243
v 1.612339 2.137689 8.854344
v 1.541631 2.380637 8.838808
v 1.600038 2.043651 8.770712
v 1.643419 1.996131 8.701841
v 1.599653 2.244413 8.905046
v 1.608838 2.062156 8.713708
v 1.572849 2.158531 8.778157
v 1.553956 2.269989 8.810604
v 1.792980 2.330103 9.039297
v 1.663134 2.231271 9.093660
v 1.798365 2.322528 9.006955
v 1.496957 2.074912 8.992521
v 1.471989 2.103135 9.122352
v 1.680427 2.211005 9.001643
v 1.385440 2.183909 9.119443
v 1.764812 2.356391 9.038350
v 1.770197 2.348816 9.006008
v 1.422473 2.150577 9.153356
v 1.791305 2.350792 9.037286
v 1.624061 2.268769 9.115497
v 1.593634 2.296134 9.091326
v 1.796924 2.342208 9.001545
v 1.459925 2.108244 8.958611
v 1.650001 2.238371 8.977470
v 1.610928 2.275868 8.999308
v 1.410408 2.155688 8.989614
v 1.615057 2.408596 9.170373
v 1.517902 2.098546 9.233191
v 1.561896 2.234298 9.201547
v 1.564859 2.421503 9.321932
v 1.526168 2.242898 9.309015
v 1.532513 2.421412 9.240359
v 1.508377 2.099779 9.261110
v 1.497691 2.243731 9.250609
v 1.492458 2.154394 9.249181
v 1.334559 2.136542 9.612200
v 1.721825 2.414825 9.479850
v 1.548482 2.297162 9.569400
v 1.564246 2.273471 9.410143
v 1.402829 2.072293 9.505959
v 1.739466 2.423091 9.454436
v 1.439741 2.216827 9.596915
v 1.602097 2.246675 9.494699
v 1.692179 2.339001 9.477108
v 1.503737 2.156886 9.503426
v 1.357720 2.103848 9.387502
v 1.724724 2.407748 9.438607
v 1.289448 2.168097 9.493742
v 1.630371 2.392205 9.505159
v 1.460128 2.187870 9.398343
v 1.636220 2.381385 9.437148
v 1.658173 2.374094 9.523602
v 1.666705 2.358089 9.423425
v 1.510632 2.323961 9.484844
v 1.630238 2.391339 9.470433
v 1.396131 2.247812 9.491832
v 1.469427 2.445434 9.616851
v 1.448037 2.175831 9.747832
v 1.446862 2.260200 9.661817
v 1.458863 2.171209 9.699219
v 1.434006 2.464139 9.776934
v 1.420887 2.118391 9.734225
v 1.421697 2.272873 9.775368
v 1.396551 2.455491 9.692495
v 1.427512 2.116167 9.704656
v 1.419369 2.175018 9.757231
v 1.435324 2.168285 9.685612
v 1.389776 2.267105 9.715046
v 1.282133 2.206673 10.054015
v 1.647598 2.498931 9.947412
v 1.484415 2.372240 10.025264
v 1.497254 2.363201 9.867941
v 1.649801 2.495643 9.906592
v 1.381668 2.288862 10.045604
v 1.301120 2.194659 9.832111
v 1.236990 2.249242 9.939557
v 1.560838 2.473735 9.969602
v 1.398370 2.278180 9.849495
v 1.587821 2.453888 9.986804
v 1.594585 2.447094 9.887753
v 1.446760 2.406906 9.943774
v 1.565484 2.469169 9.902362
v 1.338166 2.329623 9.944221
v 1.364475 2.473116 10.074840
v 1.486080 1.961932 10.069626
v 1.432202 2.467890 10.200746
v 1.494942 2.037334 10.156911
v 1.398733 2.331669 10.069702
v 1.503431 2.053213 10.082730
v 1.489676 2.185252 10.154800
v 1.505868 2.045103 10.119573
v 1.463984 2.328200 10.181163
v 1.335109 2.425807 10.320546
v 1.481157 1.951432 10.114505
v 1.412900 2.153183 10.239361
v 1.433489 2.187591 10.065318
v 1.267382 2.431035 10.194641
v 1.489654 1.936590 10.084246
v 1.372809 2.289752 10.286829
v 1.455058 2.021721 10.172051
v 1.467532 2.045225 10.062799
v 1.356713 2.155521 10.149879
v 1.415826 2.024970 10.116240
v 1.307558 2.293222 10.175369
v 1.206562 2.035481 10.495448
v 1.574193 2.518393 10.539374
v 1.410201 2.291851 10.557916
v 1.422314 2.364250 10.365765
v 1.281413 2.049551 10.347588
v 1.590581 2.547037 10.516943
v 1.306795 2.159558 10.533421
v 1.469392 2.297778 10.451709
v 1.552136 2.431492 10.491865
v 1.377206 2.169495 10.401910
v 1.224531 2.138670 10.224845
v 1.576199 2.535806 10.488970
v 1.149682 2.124598 10.372704
v 1.481817 2.453215 10.545560
v 1.322597 2.250658 10.294236
v 1.486146 2.483135 10.463023
v 1.514176 2.431481 10.559883
v 1.520473 2.475460 10.438260
v 1.363124 2.358320 10.471971
v 1.480171 2.472491 10.505587
v 1.252185 2.240722 10.425747
v 1.202710 2.295057 10.600520
v 1.332526 1.925723 10.604940
v 1.271220 2.060647 10.551277
v 1.335635 1.949710 10.545430
v 1.236688 2.178995 10.575776
v 1.191159 2.219972 10.798401
v 1.322602 1.858402 10.558090
v 1.263252 2.006721 10.691312
v 1.128923 2.237237 10.696195
v 1.324270 1.873652 10.522218
v 1.226508 2.112551 10.750623
v 1.300623 1.908016 10.616211
v 1.305174 1.943441 10.528583
v 1.212371 2.017325 10.618660
v 1.167050 2.126527 10.660099
v 1.093034 1.863197 10.902801
v 1.340359 2.217162 10.919477
v 1.229525 2.052896 10.939611
v 1.240251 2.096900 10.800189
v 1.342383 2.227554 10.882952
v 1.160119 1.955360 10.926143
v 1.108754 1.926064 10.706417
v 1.037743 1.925662 10.813442
v 1.269244 2.171404 10.926353
v 1.173959 2.010849 10.752564
v 1.299613 2.154753 10.936767
v 1.305480 2.181260 10.848576
v 1.183944 2.099930 10.877025
v 1.273262 2.189446 10.866500
v 1.107104 2.012555 10.847736
v 1.104576 2.060023 11.022039
v 1.161058 2.035383 11.121291
v 1.232536 1.699182 10.967746
v 1.237742 1.679488 10.975743
v 1.222576 1.842192 11.058539
v 1.097583 1.996757 11.193853
v 1.171826 1.813827 11.108581
v 1.176555 1.859275 10.986966
v 1.041102 2.021398 11.094601
v 1.231724 1.686311 10.998943
v 1.125806 1.830910 11.037006
v 1.177835 1.741198 11.002363
v 0.999955 1.746754 11.366840
v 1.217528 2.026676 11.337042
v 1.119924 1.900000 11.373293
v 1.219443 2.030606 11.306392
v 1.058900 1.821841 11.374368
v 1.014513 1.773377 11.201190
v 0.955938 1.785756 11.287411
v 1.156951 1.991675 11.348195
v 1.071720 1.845310 11.227962
v 1.129878 1.918408 11.255766
v 1.160708 1.998911 11.297845
v 1.016627 1.857957 11.304386
v 1.012811 1.988152 11.425717
v 1.098021 1.440461 11.516315
v 1.069539 2.002363 11.564390
v 1.105092 1.535435 11.595974
v 1.037291 1.835945 11.446961
v 1.120601 1.539171 11.516201
v 1.110426 1.692369 11.568485
v 1.119486 1.536873 11.556418
v 1.092847 1.849590 11.569975
v 0.960571 1.981430 11.688955
v 1.088785 1.437243 11.564744
v 1.025164 1.675334 11.656109
v 1.062020 1.681054 11.469479
v 0.903843 1.967220 11.550282
v 1.098612 1.415966 11.536210
v 0.991145 1.829885 11.679602
v 1.063189 1.522702 11.611118
v 1.086012 1.528330 11.493607
v 0.976757 1.664020 11.557104
v 1.028966 1.517675 11.548712
v 0.935590 1.816239 11.556587
v 1.040876 1.994235 11.782958
v 0.961580 1.876549 11.871333
v 1.043492 1.985543 11.751983
v 0.865916 1.713146 11.930141
v 0.820843 1.713173 11.839027
v 0.986086 1.958587 11.809110
v 0.883412 1.671805 11.760456
v 0.973694 1.846714 11.751146
v 0.924219 1.878327 11.806178
v 0.852802 2.036129 11.858509
v 1.014526 1.644851 12.091276
v 0.940327 2.103551 11.970620
v 0.993674 1.744402 12.155303
v 0.897622 1.925911 11.919606
v 0.988321 1.704551 12.046472
v 1.013502 1.863519 12.061336
v 1.035499 1.737118 12.095683
v 0.980370 1.986788 12.018116
v 0.863087 2.129974 12.100692
v 1.016992 1.660578 12.136375
v 0.950828 1.879877 12.154561
v 0.943260 1.814087 11.982600
v 0.775564 2.062552 11.988581
v 0.953020 1.731270 12.141448
v 1.022260 1.633313 12.116152
v 0.906746 2.008753 12.133670
v 0.949410 1.704152 12.067591
v 0.880586 1.830446 12.075827
v 0.945488 1.714719 12.105496
v 0.823998 1.947877 12.035163
v 0.990772 2.241234 12.178565
v 0.908816 2.137696 12.285169
v 0.992936 2.227753 12.151116
v 0.809023 1.984001 12.373005
v 0.765526 1.967486 12.287333
v 0.936206 2.208658 12.210346
v 0.824218 1.916413 12.221395
v 0.919284 2.089273 12.177896
v 0.872832 2.127424 12.223574
v 0.924407 2.104573 12.526943
v 0.920933 2.055509 12.421227
v 0.800299 2.186073 12.335629
v 1.017108 1.968623 12.523097
v 0.958727 2.006318 12.526177
v 1.015527 1.956696 12.495319
v 0.804670 2.255903 12.484473
v 0.882690 2.059776 12.483207
v 0.752924 2.195870 12.421362
v 0.787071 2.108860 12.794260
v 1.026384 2.461254 12.598687
v 0.922072 2.313006 12.714748
v 0.917567 2.279190 12.561993
v 1.024449 2.451293 12.559345
v 0.853982 2.211038 12.760585
v 0.781313 2.062082 12.578568
v 0.722205 2.111901 12.681247
v 0.957742 2.416647 12.634655
v 0.848840 2.169617 12.569988
v 0.989086 2.410219 12.651533
v 0.985354 2.387541 12.555698
v 0.869815 2.317420 12.634202
v 0.955245 2.401309 12.569583
v 0.792582 2.215412 12.660381
v 0.898211 2.159466 12.948326
v 0.892356 2.146822 12.833977
v 0.779491 2.305634 12.795824
v 0.983183 2.025818 12.901278
v 0.923817 2.062124 12.916565
v 0.981032 2.023454 12.871541
v 0.787259 2.324183 12.957064
v 0.848765 2.129807 12.893813
v 0.725711 2.285982 12.879744
v 0.752203 2.075541 13.180506
v 0.951511 2.391160 13.119053
v 0.861914 2.250613 13.172196
v 0.953516 2.392557 13.084546
v 0.806071 2.161760 13.181293
v 0.766885 2.089221 12.993464
v 0.699976 2.109220 13.086967
v 0.890062 2.351150 13.134437
v 0.819005 2.173781 13.015987
v 0.871987 2.259772 13.039543
v 0.818896 2.276844 13.105855
v 0.756004 2.193243 13.098622
v 0.900475 2.096747 13.351641
v 0.894102 2.110904 13.232718
v 0.788550 2.262774 13.229475
v 0.979337 1.986640 13.274006
v 0.925762 2.016329 13.297606
v 0.977094 1.991156 13.243287
v 0.797081 2.243461 13.397324
v 0.856780 2.082746 13.289603
v 0.742601 2.226989 13.310207
v 0.792227 2.030298 13.670738
v 1.119366 2.523255 13.566318
v 0.974221 2.304858 13.649707
v 0.981017 2.313485 13.459401
v 0.879414 2.000839 13.535538
v 1.133446 2.544271 13.538120
v 0.881954 2.165723 13.667361
v 1.043767 2.280015 13.553735
v 1.111821 2.424360 13.549706
v 0.964327 2.137274 13.547808
v 0.802606 2.043663 13.402369
v 1.120109 2.523953 13.516864
v 0.715419 2.073123 13.537573
v 1.026313 2.458268 13.591573
v 0.891056 2.177429 13.430183
v 1.028457 2.460806 13.510177
v 1.066528 2.443868 13.610081
v 1.069615 2.447499 13.490175
v 0.911471 2.338328 13.555375
v 1.022230 2.463849 13.550818
v 0.808685 2.205877 13.549738
v 0.920232 2.027369 13.799901
v 0.912804 2.045129 13.703953
v 0.842575 2.171173 13.709973
v 0.970554 1.940042 13.730462
v 0.929468 1.965298 13.752030
v 0.968239 1.945342 13.705728
v 0.852750 2.146657 13.845430
v 0.879045 2.022070 13.749789
v 0.801211 2.141338 13.775050
v 0.809325 2.016937 14.092967
v 1.141241 2.212851 13.992568
v 0.993453 2.129728 14.062829
v 1.003006 2.114510 13.930203
v 1.142690 2.208250 13.958192
v 0.900005 2.073263 14.082960
v 0.823600 1.995980 13.905871
v 0.778410 2.051240 13.995691
v 1.067973 2.202074 14.012655
v 0.912551 2.054696 13.917614
v 1.087253 2.183965 14.027447
v 1.092064 2.173622 13.943983
v 0.967533 2.158245 13.993506
v 1.071289 2.195082 13.955996
v 0.870164 2.106480 13.996747
v 0.852327 2.201224 14.117845
v 0.876323 2.078523 14.198078
v 0.892360 1.984657 14.266354
v 0.795111 2.245869 14.232801
v 0.835863 2.109769 14.279773
v 0.781475 2.207989 14.162919
v 0.882050 1.992029 14.287901
v 0.887736 2.017928 14.239002
v 0.822014 2.081597 14.228920
v 0.772814 2.308991 14.411566
v 0.693448 2.209601 14.448595
v 0.791816 2.301728 14.395626
v 0.625615 2.071734 14.468189
v 0.646637 2.060400 14.392763
v 0.730641 2.273451 14.408326
v 0.730823 2.037241 14.381247
v 0.767868 2.184702 14.386978
v 0.705179 2.201922 14.392010
v 2.660940 1.134155 -3.114847
v 2.270275 1.056663 -4.577114
v 3.195062 1.100543 -4.289466
v 3.585858 1.682724 -3.001822
v 2.872390 1.751711 -2.596565
v 2.898436 2.929215 -2.656272
v 3.814254 1.095337 -4.668112
v 3.328302 2.862800 -2.934512
v 2.793501 3.812080 -3.479261
v 3.838684 3.263617 -3.655759
v 4.271488 1.427219 -3.610815
v 3.443769 3.244869 -4.913672
v 2.613676 3.927179 -4.796927
v 2.478475 2.902959 -5.569797
v 4.488042 1.258206 -4.237584
v 4.192105 0.965650 -4.964186
v 4.372818 0.669365 -5.178432
v 4.704597 2.417270 -4.135486
v 3.207131 1.700570 -5.257515
v 2.529850 1.573765 -5.467436
v 4.244342 2.554808 -5.070828
v 3.807103 1.673658 -5.277743
v 4.200767 1.571540 -5.653227
v 4.824325 1.680491 -4.618296
v 4.589364 1.855242 -5.530394
v 4.423449 1.088534 -5.994074
v 4.660841 0.770011 -4.730985
v 4.630670 0.370371 -5.993796
v 4.360420 0.370193 -5.200908
v 4.964421 1.160089 -5.812035
v 5.261638 0.469906 -6.115436
v 5.478243 0.644485 -5.575113
v 5.131023 1.137924 -5.137729
v 5.538610 0.667094 -4.932246
v 5.240167 0.683060 -4.593567
v 4.773957 0.672733 -4.470067
v 4.530284 0.556793 -4.690670
v 2.391909 1.916167 2.499211
v 2.568694 1.318990 3.053370
v 2.227705 1.174648 3.323946
v 2.699992 1.792476 2.367550
v 3.081726 1.519092 2.382385
v 2.863444 1.216482 2.749084
v 3.252473 1.076673 2.693548
v 2.912315 2.398176 2.452227
v 2.394664 2.615839 2.643202
v 2.118680 2.994329 2.578087
v 2.337733 3.329814 3.766665
v 1.804966 3.617563 3.894883
v 2.351179 2.434809 4.756187
v 1.796321 2.450459 5.073554
v 2.031907 1.161670 4.625598
v 2.537282 3.117551 3.675718
v 2.530285 2.128851 4.395201
v 2.926252 2.731553 3.464745
v 2.589044 1.285495 4.144371
v 2.839208 2.000521 4.189168
v 2.890042 1.174501 3.758615
v 3.154952 1.639468 3.919628
v 3.345471 2.248357 3.150729
v 3.113026 1.163066 3.575507
v 3.353337 2.020435 2.415068
v 3.416245 1.288932 2.402497
v 3.654712 1.718211 2.658779
v 3.733457 1.083533 2.313773
v 3.484711 0.799375 2.565393
v 4.062582 0.796659 2.533535
v 4.132542 1.418091 2.661820
v 3.920660 1.457894 3.400198
v 4.464826 0.950208 2.909961
v 4.260143 0.925610 3.632033
v 3.840049 0.762829 3.859970
v 3.494945 1.817798 3.212639
v 3.281775 1.538222 3.785974
v 3.566009 1.145959 3.862090
v 3.761042 0.615867 3.516449
v 3.401184 0.855562 3.542382
v 3.791749 0.592192 2.835212
v 4.373616 0.430920 2.597836
v 4.756011 0.487957 2.846505
v 4.663571 0.015063 2.886182
v 4.810559 0.601929 3.423619
v 4.934580 0.339964 3.368646
v 5.017127 0.004647 3.341707
v 5.305228 0.067973 3.592706
v 5.126857 0.421182 3.677631
v 5.399454 0.007650 3.961000
v 5.099578 -0.022473 3.991063
v 5.006438 0.381274 3.898173
v 5.219884 0.020620 4.366621
v 4.710192 0.622814 3.936307
v 4.436225 0.652371 4.161218
v 4.781621 0.418236 4.401752
v 5.115564 0.476465 4.457717
v 5.192921 0.314516 4.353886
v 5.308124 -0.110520 4.787801
v 5.055105 0.325035 4.624007
v 5.050187 0.028232 4.658597
v 4.824240 -0.044860 4.502206
v 4.817701 0.039154 4.820276
v 4.823622 0.361763 4.831137
v 4.764744 -0.085437 5.225821
v 4.720979 0.495478 4.985805
v 4.476761 0.446920 4.582194
v 4.581666 0.379174 4.965383
v 4.592179 0.116077 4.938021
v 4.482089 -0.019017 4.678111
v 4.362247 0.150815 5.037894
v 4.385971 0.402106 5.039827
v 4.239450 -0.064950 5.437914
v 4.260976 0.547162 5.077922
v 4.106007 0.459430 4.610919
v 4.145638 0.402868 5.017907
v 4.156466 0.157760 5.017664
v 4.086278 0.001642 4.703604
v 3.946078 0.168491 4.802584
v 4.086791 0.640622 4.115569
v 3.955708 0.415335 4.838231
v 3.752933 -0.037436 4.956889
v 3.842116 0.555281 4.806329
v 3.758018 0.427748 4.699120
v 3.801618 0.181276 4.688568
v 3.832201 0.460672 4.451911
v 3.868297 0.060386 4.290054
v 3.874597 0.500628 4.005250
v 3.839951 0.405951 3.540156
v 3.997354 0.035424 3.281203
v 3.905422 0.312953 3.034136
v 4.380642 0.006984 3.671825
v 5.102480 0.018842 -6.117480
v 5.615984 0.339964 -5.703959
v 5.717474 0.008426 -5.765619
v 6.180654 0.006759 -5.561710
v 5.969788 0.421182 -5.396021
v 6.422528 0.011429 -5.147357
v 6.059011 -0.018694 -4.998808
v 5.905560 0.381274 -5.078995
v 6.330346 0.024399 -4.621956
v 6.290395 0.314515 -4.627974
v 6.580948 -0.106742 -4.141261
v 6.220106 0.476465 -4.474729
v 5.779212 0.418235 -4.393279
v 6.192058 0.325034 -4.251534
v 6.196428 0.032011 -4.207792
v 5.867728 -0.041080 -4.286192
v 5.951640 0.042933 -3.866058
v 5.962960 0.361763 -3.854939
v 5.985826 -0.081658 -3.378931
v 5.851704 0.495477 -3.655148
v 5.459048 0.446919 -3.914784
v 5.659614 0.379174 -3.631120
v 5.664981 0.054863 -3.668043
v 5.496440 -0.015237 -3.800135
v 5.380503 0.089600 -3.475613
v 5.412727 0.402106 -3.481583
v 5.343204 -0.061171 -2.946646
v 5.258194 0.547162 -3.391490
v 4.916337 0.459430 -3.866028
v 5.085549 0.402868 -3.423963
v 5.099901 0.096546 -3.428053
v 4.919321 0.005421 -3.746522
v 4.792675 0.107277 -3.600979
v 4.803425 0.415335 -3.523760
v 4.570691 -0.033657 -3.308538
v 4.641982 0.555281 -3.522693
v 4.489126 0.460672 -4.001632
v 4.496059 0.427748 -3.623445
v 4.564167 0.120061 -3.688841
v 4.486107 0.064165 -4.210900
v 4.308164 0.039203 -5.567273
v 4.973586 0.010763 -5.141492
v 1.712800 0.974045 -6.125188
v 1.142983 0.721034 -7.595675
v 1.572310 1.672447 -7.969860
v 2.054039 2.006251 -6.456327
v 1.009246 2.670549 -8.199211
v 2.012833 0.401420 -2.947063
v 1.868830 0.328020 -0.414290
v 1.522190 0.538698 2.309984
v 1.868362 0.768896 -4.609765
v 2.711367 0.889475 -0.527120
v 1.597263 2.857020 -6.848919
v 2.222334 1.062290 1.860493
v 2.575680 1.909731 1.362560
v 2.952393 1.784881 -0.659636
v 2.904499 3.059909 -0.973543
v 2.002813 3.733769 -5.877619
v 1.312394 0.679480 4.847948
v 2.371154 3.032117 1.106757
v 2.045048 4.018595 1.019336
v 2.185922 4.334968 -1.256477
v 2.170727 4.447932 -3.320118
v 2.143659 4.281237 -4.793230
v 1.408264 4.841062 -3.411417
v 1.399305 4.726987 -4.868688
v 1.877831 3.776427 2.487062
v 1.073191 4.193240 2.545410
v 1.437223 4.784314 -2.108062
v 1.253095 4.424867 0.910196
v 1.389826 4.041435 -6.036014
v 1.338538 4.634850 -0.776483
v 1.103348 3.282668 -7.199994
v 1.016020 3.960402 3.975433
v 1.815254 1.080423 4.833504
v 0.918032 2.152997 -9.873651
v 1.390075 1.367774 -9.600471
v 0.949477 0.638724 -9.389552
v 0.879074 0.607433 -11.211719
v 1.239141 1.350574 -11.435522
v 0.904804 1.813659 -11.572112
v 1.119353 1.536258 -13.224413
v 0.899861 0.576143 -12.987726
v 0.651911 0.527860 -14.894242
v 1.000910 1.264369 -15.063642
v 0.495151 0.479577 -16.423656
v 0.747825 0.880704 -18.127821
v 0.882467 1.104139 -16.525757
v 0.613183 0.744499 -19.729879
v 0.507843 0.592771 -21.280172
vt 0.754479 0.087107
vt 0.755792 0.079598
vt 0.749252 0.075884
vt 0.749061 0.078830
vt 0.755809 0.071943
vt 0.749712 0.073339
vt 0.750533 0.092492
vt 0.758155 0.104920
vt 0.760946 0.096013
vt 0.753562 0.065104
vt 0.762220 0.070171
vt 0.761038 0.060283
vt 0.744503 0.074387
vt 0.744878 0.078895
vt 0.746072 0.071189
vt 0.762220 0.083195
vt 0.759412 0.043286
vt 0.765579 0.044724
vt 0.765569 0.037042
vt 0.758956 0.040738
vt 0.764239 0.029496
vt 0.758757 0.037784
vt 0.760202 0.024088
vt 0.770821 0.020655
vt 0.767879 0.011745
vt 0.763161 0.051448
vt 0.770645 0.056170
vt 0.772040 0.046442
vt 0.755723 0.045355
vt 0.754172 0.042169
vt 0.754554 0.037687
vt 0.772040 0.033459
vt 0.953143 0.136477
vt 0.954037 0.131749
vt 0.951175 0.129734
vt 0.950896 0.131608
vt 0.954072 0.126890
vt 0.951391 0.128073
vt 0.950435 0.139781
vt 0.954683 0.147771
vt 0.956719 0.142124
vt 0.952610 0.122658
vt 0.957733 0.125699
vt 0.956879 0.119504
vt 0.948377 0.128787
vt 0.948314 0.131580
vt 0.949205 0.126676
vt 0.957733 0.133954
vt 0.968499 0.151370
vt 0.971246 0.152567
vt 0.971216 0.147695
vt 0.968282 0.149704
vt 0.970308 0.142944
vt 0.968000 0.147823
vt 0.967533 0.139634
vt 0.973960 0.137333
vt 0.971814 0.131695
vt 0.969647 0.156715
vt 0.973921 0.159821
vt 0.974942 0.153732
vt 0.966265 0.152704
vt 0.965452 0.150606
vt 0.965400 0.147831
vt 0.974942 0.145497
vt 0.955754 0.061929
vt 0.953083 0.057850
vt 0.953178 0.056398
vt 0.956401 0.058229
vt 0.953405 0.055144
vt 0.956410 0.054456
vt 0.958941 0.066318
vt 0.957566 0.070708
vt 0.953809 0.064583
vt 0.955302 0.051085
vt 0.958987 0.048709
vt 0.959569 0.053583
vt 0.951022 0.057882
vt 0.950837 0.055660
vt 0.951611 0.054084
vt 0.959569 0.060001
vt 0.866558 0.080894
vt 0.866333 0.079639
vt 0.869592 0.077817
vt 0.869597 0.081603
vt 0.866235 0.078183
vt 0.868937 0.074098
vt 0.866947 0.071433
vt 0.870731 0.065350
vt 0.872181 0.069741
vt 0.872782 0.082450
vt 0.872094 0.087244
vt 0.868406 0.084917
vt 0.864740 0.081914
vt 0.863975 0.080344
vt 0.864164 0.078135
vt 0.872782 0.076051
vt 0.819689 0.089758
vt 0.820816 0.082612
vt 0.814544 0.079192
vt 0.814410 0.081991
vt 0.820737 0.075363
vt 0.814942 0.076771
vt 0.816033 0.094937
vt 0.823478 0.106611
vt 0.825978 0.098106
vt 0.818630 0.068919
vt 0.827004 0.073632
vt 0.826507 0.064396
vt 0.810012 0.077843
vt 0.810439 0.082120
vt 0.811456 0.074781
vt 0.827004 0.085927
vt 0.776367 0.076730
vt 0.782227 0.078174
vt 0.782312 0.070902
vt 0.775973 0.074306
vt 0.781168 0.063720
vt 0.775831 0.071499
vt 0.777424 0.058519
vt 0.787564 0.055434
vt 0.784918 0.046924
vt 0.779963 0.084513
vt 0.787827 0.088960
vt 0.788541 0.079856
vt 0.772837 0.078643
vt 0.771408 0.075593
vt 0.771841 0.071341
vt 0.788541 0.067600
vt 0.956662 0.174601
vt 0.953499 0.169770
vt 0.953611 0.168050
vt 0.957428 0.170219
vt 0.953880 0.166565
vt 0.957439 0.165750
vt 0.960436 0.179800
vt 0.958808 0.184999
vt 0.954359 0.177745
vt 0.956127 0.161758
vt 0.960491 0.158944
vt 0.961180 0.164716
vt 0.951058 0.169808
vt 0.950839 0.167177
vt 0.951755 0.165310
vt 0.961180 0.172318
vt 0.968086 0.114749
vt 0.967819 0.113262
vt 0.971679 0.111104
vt 0.971685 0.115588
vt 0.967703 0.111538
vt 0.970903 0.106700
vt 0.968546 0.103543
vt 0.973028 0.096339
vt 0.974745 0.101540
vt 0.975456 0.116591
vt 0.974642 0.122269
vt 0.970274 0.119513
vt 0.965932 0.115957
vt 0.965027 0.114097
vt 0.965250 0.111481
vt 0.975456 0.109013
vt 0.972506 0.078838
vt 0.973215 0.075086
vt 0.970944 0.073486
vt 0.970723 0.074974
vt 0.973243 0.071229
vt 0.971116 0.072168
vt 0.970357 0.081461
vt 0.973728 0.087802
vt 0.975344 0.083320
vt 0.972083 0.067870
vt 0.976149 0.070284
vt 0.975472 0.065367
vt 0.968723 0.072735
vt 0.968673 0.074952
vt 0.969381 0.071059
vt 0.976149 0.076836
vt 0.989013 0.092524
vt 0.991193 0.093474
vt 0.991169 0.089607
vt 0.988841 0.091201
vt 0.990449 0.085836
vt 0.988617 0.089708
vt 0.988246 0.083209
vt 0.993347 0.081382
vt 0.991644 0.076907
vt 0.989925 0.096766
vt 0.993316 0.099231
vt 0.994127 0.094398
vt 0.987240 0.093582
vt 0.986594 0.091917
vt 0.986553 0.089715
vt 0.994127 0.087862
vt 0.819689 0.089758
vt 0.814410 0.081991
vt 0.814544 0.079192
vt 0.820816 0.082612
vt 0.814942 0.076771
vt 0.820737 0.075363
vt 0.825978 0.098106
vt 0.823478 0.106611
vt 0.816033 0.094937
vt 0.818630 0.068919
vt 0.826507 0.064396
vt 0.827004 0.073632
vt 0.810439 0.082120
vt 0.810012 0.077843
vt 0.811456 0.074781
vt 0.827004 0.085927
vt 0.776367 0.076730
vt 0.775973 0.074306
vt 0.782312 0.070902
vt 0.782227 0.078174
vt 0.775831 0.071499
vt 0.781168 0.063720
vt 0.777424 0.058519
vt 0.784918 0.046924
vt 0.787564 0.055434
vt 0.788541 0.079856
vt 0.787827 0.088960
vt 0.779963 0.084513
vt 0.772837 0.078643
vt 0.771408 0.075593
vt 0.771841 0.071341
vt 0.788541 0.067600
vt 0.754479 0.087107
vt 0.749061 0.078830
vt 0.749252 0.075884
vt 0.755792 0.079598
vt 0.749712 0.073339
vt 0.755809 0.071943
vt 0.760946 0.096013
vt 0.758155 0.104920
vt 0.750533 0.092492
vt 0.753562 0.065104
vt 0.761038 0.060283
vt 0.762220 0.070171
vt 0.744878 0.078895
vt 0.744503 0.074387
vt 0.746072 0.071189
vt 0.762220 0.083195
vt 0.759412 0.043286
vt 0.758956 0.040738
vt 0.765569 0.037042
vt 0.765579 0.044724
vt 0.758757 0.037784
vt 0.764239 0.029496
vt 0.760202 0.024088
vt 0.767879 0.011745
vt 0.770821 0.020655
vt 0.772040 0.046442
vt 0.770645 0.056170
vt 0.763161 0.051448
vt 0.755723 0.045355
vt 0.754172 0.042169
vt 0.754554 0.037687
vt 0.772040 0.033459
vt 0.788001 0.023289
vt 0.788876 0.018659
vt 0.786073 0.016685
vt 0.785800 0.018520
vt 0.788911 0.013900
vt 0.786285 0.015058
vt 0.785348 0.026525
vt 0.789509 0.034350
vt 0.791503 0.028820
vt 0.787479 0.009754
vt 0.792496 0.012734
vt 0.791660 0.006666
vt 0.783333 0.015757
vt 0.783271 0.018493
vt 0.784144 0.013690
vt 0.792496 0.020818
vt 0.970420 0.198607
vt 0.973110 0.199779
vt 0.973081 0.195007
vt 0.970207 0.196974
vt 0.972192 0.190354
vt 0.969932 0.195132
vt 0.969474 0.187112
vt 0.975768 0.184858
vt 0.973666 0.179336
vt 0.971545 0.203841
vt 0.975730 0.206883
vt 0.976731 0.200919
vt 0.968232 0.199913
vt 0.967435 0.197858
vt 0.967385 0.195140
vt 0.976731 0.192854
vt 0.865272 0.032216
vt 0.865284 0.026944
vt 0.861085 0.027906
vt 0.860768 0.029658
vt 0.864368 0.037386
vt 0.861651 0.041095
vt 0.866899 0.049653
vt 0.868821 0.043519
vt 0.863736 0.022235
vt 0.869698 0.025724
vt 0.868885 0.018914
vt 0.860636 0.031686
vt 0.857498 0.028627
vt 0.857756 0.031732
vt 0.858578 0.026425
vt 0.869698 0.034692
vt 0.748223 0.134528
vt 0.752470 0.135518
vt 0.752463 0.130228
vt 0.747909 0.132774
vt 0.751547 0.125032
vt 0.747773 0.130739
vt 0.748767 0.121308
vt 0.756080 0.118944
vt 0.754054 0.112809
vt 0.750805 0.140149
vt 0.755959 0.143400
vt 0.756920 0.136701
vt 0.745683 0.135953
vt 0.744615 0.133759
vt 0.744878 0.130673
vt 0.756920 0.127761
vt 0.846822 0.078689
vt 0.842353 0.071598
vt 0.842556 0.069136
vt 0.848122 0.072363
vt 0.842925 0.066991
vt 0.848097 0.065873
vt 0.852038 0.086504
vt 0.848419 0.094436
vt 0.842468 0.083435
vt 0.845609 0.059297
vt 0.851934 0.054911
vt 0.853566 0.064268
vt 0.838189 0.071572
vt 0.838003 0.067653
vt 0.839313 0.064855
vt 0.853566 0.075528
vt 0.823489 0.043243
vt 0.823114 0.041101
vt 0.828824 0.037941
vt 0.828791 0.044437
vt 0.822883 0.038618
vt 0.827466 0.031536
vt 0.822933 0.026636
vt 0.828992 0.015748
vt 0.832861 0.023809
vt 0.834342 0.045976
vt 0.832346 0.054888
vt 0.825991 0.050690
vt 0.819757 0.045161
vt 0.818456 0.042394
vt 0.818646 0.038513
vt 0.834342 0.034806
vt 0.801505 0.055300
vt 0.802536 0.050311
vt 0.798145 0.047808
vt 0.797976 0.049749
vt 0.802519 0.045234
vt 0.798442 0.046129
vt 0.798087 0.059114
vt 0.802789 0.067747
vt 0.805624 0.061428
vt 0.800541 0.040199
vt 0.806816 0.043980
vt 0.805512 0.036797
vt 0.794558 0.046717
vt 0.794703 0.049789
vt 0.795594 0.044531
vt 0.806816 0.052790
vt 0.797916 0.108027
vt 0.802060 0.108941
vt 0.802086 0.103820
vt 0.797626 0.106340
vt 0.801044 0.098809
vt 0.797458 0.104394
vt 0.797557 0.095065
vt 0.805273 0.092732
vt 0.802318 0.086519
vt 0.799937 0.113938
vt 0.804922 0.117241
vt 0.806411 0.110134
vt 0.795036 0.109600
vt 0.794019 0.107422
vt 0.794179 0.104374
vt 0.806411 0.101342
vt 0.986920 0.124072
vt 0.987712 0.119541
vt 0.983766 0.117299
vt 0.983650 0.119077
vt 0.987723 0.114921
vt 0.984043 0.115764
vt 0.984539 0.127322
vt 0.989139 0.134822
vt 0.990823 0.129446
vt 0.986367 0.110794
vt 0.991591 0.113852
vt 0.990879 0.107884
vt 0.980900 0.116396
vt 0.981126 0.119117
vt 0.981847 0.114466
vt 0.991591 0.121711
vt 0.953390 0.098357
vt 0.957112 0.099225
vt 0.957106 0.094589
vt 0.953115 0.096820
vt 0.956303 0.090035
vt 0.952995 0.095037
vt 0.953867 0.086772
vt 0.960275 0.084700
vt 0.958500 0.079323
vt 0.955652 0.103283
vt 0.960169 0.106132
vt 0.961011 0.100262
vt 0.951164 0.099605
vt 0.950228 0.097683
vt 0.950459 0.094978
vt 0.961011 0.092427
vt 0.788001 0.023289
vt 0.785800 0.018520
vt 0.786073 0.016685
vt 0.788876 0.018659
vt 0.786285 0.015058
vt 0.788911 0.013900
vt 0.791503 0.028820
vt 0.789509 0.034350
vt 0.785348 0.026525
vt 0.787479 0.009754
vt 0.791660 0.006666
vt 0.792496 0.012734
vt 0.783271 0.018493
vt 0.783333 0.015757
vt 0.784144 0.013690
vt 0.792496 0.020818
vt 0.970420 0.198607
vt 0.970207 0.196974
vt 0.973081 0.195007
vt 0.973110 0.199779
vt 0.969932 0.195132
vt 0.972192 0.190354
vt 0.969474 0.187112
vt 0.973666 0.179336
vt 0.975768 0.184858
vt 0.976731 0.200919
vt 0.975730 0.206883
vt 0.971545 0.203841
vt 0.968232 0.199913
vt 0.967435 0.197858
vt 0.967385 0.195140
vt 0.976731 0.192854
vt 0.972506 0.078838
vt 0.970723 0.074974
vt 0.970944 0.073486
vt 0.973215 0.075086
vt 0.971116 0.072168
vt 0.973243 0.071229
vt 0.975344 0.083320
vt 0.973728 0.087802
vt 0.970357 0.081461
vt 0.972083 0.067870
vt 0.975472 0.065367
vt 0.976149 0.070284
vt 0.968673 0.074952
vt 0.968723 0.072735
vt 0.969381 0.071059
vt 0.976149 0.076836
vt 0.989013 0.092524
vt 0.988841 0.091201
vt 0.991169 0.089607
vt 0.991193 0.093474
vt 0.988617 0.089708
vt 0.990449 0.085836
vt 0.988246 0.083209
vt 0.991644 0.076907
vt 0.993347 0.081382
vt 0.994127 0.094398
vt 0.993316 0.099231
vt 0.989925 0.096766
vt 0.987240 0.093582
vt 0.986594 0.091917
vt 0.986553 0.089715
vt 0.994127 0.087862
vt 0.895039 0.028106
vt 0.895838 0.024216
vt 0.892398 0.022265
vt 0.892267 0.023779
vt 0.895826 0.020256
vt 0.892632 0.020954
vt 0.892408 0.031052
vt 0.896108 0.037741
vt 0.898273 0.032861
vt 0.894288 0.016382
vt 0.899178 0.019290
vt 0.898165 0.013759
vt 0.889612 0.021423
vt 0.889735 0.023809
vt 0.890423 0.019727
vt 0.899178 0.026141
vt 0.881832 0.060993
vt 0.885039 0.061713
vt 0.885055 0.057726
vt 0.881606 0.059678
vt 0.884263 0.053823
vt 0.881481 0.058162
vt 0.881641 0.050905
vt 0.887559 0.049101
vt 0.885373 0.044265
vt 0.883463 0.065577
vt 0.887345 0.068152
vt 0.888417 0.062647
vt 0.879645 0.062207
vt 0.878855 0.060511
vt 0.878985 0.058137
vt 0.888417 0.055806
vt 0.773101 0.122244
vt 0.774142 0.116705
vt 0.770476 0.114233
vt 0.770183 0.116420
vt 0.774181 0.111012
vt 0.770752 0.112313
vt 0.769977 0.126141
vt 0.775093 0.135484
vt 0.777415 0.128872
vt 0.772524 0.106057
vt 0.778561 0.109660
vt 0.777618 0.102437
vt 0.767152 0.113085
vt 0.767137 0.116390
vt 0.768198 0.110640
vt 0.778561 0.119315
vt 0.983242 0.171669
vt 0.986743 0.172987
vt 0.986709 0.167280
vt 0.982967 0.169744
vt 0.985652 0.161713
vt 0.982670 0.167548
vt 0.982452 0.157809
vt 0.990054 0.155128
vt 0.987606 0.148524
vt 0.984931 0.177847
vt 0.990029 0.181411
vt 0.991162 0.174307
vt 0.980635 0.173269
vt 0.979607 0.170839
vt 0.979604 0.167556
vt 0.991162 0.164678
vt 0.895039 0.028106
vt 0.892267 0.023779
vt 0.892398 0.022265
vt 0.895838 0.024216
vt 0.892632 0.020954
vt 0.895826 0.020256
vt 0.898273 0.032861
vt 0.896108 0.037741
vt 0.892408 0.031052
vt 0.894288 0.016382
vt 0.898165 0.013759
vt 0.899178 0.019290
vt 0.889735 0.023809
vt 0.889612 0.021423
vt 0.890423 0.019727
vt 0.899178 0.026141
vt 0.881832 0.060993
vt 0.881606 0.059678
vt 0.885055 0.057726
vt 0.885039 0.061713
vt 0.881481 0.058162
vt 0.884263 0.053823
vt 0.881641 0.050905
vt 0.885373 0.044265
vt 0.887559 0.049101
vt 0.888417 0.062647
vt 0.887345 0.068152
vt 0.883463 0.065577
vt 0.879645 0.062207
vt 0.878855 0.060511
vt 0.878985 0.058137
vt 0.888417 0.055806
vt 0.953143 0.136477
vt 0.950896 0.131608
vt 0.951175 0.129734
vt 0.954037 0.131749
vt 0.951391 0.128073
vt 0.954072 0.126890
vt 0.956719 0.142124
vt 0.954683 0.147771
vt 0.950435 0.139781
vt 0.952610 0.122658
vt 0.956879 0.119504
vt 0.957733 0.125699
vt 0.948314 0.131580
vt 0.948377 0.128787
vt 0.949205 0.126676
vt 0.957733 0.133954
vt 0.968499 0.151370
vt 0.968282 0.149704
vt 0.971216 0.147695
vt 0.971246 0.152567
vt 0.968000 0.147823
vt 0.970308 0.142944
vt 0.967533 0.139634
vt 0.971814 0.131695
vt 0.973960 0.137333
vt 0.974942 0.153732
vt 0.973921 0.159821
vt 0.969647 0.156715
vt 0.966265 0.152704
vt 0.965452 0.150606
vt 0.965400 0.147831
vt 0.974942 0.145497
vt 0.846822 0.078689
vt 0.848122 0.072363
vt 0.842556 0.069136
vt 0.842353 0.071598
vt 0.848097 0.065873
vt 0.842925 0.066991
vt 0.842468 0.083435
vt 0.848419 0.094436
vt 0.852038 0.086504
vt 0.845609 0.059297
vt 0.853566 0.064268
vt 0.851934 0.054911
vt 0.838003 0.067653
vt 0.838189 0.071572
vt 0.839313 0.064855
vt 0.853566 0.075528
vt 0.823489 0.043243
vt 0.828791 0.044437
vt 0.828824 0.037941
vt 0.823114 0.041101
vt 0.827466 0.031536
vt 0.822883 0.038618
vt 0.822933 0.026636
vt 0.832861 0.023809
vt 0.828992 0.015748
vt 0.825991 0.050690
vt 0.832346 0.054888
vt 0.834342 0.045976
vt 0.819757 0.045161
vt 0.818456 0.042394
vt 0.818646 0.038513
vt 0.834342 0.034806
vt 0.801505 0.055300
vt 0.797976 0.049749
vt 0.798145 0.047808
vt 0.802536 0.050311
vt 0.798442 0.046129
vt 0.802519 0.045234
vt 0.805624 0.061428
vt 0.802789 0.067747
vt 0.798087 0.059114
vt 0.800541 0.040199
vt 0.805512 0.036797
vt 0.806816 0.043980
vt 0.794703 0.049789
vt 0.794558 0.046717
vt 0.795594 0.044531
vt 0.806816 0.052790
vt 0.797916 0.108027
vt 0.797626 0.106340
vt 0.802086 0.103820
vt 0.802060 0.108941
vt 0.797458 0.104394
vt 0.801044 0.098809
vt 0.797557 0.095065
vt 0.802318 0.086519
vt 0.805273 0.092732
vt 0.806411 0.110134
vt 0.804922 0.117241
vt 0.799937 0.113938
vt 0.795036 0.109600
vt 0.794019 0.107422
vt 0.794179 0.104374
vt 0.806411 0.101342
vt 0.773101 0.122244
vt 0.770183 0.116420
vt 0.770476 0.114233
vt 0.774142 0.116705
vt 0.770752 0.112313
vt 0.774181 0.111012
vt 0.777415 0.128872
vt 0.775093 0.135484
vt 0.769977 0.126141
vt 0.772524 0.106057
vt 0.777618 0.102437
vt 0.778561 0.109660
vt 0.767137 0.116390
vt 0.767152 0.113085
vt 0.768198 0.110640
vt 0.778561 0.119315
vt 0.983242 0.171669
vt 0.982967 0.169744
vt 0.986709 0.167280
vt 0.986743 0.172987
vt 0.982670 0.167548
vt 0.985652 0.161713
vt 0.982452 0.157809
vt 0.987606 0.148524
vt 0.990054 0.155128
vt 0.991162 0.174307
vt 0.990029 0.181411
vt 0.984931 0.177847
vt 0.980635 0.173269
vt 0.979607 0.170839
vt 0.979604 0.167556
vt 0.991162 0.164678
vt 0.966633 0.029477
vt 0.962247 0.022777
vt 0.962402 0.020392
vt 0.967696 0.023399
vt 0.962775 0.018332
vt 0.967711 0.017201
vt 0.971868 0.036687
vt 0.969609 0.043898
vt 0.963439 0.033837
vt 0.965891 0.011665
vt 0.971944 0.007762
vt 0.972900 0.015767
vt 0.958861 0.022830
vt 0.958557 0.019180
vt 0.959828 0.016591
vt 0.972900 0.026310
vt 0.985014 0.056005
vt 0.984645 0.053943
vt 0.989998 0.050950
vt 0.990006 0.057169
vt 0.984484 0.051552
vt 0.988922 0.044842
vt 0.985654 0.040464
vt 0.991869 0.030472
vt 0.994250 0.037685
vt 0.995237 0.058560
vt 0.994107 0.066435
vt 0.988049 0.062613
vt 0.982028 0.057680
vt 0.980772 0.055101
vt 0.981082 0.051473
vt 0.995237 0.048050
vt 0.865272 0.032216
vt 0.860768 0.029658
vt 0.861085 0.027906
vt 0.865284 0.026944
vt 0.864368 0.037386
vt 0.868821 0.043519
vt 0.866899 0.049653
vt 0.861651 0.041095
vt 0.863736 0.022235
vt 0.868885 0.018914
vt 0.869698 0.025724
vt 0.860636 0.031686
vt 0.857756 0.031732
vt 0.857498 0.028627
vt 0.858578 0.026425
vt 0.869698 0.034692
vt 0.748223 0.134528
vt 0.747909 0.132774
vt 0.752463 0.130228
vt 0.752470 0.135518
vt 0.747773 0.130739
vt 0.751547 0.125032
vt 0.748767 0.121308
vt 0.754054 0.112809
vt 0.756080 0.118944
vt 0.756920 0.136701
vt 0.755959 0.143400
vt 0.750805 0.140149
vt 0.745683 0.135953
vt 0.744615 0.133759
vt 0.744878 0.130673
vt 0.756920 0.127761
vt 0.966633 0.029477
vt 0.967696 0.023399
vt 0.962402 0.020392
vt 0.962247 0.022777
vt 0.967711 0.017201
vt 0.962775 0.018332
vt 0.963439 0.033837
vt 0.969609 0.043898
vt 0.971868 0.036687
vt 0.965891 0.011665
vt 0.972900 0.015767
vt 0.971944 0.007762
vt 0.958557 0.019180
vt 0.958861 0.022830
vt 0.959828 0.016591
vt 0.972900 0.026310
vt 0.985014 0.056005
vt 0.990006 0.057169
vt 0.989998 0.050950
vt 0.984645 0.053943
vt 0.988922 0.044842
vt 0.984484 0.051552
vt 0.985654 0.040464
vt 0.994250 0.037685
vt 0.991869 0.030472
vt 0.988049 0.062613
vt 0.994107 0.066435
vt 0.995237 0.058560
vt 0.982028 0.057680
vt 0.980772 0.055101
vt 0.981082 0.051473
vt 0.995237 0.048050
vt 0.986920 0.124072
vt 0.983650 0.119077
vt 0.983766 0.117299
vt 0.987712 0.119541
vt 0.984043 0.115764
vt 0.987723 0.114921
vt 0.990823 0.129446
vt 0.989139 0.134822
vt 0.984539 0.127322
vt 0.986367 0.110794
vt 0.990879 0.107884
vt 0.991591 0.113852
vt 0.981126 0.119117
vt 0.980900 0.116396
vt 0.981847 0.114466
vt 0.991591 0.121711
vt 0.953390 0.098357
vt 0.953115 0.096820
vt 0.957106 0.094589
vt 0.957112 0.099225
vt 0.952995 0.095037
vt 0.956303 0.090035
vt 0.953867 0.086772
vt 0.958500 0.079323
vt 0.960275 0.084700
vt 0.961011 0.100262
vt 0.960169 0.106132
vt 0.955652 0.103283
vt 0.951164 0.099605
vt 0.950228 0.097683
vt 0.950459 0.094978
vt 0.961011 0.092427
vt 0.955754 0.061929
vt 0.956401 0.058229
vt 0.953178 0.056398
vt 0.953083 0.057850
vt 0.956410 0.054456
vt 0.953405 0.055144
vt 0.953809 0.064583
vt 0.957566 0.070708
vt 0.958941 0.066318
vt 0.955302 0.051085
vt 0.959569 0.053583
vt 0.958987 0.048709
vt 0.950837 0.055660
vt 0.951022 0.057882
vt 0.951611 0.054084
vt 0.959569 0.060001
vt 0.866558 0.080894
vt 0.869597 0.081603
vt 0.869592 0.077817
vt 0.866333 0.079639
vt 0.868937 0.074098
vt 0.866235 0.078183
vt 0.866947 0.071433
vt 0.872181 0.069741
vt 0.870731 0.065350
vt 0.868406 0.084917
vt 0.872094 0.087244
vt 0.872782 0.082450
vt 0.864740 0.081914
vt 0.863975 0.080344
vt 0.864164 0.078135
vt 0.872782 0.076051
vt 0.956662 0.174601
vt 0.957428 0.170219
vt 0.953611 0.168050
vt 0.953499 0.169770
vt 0.957439 0.165750
vt 0.953880 0.166565
vt 0.954359 0.177745
vt 0.958808 0.184999
vt 0.960436 0.179800
vt 0.956127 0.161758
vt 0.961180 0.164716
vt 0.960491 0.158944
vt 0.950839 0.167177
vt 0.951058 0.169808
vt 0.951755 0.165310
vt 0.961180 0.172318
vt 0.968086 0.114749
vt 0.971685 0.115588
vt 0.971679 0.111104
vt 0.967819 0.113262
vt 0.970903 0.106700
vt 0.967703 0.111538
vt 0.968546 0.103543
vt 0.974745 0.101540
vt 0.973028 0.096339
vt 0.970274 0.119513
vt 0.974642 0.122269
vt 0.975456 0.116591
vt 0.965932 0.115957
vt 0.965027 0.114097
vt 0.965250 0.111481
vt 0.975456 0.109013
vt 0.819962 0.288138
vt 0.819443 0.293684
vt 0.816975 0.293574
vt 0.817450 0.286752
vt 0.843451 0.297403
vt 0.843981 0.292300
vt 0.848273 0.291476
vt 0.847528 0.298313
vt 0.824597 0.303978
vt 0.830237 0.306965
vt 0.828931 0.310284
vt 0.823043 0.306165
vt 0.833335 0.278875
vt 0.827852 0.278667
vt 0.826797 0.275697
vt 0.833510 0.276079
vt 0.823012 0.282354
vt 0.821207 0.280346
vt 0.822135 0.300972
vt 0.819499 0.301448
vt 0.820333 0.297976
vt 0.818120 0.298013
vt 0.838855 0.281682
vt 0.841003 0.278607
vt 0.842280 0.286911
vt 0.845724 0.284660
vt 0.834198 0.307257
vt 0.834418 0.309996
vt 0.841436 0.301424
vt 0.844328 0.303924
vt 0.837614 0.305678
vt 0.839237 0.308109
vt 0.850668 0.290967
vt 0.847950 0.282855
vt 0.850617 0.281017
vt 0.853489 0.290742
vt 0.813295 0.293132
vt 0.814830 0.298689
vt 0.809693 0.300343
vt 0.807688 0.292580
vt 0.825820 0.273430
vt 0.818840 0.277917
vt 0.815127 0.274316
vt 0.824326 0.269546
vt 0.827443 0.312265
vt 0.833963 0.312792
vt 0.833358 0.316716
vt 0.825908 0.315477
vt 0.821224 0.308183
vt 0.818545 0.311549
vt 0.817231 0.303754
vt 0.813481 0.306430
vt 0.814340 0.285269
vt 0.809319 0.282851
vt 0.833895 0.273302
vt 0.834650 0.269810
vt 0.841749 0.276880
vt 0.843621 0.273270
vt 0.850342 0.299157
vt 0.852934 0.300213
vt 0.846413 0.305687
vt 0.849168 0.307284
vt 0.840285 0.310470
vt 0.841215 0.313630
vt 0.822978 0.263486
vt 0.836278 0.265410
vt 0.831090 0.323135
vt 0.820856 0.321517
vt 0.797490 0.291243
vt 0.802021 0.278683
vt 0.855500 0.279234
vt 0.861169 0.291087
vt 0.846590 0.269870
vt 0.859504 0.303083
vt 0.854201 0.312076
vt 0.843757 0.319449
vt 0.802049 0.302818
vt 0.813923 0.316376
vt 0.807526 0.310527
vt 0.809488 0.269064
vt 0.834178 0.249125
vt 0.844626 0.252512
vt 0.842991 0.258209
vt 0.831019 0.255093
vt 0.825058 0.248957
vt 0.829686 0.246625
vt 0.824409 0.243030
vt 0.829862 0.243706
vt 0.828910 0.238359
vt 0.832479 0.241395
vt 0.837666 0.240479
vt 0.834805 0.236275
vt 0.848517 0.241167
vt 0.845654 0.236334
vt 0.854326 0.254489
vt 0.853536 0.260711
vt 0.860242 0.242315
vt 0.860345 0.247394
vt 0.873368 0.272322
vt 0.874217 0.266006
vt 0.878081 0.256940
vt 0.878718 0.253256
vt 0.888701 0.275821
vt 0.887324 0.282053
vt 0.896564 0.264362
vt 0.892969 0.268523
vt 0.901501 0.290059
vt 0.896383 0.293179
vt 0.906167 0.298723
vt 0.900377 0.302001
vt 0.904709 0.313206
vt 0.911653 0.309319
vt 0.911448 0.329109
vt 0.904898 0.331081
vt 0.910923 0.278575
vt 0.906223 0.282138
vt 0.917565 0.290333
vt 0.912160 0.292427
vt 0.917203 0.303447
vt 0.924169 0.304086
vt 0.922905 0.325687
vt 0.918587 0.325468
vt 0.912284 0.344453
vt 0.905582 0.347025
vt 0.924076 0.342681
vt 0.919789 0.342767
vt 0.916243 0.358107
vt 0.909941 0.360604
vt 0.926930 0.355135
vt 0.922193 0.355836
vt 0.933825 0.375911
vt 0.937903 0.372613
vt 0.921234 0.379419
vt 0.926827 0.376069
vt 0.934206 0.391366
vt 0.929378 0.395102
vt 0.944781 0.389272
vt 0.941222 0.391495
vt 0.938648 0.404513
vt 0.934830 0.406340
vt 0.949868 0.402704
vt 0.944654 0.403358
vt 0.938090 0.415864
vt 0.933775 0.417292
vt 0.949338 0.418661
vt 0.944820 0.418419
vt 0.935856 0.427583
vt 0.930998 0.429360
vt 0.946090 0.430208
vt 0.941932 0.430229
vt 0.933539 0.440274
vt 0.928638 0.442685
vt 0.943359 0.442589
vt 0.939240 0.443055
vt 0.934328 0.454949
vt 0.929867 0.457713
vt 0.943242 0.452976
vt 0.940337 0.453766
vt 0.938610 0.467519
vt 0.934176 0.470274
vt 0.948305 0.464938
vt 0.945491 0.465550
vt 0.944392 0.478545
vt 0.939661 0.481269
vt 0.954639 0.475825
vt 0.951949 0.475957
vt 0.950158 0.486369
vt 0.946235 0.487955
vt 0.957657 0.483691
vt 0.955569 0.484386
vt 0.954055 0.493457
vt 0.951358 0.494032
vt 0.960141 0.493294
vt 0.957452 0.493185
vt 0.954696 0.500740
vt 0.952489 0.502377
vt 0.960852 0.500320
vt 0.958483 0.500297
vt 0.954687 0.507380
vt 0.952317 0.508399
vt 0.961197 0.506933
vt 0.958812 0.506876
vt 0.954937 0.514192
vt 0.951655 0.514589
vt 0.962929 0.512358
vt 0.959736 0.513438
vt 0.955454 0.521765
vt 0.951816 0.522189
vt 0.964816 0.521087
vt 0.960792 0.521503
vt 0.846921 0.247393
vt 0.856636 0.250521
vt 0.839143 0.245577
vt 0.875106 0.260488
vt 0.891717 0.271166
vt 0.903923 0.284829
vt 0.910686 0.295400
vt 0.915213 0.307432
vt 0.916459 0.326807
vt 0.916911 0.343744
vt 0.920328 0.357208
vt 0.937943 0.391247
vt 0.942407 0.404321
vt 0.930452 0.375524
vt 0.957433 0.515392
vt 0.957920 0.521453
vt 0.941813 0.417161
vt 0.939571 0.428922
vt 0.937043 0.441662
vt 0.937539 0.454362
vt 0.942314 0.466512
vt 0.948411 0.476746
vt 0.953333 0.485006
vt 0.955780 0.493190
vt 0.956208 0.500991
vt 0.956843 0.508181
vt 0.940961 0.497913
vt 0.937553 0.497763
vt 0.937242 0.495341
vt 0.942261 0.495964
vt 0.947651 0.498475
vt 0.945368 0.500937
vt 0.947712 0.504873
vt 0.950363 0.502982
vt 0.940201 0.511217
vt 0.945330 0.511573
vt 0.946618 0.514865
vt 0.939299 0.514832
vt 0.933293 0.511428
vt 0.935969 0.508638
vt 0.934957 0.499515
vt 0.933219 0.497225
vt 0.950536 0.509217
vt 0.947784 0.508519
vt 0.933538 0.501993
vt 0.929188 0.501112
vt 0.936912 0.519572
vt 0.929640 0.515296
vt 0.945873 0.522052
vt 0.807749 0.322464
vt 0.801274 0.316794
vt 0.814868 0.328750
vt 0.791977 0.307456
vt 0.785857 0.297584
vt 0.819045 0.332656
vt 0.835900 0.331710
vt 0.826296 0.340016
vt 0.848923 0.327882
vt 0.863018 0.317891
vt 0.867649 0.304492
vt 0.869010 0.289125
vt 0.861741 0.275052
vt 0.850274 0.266961
vt 0.845294 0.342239
vt 0.836363 0.351525
vt 0.856058 0.333653
vt 0.867756 0.322206
vt 0.877754 0.305939
vt 0.877536 0.286727
vt 0.789661 0.283548
vt 0.791714 0.272369
vt 0.780774 0.286154
vt 0.802468 0.262145
vt 0.839389 0.261745
vt 0.828140 0.259092
vt 0.884640 0.286187
vt 0.889364 0.298695
vt 0.893639 0.308431
vt 0.883981 0.318771
vt 0.851895 0.350505
vt 0.842635 0.359456
vt 0.861702 0.341825
vt 0.872741 0.331168
vt 0.819955 0.251574
vt 0.818237 0.241780
vt 0.825014 0.234415
vt 0.832355 0.230745
vt 0.846642 0.230292
vt 0.862958 0.235184
vt 0.881570 0.245602
vt 0.901851 0.257569
vt 0.918599 0.271317
vt 0.929356 0.285050
vt 0.935097 0.300896
vt 0.935649 0.325743
vt 0.934428 0.342375
vt 0.937949 0.355267
vt 0.945140 0.370086
vt 0.951047 0.386953
vt 0.954349 0.403585
vt 0.954769 0.419049
vt 0.952203 0.431987
vt 0.960126 0.474211
vt 0.963448 0.482908
vt 0.955670 0.463808
vt 0.952556 0.453361
vt 0.951052 0.443451
vt 0.965903 0.490972
vt 0.966060 0.498170
vt 0.967360 0.505202
vt 0.969167 0.511320
vt 0.972163 0.517880
vt 0.812672 0.255867
vt 0.806817 0.245675
vt 0.777030 0.276945
vt 0.772779 0.260207
vt 0.786044 0.257260
vt 0.796935 0.250846
vt 0.770337 0.241605
vt 0.782107 0.239551
vt 0.792603 0.236320
vt 0.801898 0.232636
vt 0.810828 0.229044
vt 0.818669 0.222668
vt 0.769662 0.226076
vt 0.795195 0.211387
vt 0.817805 0.210783
vt 0.831364 0.220028
vt 0.848612 0.219812
vt 0.867839 0.223648
vt 0.889676 0.231593
vt 0.909705 0.245684
vt 0.925605 0.258593
vt 0.937717 0.276472
vt 0.943358 0.298946
vt 0.943785 0.326193
vt 0.944542 0.341953
vt 0.947829 0.354386
vt 0.953809 0.367217
vt 0.960743 0.385764
vt 0.964067 0.401940
vt 0.962635 0.420169
vt 0.961666 0.432277
vt 0.961041 0.442415
vt 0.967100 0.472182
vt 0.969649 0.480867
vt 0.964377 0.463543
vt 0.961282 0.451784
vt 0.971665 0.488923
vt 0.974290 0.496868
vt 0.974229 0.505049
vt 0.974490 0.510198
vt 0.977641 0.512762
vt 0.866103 0.362699
vt 0.854005 0.375222
vt 0.865655 0.351241
vt 0.876805 0.341787
vt 0.887858 0.329915
vt 0.898541 0.317536
vt 0.931102 0.480831
vt 0.927645 0.471081
vt 0.923686 0.458614
vt 0.922424 0.444269
vt 0.923958 0.430203
vt 0.926692 0.418862
vt 0.925677 0.409135
vt 0.921728 0.397429
vt 0.913809 0.380903
vt 0.904738 0.362519
vt 0.900161 0.348588
vt 0.899728 0.331851
vt 0.890402 0.343143
vt 0.879677 0.353514
vt 0.873170 0.375260
vt 0.862068 0.386508
vt 0.884434 0.365700
vt 0.893800 0.356584
vt 0.880123 0.386499
vt 0.867785 0.394215
vt 0.889959 0.378187
vt 0.899066 0.369604
vt 0.896863 0.405428
vt 0.884139 0.416391
vt 0.895714 0.391683
vt 0.910097 0.400304
vt 0.905199 0.385130
vt 0.903497 0.419222
vt 0.890392 0.427177
vt 0.915183 0.412654
vt 0.921433 0.482444
vt 0.918348 0.472458
vt 0.914771 0.460302
vt 0.912260 0.446865
vt 0.911095 0.431362
vt 0.919022 0.421176
vt 0.895723 0.438736
vt 0.900364 0.451005
vt 0.904279 0.463172
vt 0.908243 0.475517
vt 0.911441 0.486384
vt 0.923551 0.489652
vt 0.913921 0.493943
vt 0.925832 0.495772
vt 0.917158 0.500808
vt 0.920462 0.506549
vt 0.932389 0.493130
vt 0.937905 0.492110
vt 0.943851 0.492772
vt 0.931687 0.487583
vt 0.943300 0.489707
vt 0.938848 0.487652
vt 0.942046 0.505080
vt 0.939686 0.503872
vt 0.937665 0.502856
vt 0.851341 0.209653
vt 0.901159 0.214911
vt 0.918923 0.233357
vt 0.934739 0.252918
vt 0.949672 0.271805
vt 0.955279 0.296944
vt 0.957194 0.319826
vt 0.958401 0.338840
vt 0.961494 0.353652
vt 0.965505 0.368013
vt 0.970002 0.383619
vt 0.975969 0.399839
vt 0.975849 0.418344
vt 0.976001 0.431714
vt 0.975115 0.442832
vt 0.975204 0.451408
vt 0.976453 0.461058
vt 0.977980 0.471085
vt 0.978521 0.480367
vt 0.978518 0.487801
vt 0.986517 0.495236
vt 0.981975 0.506976
vt 0.989228 0.482476
vt 0.990650 0.471407
vt 0.991396 0.459812
vt 0.991634 0.450598
vt 0.991779 0.444377
vt 0.991919 0.433929
vt 0.991829 0.419097
vt 0.991474 0.403366
vt 0.981424 0.390269
vt 0.991131 0.390208
vt 0.979398 0.380508
vt 0.990783 0.379579
vt 0.977579 0.367797
vt 0.990330 0.367625
vt 0.975639 0.353190
vt 0.989684 0.353631
vt 0.970233 0.271007
vt 0.970948 0.294335
vt 0.990369 0.270666
vt 0.989366 0.291857
vt 0.973767 0.337364
vt 0.989040 0.339546
vt 0.972643 0.317000
vt 0.988560 0.316657
vt 0.954863 0.248474
vt 0.973040 0.249396
vt 0.991349 0.249426
vt 0.991919 0.228029
vt 0.974187 0.229326
vt 0.954384 0.229860
vt 0.941599 0.243632
vt 0.935600 0.229679
vt 0.927598 0.212306
vt 0.951841 0.213034
vt 0.973282 0.213096
vt 0.991812 0.212535
vt 0.679824 0.282395
vt 0.683662 0.235297
vt 0.706503 0.233819
vt 0.711548 0.263939
vt 0.709472 0.181617
vt 0.687623 0.206667
vt 0.699853 0.158135
vt 0.711795 0.160355
vt 0.708474 0.206175
vt 0.694117 0.320771
vt 0.833346 0.288748
vt 0.831583 0.287970
vt 0.833605 0.296966
vt 0.834230 0.295425
vt 0.830514 0.287846
vt 0.828566 0.296566
vt 0.829795 0.297603
vt 0.827209 0.290806
vt 0.826938 0.293165
vt 0.827760 0.295157
vt 0.834597 0.292977
vt 0.834233 0.290660
vt 0.828693 0.288759
vt 0.831437 0.298627
vt 0.832247 0.298894
vt 0.832595 0.298599
vt 0.713418 0.404926
vt 0.718113 0.399424
vt 0.723406 0.405181
vt 0.716366 0.408790
vt 0.636625 0.372882
vt 0.642245 0.366490
vt 0.648768 0.370815
vt 0.643805 0.378273
vt 0.647093 0.361018
vt 0.651383 0.356211
vt 0.653461 0.357382
vt 0.651335 0.363385
vt 0.709206 0.409796
vt 0.710705 0.411648
vt 0.723654 0.393091
vt 0.729810 0.399265
vt 0.655373 0.351595
vt 0.705273 0.414445
vt 0.717769 0.413481
vt 0.711315 0.413950
vt 0.732274 0.403299
vt 0.733634 0.412285
vt 0.725091 0.412874
vt 0.656159 0.364139
vt 0.656533 0.371408
vt 0.655830 0.357673
vt 0.648117 0.379659
vt 0.657011 0.379810
vt 0.660918 0.362867
vt 0.664124 0.369948
vt 0.658126 0.357031
vt 0.711062 0.416308
vt 0.724771 0.420816
vt 0.717114 0.418359
vt 0.665791 0.378631
vt 0.733634 0.421154
vt 0.709917 0.418392
vt 0.720611 0.428007
vt 0.714765 0.422698
vt 0.669068 0.377212
vt 0.670657 0.365129
vt 0.676139 0.371996
vt 0.659993 0.355552
vt 0.664822 0.359831
vt 0.732721 0.425019
vt 0.728218 0.432803
vt 0.661137 0.353478
vt 0.667170 0.355512
vt 0.710854 0.425756
vt 0.708049 0.419877
vt 0.726073 0.434907
vt 0.718970 0.440102
vt 0.714049 0.432806
vt 0.674780 0.357965
vt 0.678236 0.369884
vt 0.682699 0.362129
vt 0.706084 0.426815
vt 0.705749 0.420522
vt 0.715612 0.441605
vt 0.706712 0.442643
vt 0.706428 0.434221
vt 0.667835 0.350643
vt 0.675104 0.350080
vt 0.661391 0.351132
vt 0.683561 0.358299
vt 0.683561 0.349512
vt 0.660787 0.348852
vt 0.703389 0.420246
vt 0.698632 0.433617
vt 0.701316 0.426265
vt 0.673460 0.342480
vt 0.682227 0.340631
vt 0.666473 0.345918
vt 0.697984 0.442327
vt 0.692190 0.429220
vt 0.697135 0.423842
vt 0.679952 0.336704
vt 0.668307 0.336709
vt 0.673934 0.330437
vt 0.659342 0.346973
vt 0.663427 0.342149
vt 0.701346 0.419042
vt 0.693521 0.440946
vt 0.686482 0.435385
vt 0.694081 0.420024
vt 0.699875 0.417201
vt 0.680582 0.429047
vt 0.687140 0.423393
vt 0.659235 0.339826
vt 0.661775 0.332411
vt 0.657265 0.345846
vt 0.666781 0.324973
vt 0.678325 0.425128
vt 0.677119 0.416200
vt 0.685568 0.415769
vt 0.654464 0.339356
vt 0.653997 0.332028
vt 0.654939 0.345599
vt 0.699226 0.414925
vt 0.692968 0.415311
vt 0.662115 0.323684
vt 0.653382 0.323677
vt 0.699488 0.412577
vt 0.686055 0.407935
vt 0.693465 0.410548
vt 0.646420 0.333533
vt 0.644782 0.324989
vt 0.652679 0.346187
vt 0.649757 0.340463
vt 0.677294 0.407425
vt 0.640668 0.326814
vt 0.640557 0.338539
vt 0.634275 0.332951
vt 0.650804 0.347615
vt 0.645943 0.343502
vt 0.695823 0.406371
vt 0.700628 0.410491
vt 0.678805 0.403021
vt 0.683990 0.395963
vt 0.690432 0.401419
vt 0.699602 0.403371
vt 0.702510 0.409043
vt 0.690334 0.389624
vt 0.696270 0.396318
vt 0.643538 0.347697
vt 0.636220 0.345012
vt 0.649617 0.349659
vt 0.628864 0.340033
vt 0.642966 0.352505
vt 0.635573 0.352788
vt 0.649297 0.352015
vt 0.704784 0.408431
vt 0.703904 0.394781
vt 0.704273 0.402083
vt 0.627285 0.344283
vt 0.627068 0.353259
vt 0.694591 0.387550
vt 0.703476 0.386391
vt 0.707125 0.408668
vt 0.711615 0.395234
vt 0.709127 0.402587
vt 0.637092 0.360543
vt 0.628241 0.362225
vt 0.649900 0.354328
vt 0.644239 0.357118
vt 0.712139 0.386585
vt 0.716483 0.387781
vt 0.630328 0.366446
vt 0.765136 0.498549
vt 0.770751 0.498520
vt 0.769141 0.504322
vt 0.767771 0.504365
vt 0.769956 0.502287
vt 0.764022 0.490838
vt 0.771827 0.490801
vt 0.635377 0.097413
vt 0.632301 0.104204
vt 0.629751 0.101777
vt 0.632110 0.097223
vt 0.630702 0.104154
vt 0.628821 0.097379
vt 0.636678 0.088410
vt 0.632120 0.088279
vt 0.627566 0.088367
vt 0.630515 0.075309
vt 0.635517 0.075283
vt 0.634080 0.080479
vt 0.632860 0.080518
vt 0.634807 0.078657
vt 0.629524 0.068404
vt 0.636474 0.068371
vt 0.771441 0.524420
vt 0.769433 0.528881
vt 0.767765 0.527287
vt 0.769306 0.524296
vt 0.768387 0.528848
vt 0.767157 0.524398
vt 0.772290 0.518506
vt 0.769313 0.518420
vt 0.766338 0.518477
vt 0.782634 0.348267
vt 0.781058 0.352569
vt 0.777840 0.354798
vt 0.775987 0.348216
vt 0.776889 0.352479
vt 0.783968 0.339569
vt 0.774706 0.339521
vt 0.827519 0.406616
vt 0.830837 0.406423
vt 0.833264 0.410827
vt 0.829095 0.410917
vt 0.832313 0.413146
vt 0.834166 0.406564
vt 0.826184 0.397917
vt 0.830818 0.397783
vt 0.835447 0.397869
vt 0.875121 0.487681
vt 0.880850 0.487651
vt 0.879207 0.493571
vt 0.877809 0.493615
vt 0.880038 0.491495
vt 0.873984 0.479814
vt 0.881947 0.479776
vt 0.870012 0.469990
vt 0.867324 0.475924
vt 0.865095 0.473803
vt 0.867157 0.469823
vt 0.865926 0.475880
vt 0.864283 0.469960
vt 0.871148 0.462122
vt 0.867166 0.462008
vt 0.863185 0.462084
vt 0.847187 0.459379
vt 0.844030 0.465962
vt 0.842393 0.465910
vt 0.840540 0.459328
vt 0.848522 0.450681
vt 0.839259 0.450633
vt 0.783628 0.481853
vt 0.786947 0.481660
vt 0.786100 0.485829
vt 0.788422 0.488383
vt 0.786786 0.488435
vt 0.790275 0.481801
vt 0.782293 0.473154
vt 0.786927 0.473020
vt 0.791556 0.473106
vt 0.893422 0.501439
vt 0.899407 0.501408
vt 0.897690 0.507592
vt 0.896230 0.507637
vt 0.892235 0.493222
vt 0.900553 0.493182
vt 0.768817 0.402201
vt 0.766592 0.405954
vt 0.765834 0.402028
vt 0.766009 0.408399
vt 0.764549 0.408354
vt 0.762833 0.402170
vt 0.770004 0.393984
vt 0.765844 0.393864
vt 0.761686 0.393944
vt 0.824341 0.389136
vt 0.822764 0.393438
vt 0.819547 0.395667
vt 0.817694 0.389085
vt 0.818596 0.393348
vt 0.825675 0.380438
vt 0.816413 0.380390
vt 0.807819 0.485678
vt 0.811138 0.485485
vt 0.813564 0.489889
vt 0.809395 0.489979
vt 0.812613 0.492209
vt 0.814466 0.485626
vt 0.806484 0.476980
vt 0.811117 0.476845
vt 0.815747 0.476931
vt 0.847886 0.487114
vt 0.853870 0.487083
vt 0.852154 0.493266
vt 0.850694 0.493312
vt 0.846699 0.478896
vt 0.855017 0.478857
vt 0.854500 0.482940
vt 0.847100 0.482968
vt 0.818356 0.422238
vt 0.816131 0.425991
vt 0.815373 0.422065
vt 0.815548 0.428437
vt 0.814088 0.428391
vt 0.812371 0.422207
vt 0.819543 0.414021
vt 0.819142 0.418093
vt 0.815448 0.417969
vt 0.815383 0.413901
vt 0.811742 0.418065
vt 0.811225 0.413981
vt 0.654259 0.182844
vt 0.650572 0.190529
vt 0.648661 0.190469
vt 0.646498 0.182784
vt 0.655817 0.172688
vt 0.645002 0.172632
vt 0.795953 0.428778
vt 0.799272 0.428585
vt 0.798425 0.432754
vt 0.800747 0.435309
vt 0.799111 0.435360
vt 0.802600 0.428727
vt 0.794619 0.420080
vt 0.799252 0.419945
vt 0.803881 0.420032
vt 0.874449 0.513013
vt 0.880433 0.512982
vt 0.879585 0.516997
vt 0.875849 0.517068
vt 0.878717 0.519166
vt 0.877257 0.519212
vt 0.873262 0.504796
vt 0.881579 0.504756
vt 0.881062 0.508840
vt 0.873662 0.508868
vt 0.834206 0.502483
vt 0.831981 0.506236
vt 0.829917 0.506229
vt 0.831223 0.502309
vt 0.831398 0.508681
vt 0.829937 0.508636
vt 0.828221 0.502452
vt 0.832805 0.506537
vt 0.829069 0.506467
vt 0.835393 0.494266
vt 0.834992 0.498338
vt 0.831298 0.498214
vt 0.831233 0.494146
vt 0.827592 0.498309
vt 0.827075 0.494226
vt 0.774013 0.438214
vt 0.772199 0.444275
vt 0.770965 0.444270
vt 0.770279 0.438211
vt 0.770672 0.444921
vt 0.772308 0.444972
vt 0.768819 0.438338
vt 0.767538 0.429643
vt 0.769482 0.429557
vt 0.775466 0.438390
vt 0.774860 0.429599
vt 0.776801 0.429692
vt 0.828310 0.474027
vt 0.832043 0.474024
vt 0.831357 0.480082
vt 0.830123 0.480088
vt 0.831651 0.480733
vt 0.830014 0.480784
vt 0.833503 0.474151
vt 0.832840 0.465370
vt 0.834784 0.465456
vt 0.826856 0.474202
vt 0.825522 0.465504
vt 0.827462 0.465412
vt 0.832051 0.372129
vt 0.838286 0.372096
vt 0.836498 0.378540
vt 0.834977 0.378587
vt 0.830814 0.363567
vt 0.839480 0.363525
vt 0.849784 0.391956
vt 0.846859 0.398415
vt 0.846388 0.395884
vt 0.846677 0.391775
vt 0.845337 0.398367
vt 0.843549 0.391924
vt 0.851022 0.383394
vt 0.846687 0.383269
vt 0.842355 0.383352
vt 0.796562 0.512389
vt 0.794882 0.516973
vt 0.792677 0.516642
vt 0.793026 0.512184
vt 0.793197 0.519403
vt 0.792185 0.520037
vt 0.791453 0.519348
vt 0.790440 0.516877
vt 0.789479 0.512335
vt 0.797984 0.503122
vt 0.797504 0.507713
vt 0.793125 0.507566
vt 0.793047 0.502978
vt 0.788737 0.507672
vt 0.788115 0.503070
vt 0.666911 0.105606
vt 0.671040 0.105366
vt 0.671447 0.110571
vt 0.669986 0.110552
vt 0.672021 0.114535
vt 0.670840 0.113795
vt 0.672898 0.110536
vt 0.672875 0.113731
vt 0.675180 0.105542
vt 0.668872 0.110957
vt 0.674058 0.110845
vt 0.665251 0.094785
vt 0.671015 0.094618
vt 0.670924 0.099974
vt 0.665811 0.100146
vt 0.676048 0.100099
vt 0.676774 0.094725
vt 0.650510 0.212549
vt 0.658639 0.212507
vt 0.656335 0.217638
vt 0.653532 0.217647
vt 0.656308 0.220907
vt 0.654324 0.220969
vt 0.652412 0.218056
vt 0.657487 0.217961
vt 0.648897 0.201386
vt 0.660196 0.201332
vt 0.823061 0.361039
vt 0.821431 0.365756
vt 0.817085 0.365674
vt 0.819591 0.360837
vt 0.819794 0.368251
vt 0.818095 0.368198
vt 0.816098 0.361003
vt 0.824443 0.351478
vt 0.819602 0.351338
vt 0.814764 0.351431
vt 0.696483 0.136763
vt 0.694522 0.142114
vt 0.689336 0.142002
vt 0.688214 0.136699
vt 0.692554 0.144952
vt 0.690519 0.144888
vt 0.698143 0.125943
vt 0.697583 0.131303
vt 0.687347 0.131256
vt 0.686621 0.125882
vt 0.664966 0.171735
vt 0.669094 0.171496
vt 0.670952 0.176665
vt 0.668040 0.176681
vt 0.670930 0.179860
vt 0.668894 0.179924
vt 0.673234 0.171671
vt 0.666927 0.177086
vt 0.672113 0.176975
vt 0.663306 0.160914
vt 0.669070 0.160747
vt 0.668978 0.166104
vt 0.663866 0.166275
vt 0.674102 0.166228
vt 0.674828 0.160855
vt 0.649696 0.072993
vt 0.653981 0.072744
vt 0.654380 0.078410
vt 0.652893 0.078385
vt 0.654942 0.082705
vt 0.653731 0.081899
vt 0.655858 0.078375
vt 0.655828 0.081833
vt 0.658294 0.072949
vt 0.651709 0.078818
vt 0.657076 0.078717
vt 0.647991 0.061186
vt 0.653967 0.061014
vt 0.653874 0.066860
vt 0.648566 0.067037
vt 0.659198 0.066997
vt 0.659941 0.061129
vt 0.817394 0.524646
vt 0.815670 0.529635
vt 0.813382 0.529285
vt 0.813723 0.524433
vt 0.813938 0.532274
vt 0.812901 0.532965
vt 0.812141 0.532218
vt 0.811073 0.529549
vt 0.810029 0.524608
vt 0.818854 0.514534
vt 0.818362 0.519545
vt 0.813815 0.519393
vt 0.813735 0.514387
vt 0.809255 0.519510
vt 0.808619 0.514485
vt 0.720671 0.116058
vt 0.718710 0.121409
vt 0.716135 0.121023
vt 0.716543 0.115818
vt 0.716743 0.124246
vt 0.715562 0.124987
vt 0.714707 0.124182
vt 0.713524 0.121297
vt 0.712403 0.115994
vt 0.722332 0.105238
vt 0.721771 0.110598
vt 0.716659 0.110426
vt 0.716568 0.105070
vt 0.711535 0.110550
vt 0.710809 0.105177
vt 0.628458 0.240809
vt 0.632587 0.240570
vt 0.632995 0.245774
vt 0.631533 0.245756
vt 0.633568 0.249738
vt 0.632387 0.248998
vt 0.634445 0.245739
vt 0.634423 0.248934
vt 0.636727 0.240745
vt 0.630419 0.246160
vt 0.635605 0.246049
vt 0.626798 0.229989
vt 0.632562 0.229821
vt 0.632471 0.235178
vt 0.627358 0.235349
vt 0.637595 0.235302
vt 0.638321 0.229929
vt 0.784696 0.328216
vt 0.791584 0.328180
vt 0.789633 0.332527
vt 0.787257 0.332535
vt 0.789609 0.335298
vt 0.787928 0.335350
vt 0.786308 0.332882
vt 0.790608 0.332801
vt 0.783330 0.318757
vt 0.792904 0.318711
vt 0.792309 0.323411
vt 0.783791 0.323444
vt 0.764123 0.353963
vt 0.762510 0.358630
vt 0.758211 0.358549
vt 0.760690 0.353764
vt 0.760891 0.361098
vt 0.759210 0.361045
vt 0.757234 0.353928
vt 0.765489 0.344505
vt 0.765028 0.349191
vt 0.760776 0.349049
vt 0.760701 0.344367
vt 0.756510 0.349159
vt 0.755915 0.344459
vt 0.680667 0.074213
vt 0.678706 0.079564
vt 0.673520 0.079452
vt 0.672398 0.074149
vt 0.676738 0.082402
vt 0.674703 0.082337
vt 0.682328 0.063393
vt 0.681767 0.068753
vt 0.671531 0.068705
vt 0.670805 0.063332
vt 0.647290 0.157553
vt 0.651418 0.157314
vt 0.653276 0.162483
vt 0.650365 0.162500
vt 0.653254 0.165678
vt 0.651218 0.165742
vt 0.655558 0.157489
vt 0.649251 0.162904
vt 0.654437 0.162793
vt 0.645629 0.146733
vt 0.651394 0.146565
vt 0.651302 0.151922
vt 0.646190 0.152093
vt 0.656426 0.152046
vt 0.657152 0.146673
vt 0.645546 0.131191
vt 0.649908 0.130937
vt 0.650886 0.141077
vt 0.649653 0.140256
vt 0.654298 0.131145
vt 0.651788 0.140189
vt 0.643810 0.119173
vt 0.649894 0.118998
vt 0.655974 0.119115
vt 0.653281 0.101709
vt 0.649175 0.110774
vt 0.648513 0.107222
vt 0.648919 0.101455
vt 0.647941 0.111595
vt 0.647039 0.110707
vt 0.644529 0.101663
vt 0.655017 0.089691
vt 0.648933 0.089516
vt 0.642853 0.089633
vt 0.638028 0.209758
vt 0.634100 0.217947
vt 0.632064 0.217883
vt 0.629759 0.209694
vt 0.639688 0.198938
vt 0.639128 0.204298
vt 0.628892 0.204251
vt 0.628165 0.198878
vt 0.667842 0.139325
vt 0.673828 0.144254
vt 0.670917 0.144271
vt 0.673806 0.147449
vt 0.671771 0.147513
vt 0.676111 0.139261
vt 0.666181 0.128504
vt 0.671945 0.128337
vt 0.671854 0.133693
vt 0.666742 0.133865
vt 0.676978 0.133817
vt 0.677704 0.128444
vt 0.763383 0.321760
vt 0.767934 0.321495
vt 0.768358 0.327512
vt 0.766778 0.327486
vt 0.768954 0.332075
vt 0.767668 0.331218
vt 0.769927 0.327476
vt 0.769896 0.331148
vt 0.772514 0.321713
vt 0.765521 0.327946
vt 0.771220 0.327839
vt 0.761572 0.309221
vt 0.767919 0.309039
vt 0.767820 0.315246
vt 0.762183 0.315435
vt 0.773474 0.315392
vt 0.774263 0.309161
vt 0.807337 0.349457
vt 0.805200 0.355643
vt 0.802363 0.355209
vt 0.802787 0.349192
vt 0.803053 0.358914
vt 0.801767 0.359771
vt 0.800825 0.358845
vt 0.799500 0.355535
vt 0.798206 0.349409
vt 0.809149 0.336918
vt 0.808538 0.343131
vt 0.802901 0.342943
vt 0.802801 0.336735
vt 0.797246 0.343088
vt 0.796457 0.336857
vt 0.856354 0.511402
vt 0.852990 0.518416
vt 0.851246 0.518361
vt 0.849272 0.511347
vt 0.857776 0.502134
vt 0.847907 0.502083
vt 0.785424 0.543967
vt 0.788960 0.543762
vt 0.788058 0.548204
vt 0.790533 0.550926
vt 0.788789 0.550981
vt 0.792507 0.543913
vt 0.784002 0.534699
vt 0.788939 0.534556
vt 0.793872 0.534648
vt 0.649325 0.241138
vt 0.653734 0.240888
vt 0.654184 0.246169
vt 0.651440 0.246566
vt 0.654816 0.250193
vt 0.653549 0.249444
vt 0.656968 0.246450
vt 0.655726 0.249380
vt 0.658156 0.241068
vt 0.647532 0.230155
vt 0.653706 0.229974
vt 0.653605 0.235414
vt 0.648138 0.235596
vt 0.659086 0.235541
vt 0.659875 0.230085
vt 0.775319 0.464184
vt 0.772515 0.468477
vt 0.771157 0.468493
vt 0.771543 0.463969
vt 0.771701 0.471298
vt 0.770616 0.471940
vt 0.769837 0.471243
vt 0.769809 0.468462
vt 0.767756 0.464124
vt 0.773508 0.468833
vt 0.768773 0.468734
vt 0.776855 0.454777
vt 0.776336 0.459437
vt 0.771653 0.459281
vt 0.771567 0.454622
vt 0.766959 0.459390
vt 0.766283 0.454717
vt 0.794010 0.369969
vt 0.790762 0.377172
vt 0.789073 0.377119
vt 0.787084 0.369933
vt 0.795383 0.360419
vt 0.785758 0.360374
vt 0.767547 0.377851
vt 0.770999 0.377650
vt 0.770123 0.382213
vt 0.772485 0.385002
vt 0.770795 0.385055
vt 0.774473 0.377815
vt 0.766174 0.368302
vt 0.770988 0.368163
vt 0.775799 0.368256
vt 0.840108 0.430173
vt 0.846580 0.430139
vt 0.844730 0.436740
vt 0.843151 0.436789
vt 0.838820 0.421400
vt 0.847823 0.421355
vt 0.862851 0.447864
vt 0.860447 0.451869
vt 0.859625 0.447678
vt 0.859808 0.454481
vt 0.858228 0.454432
vt 0.856379 0.447830
vt 0.864139 0.439091
vt 0.859636 0.438961
vt 0.855136 0.439047
vt 0.880979 0.449326
vt 0.879427 0.453638
vt 0.875323 0.453562
vt 0.874396 0.449291
vt 0.877874 0.455919
vt 0.876267 0.455871
vt 0.882296 0.440581
vt 0.881851 0.444914
vt 0.873702 0.444881
vt 0.873126 0.440534
vt 0.809817 0.457454
vt 0.813097 0.457266
vt 0.814556 0.461437
vt 0.812259 0.461443
vt 0.814529 0.463999
vt 0.812921 0.464047
vt 0.816399 0.457419
vt 0.811369 0.461767
vt 0.815472 0.461691
vt 0.808500 0.448709
vt 0.813086 0.448576
vt 0.813012 0.452907
vt 0.808945 0.453043
vt 0.817093 0.453010
vt 0.817669 0.448663
vt 0.801917 0.379204
vt 0.807931 0.379173
vt 0.806204 0.385422
vt 0.804737 0.385468
vt 0.800726 0.370901
vt 0.809082 0.370861
vt 0.786888 0.419179
vt 0.784651 0.422972
vt 0.783891 0.419004
vt 0.784069 0.425443
vt 0.782601 0.425397
vt 0.780874 0.419148
vt 0.788080 0.410876
vt 0.783900 0.410756
vt 0.779724 0.410836
vt 0.832252 0.440401
vt 0.829060 0.446855
vt 0.827410 0.446805
vt 0.825557 0.440348
vt 0.833605 0.431868
vt 0.833148 0.436095
vt 0.824853 0.436055
vt 0.824260 0.431817
vt 0.789970 0.457136
vt 0.793313 0.456944
vt 0.792456 0.461033
vt 0.794812 0.463540
vt 0.793162 0.463590
vt 0.796666 0.457083
vt 0.788617 0.448603
vt 0.793292 0.448467
vt 0.793217 0.452692
vt 0.789074 0.452830
vt 0.797370 0.452790
vt 0.797963 0.448552
vt 0.783909 0.394169
vt 0.789806 0.394123
vt 0.788175 0.399801
vt 0.786722 0.399846
vt 0.782717 0.386665
vt 0.790949 0.386620
vt 0.874824 0.426996
vt 0.872635 0.430423
vt 0.871880 0.426827
vt 0.872012 0.432672
vt 0.870559 0.432628
vt 0.868927 0.426949
vt 0.876016 0.419492
vt 0.871898 0.419372
vt 0.867784 0.419447
vt 0.697849 0.102719
vt 0.695629 0.109151
vt 0.692682 0.108700
vt 0.693123 0.102443
vt 0.693400 0.112553
vt 0.692063 0.113444
vt 0.691086 0.112480
vt 0.689709 0.109039
vt 0.688365 0.102669
vt 0.699730 0.089681
vt 0.699095 0.096141
vt 0.693241 0.095946
vt 0.693138 0.089491
vt 0.687368 0.096097
vt 0.686549 0.089618
vt 0.720090 0.076493
vt 0.724817 0.076218
vt 0.725256 0.082474
vt 0.723616 0.082447
vt 0.725875 0.087218
vt 0.724539 0.086327
vt 0.726885 0.082436
vt 0.726853 0.086255
vt 0.729574 0.076444
vt 0.722310 0.082925
vt 0.728230 0.082814
vt 0.718209 0.063455
vt 0.724801 0.063266
vt 0.724698 0.069720
vt 0.718844 0.069916
vt 0.730571 0.069871
vt 0.731390 0.063392
vt 0.853309 0.416387
vt 0.858994 0.416342
vt 0.857432 0.421667
vt 0.856030 0.421708
vt 0.852153 0.409351
vt 0.860102 0.409305
vt 0.893929 0.469737
vt 0.891822 0.472948
vt 0.891091 0.469577
vt 0.891208 0.475059
vt 0.889806 0.475017
vt 0.888244 0.469692
vt 0.895085 0.462701
vt 0.891109 0.462584
vt 0.887136 0.462656
vt 0.805439 0.404789
vt 0.803890 0.408886
vt 0.799821 0.408800
vt 0.798943 0.404738
vt 0.802342 0.411059
vt 0.800742 0.411010
vt 0.806751 0.396499
vt 0.806308 0.400606
vt 0.798260 0.400567
vt 0.797685 0.396450
vt 0.696062 0.072407
vt 0.699849 0.072190
vt 0.701570 0.076813
vt 0.698878 0.076827
vt 0.701546 0.079672
vt 0.699678 0.079729
vt 0.703646 0.072348
vt 0.697870 0.077191
vt 0.702622 0.077090
vt 0.694531 0.062729
vt 0.699825 0.062575
vt 0.699740 0.067367
vt 0.695048 0.067524
vt 0.704444 0.067478
vt 0.705115 0.062672
vt 0.630405 0.182516
vt 0.635861 0.182474
vt 0.634337 0.187925
vt 0.632994 0.187968
vt 0.635120 0.186005
vt 0.629311 0.175312
vt 0.636910 0.175273
vt 0.634868 0.162711
vt 0.632279 0.168163
vt 0.630153 0.166200
vt 0.632144 0.162552
vt 0.630936 0.168121
vt 0.629412 0.162669
vt 0.635961 0.155508
vt 0.632160 0.155397
vt 0.628363 0.155468
vt 0.633722 0.142403
vt 0.631058 0.148137
vt 0.629676 0.148095
vt 0.628063 0.142373
vt 0.634851 0.134798
vt 0.626975 0.134758
vt 0.628121 0.120092
vt 0.630941 0.119930
vt 0.630222 0.123563
vt 0.632167 0.125785
vt 0.630785 0.125827
vt 0.633780 0.120062
vt 0.626992 0.112488
vt 0.630931 0.112374
vt 0.634869 0.112448
vt 0.584780 0.255093
vt 0.553645 0.325471
vt 0.599678 0.311170
vt 0.533158 0.243823
vt 0.524712 0.341438
vt 0.565842 0.210660
vt 0.532743 0.153177
vt 0.514740 0.176351
vt 0.481901 0.119788
vt 0.470951 0.187357
vt 0.498578 0.286874
vt 0.478218 0.321035
vt 0.452889 0.259690
vt 0.412601 0.175665
vt 0.421889 0.124907
vt 0.366475 0.142668
vt 0.501819 0.359062
vt 0.485620 0.384785
vt 0.462857 0.364150
vt 0.407230 0.245632
vt 0.343018 0.222283
vt 0.320719 0.184989
vt 0.278728 0.208947
vt 0.297056 0.258032
vt 0.358754 0.261975
vt 0.320496 0.282080
vt 0.328544 0.304997
vt 0.371145 0.297401
vt 0.326141 0.328489
vt 0.440983 0.308050
vt 0.396883 0.300461
vt 0.364421 0.337926
vt 0.424570 0.354596
vt 0.346562 0.374766
vt 0.318059 0.343682
vt 0.389570 0.345393
vt 0.373941 0.391798
vt 0.400208 0.395393
vt 0.423374 0.395701
vt 0.441007 0.392868
vt 0.453982 0.392532
vt 0.460624 0.397178
vt 0.481181 0.413042
vt 0.037288 0.424887
vt 0.004434 0.416150
vt 0.004434 0.388495
vt 0.037288 0.394788
vt 0.037288 0.355531
vt 0.004434 0.351101
vt 0.004434 0.317246
vt 0.037288 0.318863
vt 0.079691 0.403731
vt 0.079691 0.452400
vt 0.079691 0.357911
vt 0.079691 0.492569
vt 0.154162 0.497833
vt 0.158564 0.548912
vt 0.232982 0.460103
vt 0.266082 0.496016
vt 0.287184 0.407464
vt 0.151321 0.463659
vt 0.143425 0.414248
vt 0.220204 0.419983
vt 0.249533 0.361940
vt 0.204180 0.388439
vt 0.305735 0.320949
vt 0.287680 0.294288
vt 0.235325 0.321852
vt 0.282370 0.266489
vt 0.268584 0.247842
vt 0.190663 0.339568
vt 0.127587 0.368230
vt 0.179605 0.319436
vt 0.225047 0.297438
vt 0.079691 0.321300
vt 0.129106 0.332089
vt 0.037288 0.281412
vt 0.004434 0.281453
vt 0.079691 0.275016
vt 0.037288 0.245612
vt 0.079691 0.228935
vt 0.129995 0.282447
vt 0.136334 0.227197
vt 0.164577 0.240529
vt 0.171097 0.279571
vt 0.204132 0.231693
vt 0.214626 0.264122
vt 0.266860 0.218885
vt 0.238849 0.208663
vt 0.255294 0.185412
vt 0.376677 0.731105
vt 0.374383 0.709980
vt 0.396829 0.715206
vt 0.400981 0.731223
vt 0.418315 0.726656
vt 0.397017 0.751625
vt 0.411954 0.748399
vt 0.365048 0.754989
vt 0.386169 0.770017
vt 0.424977 0.746381
vt 0.432636 0.758147
vt 0.414002 0.761402
vt 0.435545 0.770666
vt 0.423388 0.776452
vt 0.408034 0.769801
vt 0.421109 0.789246
vt 0.412261 0.787148
vt 0.365341 0.777156
vt 0.388530 0.789140
vt 0.405162 0.788315
vt 0.405522 0.794152
vt 0.420983 0.806408
vt 0.407165 0.800575
vt 0.398443 0.802373
vt 0.390963 0.808445
vt 0.383759 0.804159
vt 0.383760 0.823713
vt 0.377726 0.805885
vt 0.362181 0.796567
vt 0.373913 0.807499
vt 0.370134 0.814117
vt 0.361016 0.811799
vt 0.346750 0.813151
vt 0.344466 0.806219
vt 0.331597 0.823689
vt 0.340193 0.803281
vt 0.335402 0.787780
vt 0.335348 0.803138
vt 0.326049 0.807116
vt 0.318617 0.797064
vt 0.316909 0.793576
vt 0.345407 0.768775
vt 0.344774 0.754925
vt 0.321383 0.787754
vt 0.302139 0.794667
vt 0.321552 0.784758
vt 0.317348 0.782094
vt 0.307357 0.780760
vt 0.323457 0.774361
vt 0.310884 0.766453
vt 0.332219 0.760191
vt 0.329028 0.742567
vt 0.340918 0.742218
vt 0.311352 0.731485
vt 0.325592 0.724075
vt 0.341364 0.721926
vt 0.320171 0.706854
vt 0.303457 0.712276
vt 0.343224 0.707055
vt 0.979130 0.613289
vt 0.975468 0.606317
vt 0.970954 0.609564
vt 0.973552 0.601179
vt 0.960008 0.605203
vt 0.945916 0.587563
vt 0.931887 0.596207
vt 0.925294 0.575544
vt 0.940953 0.568077
vt 0.975664 0.590007
vt 0.973063 0.579523
vt 0.983466 0.601064
vt 0.985531 0.595433
vt 0.996997 0.601070
vt 0.960277 0.569173
vt 0.950239 0.561347
vt 0.961528 0.560611
vt 0.984217 0.588384
vt 0.982492 0.581458
vt 0.994474 0.584831
vt 0.979306 0.573820
vt 0.972016 0.567634
vt 0.985340 0.566625
vt 0.396829 0.715206
vt 0.418315 0.726656
vt 0.400981 0.731223
vt 0.411954 0.748399
vt 0.424977 0.746381
vt 0.432636 0.758147
vt 0.397017 0.751625
vt 0.414002 0.761402
vt 0.435545 0.770666
vt 0.423388 0.776452
vt 0.408034 0.769801
vt 0.386169 0.770017
vt 0.421109 0.789246
vt 0.412261 0.787148
vt 0.420983 0.806408
vt 0.405162 0.788315
vt 0.388530 0.789140
vt 0.405522 0.794152
vt 0.365341 0.777156
vt 0.407165 0.800575
vt 0.398443 0.802373
vt 0.390963 0.808445
vt 0.383759 0.804159
vt 0.383760 0.823713
vt 0.377726 0.805885
vt 0.362181 0.796567
vt 0.373913 0.807499
vt 0.370134 0.814117
vt 0.361016 0.811799
vt 0.346750 0.813151
vt 0.344466 0.806219
vt 0.331597 0.823689
vt 0.340193 0.803281
vt 0.335402 0.787780
vt 0.335348 0.803138
vt 0.345407 0.768775
vt 0.326049 0.807116
vt 0.318617 0.797064
vt 0.316909 0.793576
vt 0.321383 0.787754
vt 0.302139 0.794667
vt 0.321552 0.784758
vt 0.323457 0.774361
vt 0.332219 0.760191
vt 0.317348 0.782094
vt 0.307357 0.780760
vt 0.310884 0.766453
vt 0.327679 0.733405
vt 0.311352 0.731485
vt 0.320171 0.706854
vt 0.303457 0.712276
vt 0.979130 0.613289
vt 0.975468 0.606317
vt 0.970954 0.609564
vt 0.973552 0.601179
vt 0.960008 0.605203
vt 0.945916 0.587563
vt 0.931887 0.596207
vt 0.925294 0.575544
vt 0.940953 0.568077
vt 0.975664 0.590007
vt 0.973063 0.579523
vt 0.983466 0.601064
vt 0.985531 0.595433
vt 0.996997 0.601070
vt 0.960277 0.569173
vt 0.950239 0.561347
vt 0.961528 0.560611
vt 0.984217 0.588384
vt 0.982492 0.581458
vt 0.994474 0.584831
vt 0.979306 0.573820
vt 0.972016 0.567634
vt 0.985340 0.566625
vt 0.157967 0.964163
vt 0.282641 0.977508
vt 0.247115 0.864065
vt 0.157370 0.893655
vt 0.135491 0.835631
vt 0.223649 0.801946
vt 0.099859 0.784013
vt 0.180266 0.750855
vt 0.436197 0.996151
vt 0.437268 0.877347
vt 0.337261 0.871769
vt 0.599003 0.993854
vt 0.586094 0.884432
vt 0.742596 0.893476
vt 0.764417 0.985947
vt 0.894540 0.891604
vt 0.292996 0.809350
vt 0.340667 0.843800
vt 0.424676 0.824612
vt 0.575295 0.830977
vt 0.271338 0.742396
vt 0.451173 0.791441
vt 0.564384 0.783666
vt 0.713668 0.841915
vt 0.683609 0.788374
vt 0.541398 0.717615
vt 0.443215 0.729946
vt 0.670270 0.723209
vt 0.391727 0.687237
vt 0.800276 0.834614
vt 0.751658 0.790106
vt 0.238679 0.694156
vt 0.314621 0.689144
vt 0.888204 0.858740
vt 0.759234 0.727353
vt 0.669468 0.664661
vt 0.760717 0.681090
vt 0.522877 0.639190
vt 0.393980 0.636948
vt 0.304218 0.658575
vt 0.381896 0.587807
vt 0.289441 0.610491
vt 0.201174 0.664751
vt 0.845397 0.703913
vt 0.777347 0.628710
vt 0.664685 0.601140
vt 0.866341 0.653953
vt 0.469707 0.587566
vt 0.557252 0.590047
vt 0.559390 0.508983
vt 0.140141 0.729578
vt 0.939726 0.731144
vt 0.911058 0.776215
vt 0.938183 0.780252
vt 0.252898 0.532826
vt 0.181927 0.568164
vt 0.278948 0.517225
vt 0.141224 0.579209
vt 0.068791 0.679628
vt 0.071315 0.698153
vt 0.024755 0.751039
vt 0.030717 0.774955
vt 0.404676 0.495249
vt 0.376865 0.497962
vt 0.466492 0.504185
vt 0.485553 0.494569
vt 0.580001 0.502051
vt 0.678026 0.534728
vt 0.692700 0.530114
vt 0.787404 0.563962
vt 0.806987 0.558917
vt 0.886035 0.593086
vt 0.909880 0.591283
vt 0.957150 0.690311
vt 0.972014 0.664973
vt 0.985774 0.641522
vt 0.945686 0.840294
vt 0.968896 0.888714
vt 0.876825 0.843535
vt 0.989078 0.962902
vt 0.895195 0.974445
vt 0.004563 0.166639
vt 0.004563 0.224091
vt 0.082714 0.222461
vt 0.077868 0.149455
vt 0.089876 0.207199
vt 0.066805 0.098469
vt 0.004563 0.106499
vt 0.004563 0.049821
vt 0.060659 0.050971
vt 0.004563 0.007760
vt 0.063883 0.007760
vt 0.129697 0.055150
vt 0.137244 0.101130
vt 0.130824 0.007760
vt 0.143607 0.133545
vt 0.152095 0.202516
vt 0.206453 0.108118
vt 0.197118 0.056121
vt 0.197125 0.007760
vt 0.270003 0.046224
vt 0.162593 0.189400
vt 0.219233 0.191051
vt 0.271069 0.007760
vt 0.226610 0.174960
vt 0.277515 0.089523
vt 0.288241 0.163522
vt 0.329105 0.038082
vt 0.330881 0.007760
vt 0.334373 0.077966
vt 0.300113 0.150117
vt 0.395836 0.060128
vt 0.391593 0.009104
vt 0.345766 0.146962
vt 0.355807 0.134369
vt 0.404745 0.123883
vt 0.452480 0.008017
vt 0.458447 0.048541
vt 0.413644 0.111952
vt 0.462209 0.105633
vt 0.515307 0.006570
vt 0.518089 0.038845
vt 0.470904 0.095687
vt 0.520049 0.089192
vt 0.528565 0.079960
vt 0.579062 0.073137
vt 0.576910 0.033184
vt 0.574618 0.007216
vt 0.588610 0.064730
vt 0.646943 0.027614
vt 0.819962 0.288138
vt 0.817450 0.286752
vt 0.816975 0.293574
vt 0.819443 0.293684
vt 0.843451 0.297403
vt 0.847528 0.298313
vt 0.848273 0.291476
vt 0.843981 0.292300
vt 0.824597 0.303978
vt 0.823043 0.306165
vt 0.828931 0.310284
vt 0.830237 0.306965
vt 0.833335 0.278875
vt 0.833510 0.276079
vt 0.826797 0.275697
vt 0.827852 0.278667
vt 0.823012 0.282354
vt 0.821207 0.280346
vt 0.822135 0.300972
vt 0.819499 0.301448
vt 0.818120 0.298013
vt 0.820333 0.297976
vt 0.838855 0.281682
vt 0.841003 0.278607
vt 0.842280 0.286911
vt 0.845724 0.284660
vt 0.834418 0.309996
vt 0.834198 0.307257
vt 0.841436 0.301424
vt 0.844328 0.303924
vt 0.839237 0.308109
vt 0.837614 0.305678
vt 0.850668 0.290967
vt 0.853489 0.290742
vt 0.850617 0.281017
vt 0.847950 0.282855
vt 0.813295 0.293132
vt 0.807688 0.292580
vt 0.809693 0.300343
vt 0.814830 0.298689
vt 0.825820 0.273430
vt 0.824326 0.269546
vt 0.815127 0.274316
vt 0.818840 0.277917
vt 0.827443 0.312265
vt 0.825908 0.315477
vt 0.833358 0.316716
vt 0.833963 0.312792
vt 0.821224 0.308183
vt 0.818545 0.311549
vt 0.817231 0.303754
vt 0.813481 0.306430
vt 0.814340 0.285269
vt 0.809319 0.282851
vt 0.833895 0.273302
vt 0.834650 0.269810
vt 0.841749 0.276880
vt 0.843621 0.273270
vt 0.850342 0.299157
vt 0.852934 0.300213
vt 0.846413 0.305687
vt 0.849168 0.307284
vt 0.841215 0.313630
vt 0.840285 0.310470
vt 0.836278 0.265410
vt 0.822978 0.263486
vt 0.820856 0.321517
vt 0.831090 0.323135
vt 0.802021 0.278683
vt 0.797490 0.291243
vt 0.861169 0.291087
vt 0.855500 0.279234
vt 0.846590 0.269870
vt 0.859504 0.303083
vt 0.854201 0.312076
vt 0.843757 0.319449
vt 0.802049 0.302818
vt 0.813923 0.316376
vt 0.807526 0.310527
vt 0.809488 0.269064
vt 0.834178 0.249125
vt 0.831019 0.255093
vt 0.842991 0.258209
vt 0.844626 0.252512
vt 0.829686 0.246625
vt 0.825058 0.248957
vt 0.829862 0.243706
vt 0.824409 0.243030
vt 0.832479 0.241395
vt 0.828910 0.238359
vt 0.837666 0.240479
vt 0.834805 0.236275
vt 0.848517 0.241167
vt 0.845654 0.236334
vt 0.853536 0.260711
vt 0.854326 0.254489
vt 0.860345 0.247394
vt 0.860242 0.242315
vt 0.873368 0.272322
vt 0.874217 0.266006
vt 0.878081 0.256940
vt 0.878718 0.253256
vt 0.887324 0.282053
vt 0.888701 0.275821
vt 0.892969 0.268523
vt 0.896564 0.264362
vt 0.896383 0.293179
vt 0.901501 0.290059
vt 0.900377 0.302001
vt 0.906167 0.298723
vt 0.904709 0.313206
vt 0.904898 0.331081
vt 0.911448 0.329109
vt 0.911653 0.309319
vt 0.906223 0.282138
vt 0.910923 0.278575
vt 0.912160 0.292427
vt 0.917565 0.290333
vt 0.917203 0.303447
vt 0.918587 0.325468
vt 0.922905 0.325687
vt 0.924169 0.304086
vt 0.905582 0.347025
vt 0.912284 0.344453
vt 0.919789 0.342767
vt 0.924076 0.342681
vt 0.909941 0.360604
vt 0.916243 0.358107
vt 0.922193 0.355836
vt 0.926930 0.355135
vt 0.933825 0.375911
vt 0.937903 0.372613
vt 0.921234 0.379419
vt 0.926827 0.376069
vt 0.929378 0.395102
vt 0.934206 0.391366
vt 0.941222 0.391495
vt 0.944781 0.389272
vt 0.934830 0.406340
vt 0.938648 0.404513
vt 0.944654 0.403358
vt 0.949868 0.402704
vt 0.933775 0.417292
vt 0.938090 0.415864
vt 0.944820 0.418419
vt 0.949338 0.418661
vt 0.930998 0.429360
vt 0.935856 0.427583
vt 0.941932 0.430229
vt 0.946090 0.430208
vt 0.928638 0.442685
vt 0.933539 0.440274
vt 0.939240 0.443055
vt 0.943359 0.442589
vt 0.929867 0.457713
vt 0.934328 0.454949
vt 0.940337 0.453766
vt 0.943242 0.452976
vt 0.934176 0.470274
vt 0.938610 0.467519
vt 0.945491 0.465550
vt 0.948305 0.464938
vt 0.939661 0.481269
vt 0.944392 0.478545
vt 0.951949 0.475957
vt 0.954639 0.475825
vt 0.946235 0.487955
vt 0.950158 0.486369
vt 0.955569 0.484386
vt 0.957657 0.483691
vt 0.951358 0.494032
vt 0.954055 0.493457
vt 0.957452 0.493185
vt 0.960141 0.493294
vt 0.952489 0.502377
vt 0.954696 0.500740
vt 0.958483 0.500297
vt 0.960852 0.500320
vt 0.952317 0.508399
vt 0.954687 0.507380
vt 0.958812 0.506876
vt 0.961197 0.506933
vt 0.951655 0.514589
vt 0.954937 0.514192
vt 0.959736 0.513438
vt 0.962929 0.512358
vt 0.951816 0.522189
vt 0.955454 0.521765
vt 0.960792 0.521503
vt 0.964816 0.521087
vt 0.856636 0.250521
vt 0.846921 0.247393
vt 0.839143 0.245577
vt 0.875106 0.260488
vt 0.891717 0.271166
vt 0.903923 0.284829
vt 0.910686 0.295400
vt 0.915213 0.307432
vt 0.916459 0.326807
vt 0.916911 0.343744
vt 0.920328 0.357208
vt 0.942407 0.404321
vt 0.937943 0.391247
vt 0.930452 0.375524
vt 0.957920 0.521453
vt 0.957433 0.515392
vt 0.941813 0.417161
vt 0.939571 0.428922
vt 0.937043 0.441662
vt 0.937539 0.454362
vt 0.942314 0.466512
vt 0.948411 0.476746
vt 0.953333 0.485006
vt 0.955780 0.493190
vt 0.956208 0.500991
vt 0.956843 0.508181
vt 0.940961 0.497913
vt 0.942261 0.495964
vt 0.937242 0.495341
vt 0.937553 0.497763
vt 0.945368 0.500937
vt 0.947651 0.498475
vt 0.947712 0.504873
vt 0.950363 0.502982
vt 0.940201 0.511217
vt 0.939299 0.514832
vt 0.946618 0.514865
vt 0.945330 0.511573
vt 0.935969 0.508638
vt 0.933293 0.511428
vt 0.933219 0.497225
vt 0.934957 0.499515
vt 0.947784 0.508519
vt 0.950536 0.509217
vt 0.929188 0.501112
vt 0.933538 0.501993
vt 0.929640 0.515296
vt 0.936912 0.519572
vt 0.945873 0.522052
vt 0.801274 0.316794
vt 0.807749 0.322464
vt 0.814868 0.328750
vt 0.791977 0.307456
vt 0.785857 0.297584
vt 0.819045 0.332656
vt 0.826296 0.340016
vt 0.835900 0.331710
vt 0.848923 0.327882
vt 0.863018 0.317891
vt 0.867649 0.304492
vt 0.869010 0.289125
vt 0.861741 0.275052
vt 0.850274 0.266961
vt 0.836363 0.351525
vt 0.845294 0.342239
vt 0.856058 0.333653
vt 0.867756 0.322206
vt 0.877754 0.305939
vt 0.877536 0.286727
vt 0.791714 0.272369
vt 0.789661 0.283548
vt 0.780774 0.286154
vt 0.802468 0.262145
vt 0.839389 0.261745
vt 0.828140 0.259092
vt 0.884640 0.286187
vt 0.889364 0.298695
vt 0.893639 0.308431
vt 0.883981 0.318771
vt 0.842635 0.359456
vt 0.851895 0.350505
vt 0.861702 0.341825
vt 0.872741 0.331168
vt 0.819955 0.251574
vt 0.818237 0.241780
vt 0.825014 0.234415
vt 0.832355 0.230745
vt 0.846642 0.230292
vt 0.862958 0.235184
vt 0.881570 0.245602
vt 0.901851 0.257569
vt 0.918599 0.271317
vt 0.929356 0.285050
vt 0.935097 0.300896
vt 0.935649 0.325743
vt 0.934428 0.342375
vt 0.937949 0.355267
vt 0.945140 0.370086
vt 0.951047 0.386953
vt 0.954349 0.403585
vt 0.954769 0.419049
vt 0.952203 0.431987
vt 0.963448 0.482908
vt 0.960126 0.474211
vt 0.955670 0.463808
vt 0.952556 0.453361
vt 0.951052 0.443451
vt 0.965903 0.490972
vt 0.966060 0.498170
vt 0.967360 0.505202
vt 0.969167 0.511320
vt 0.972163 0.517880
vt 0.812672 0.255867
vt 0.806817 0.245675
vt 0.777030 0.276945
vt 0.786044 0.257260
vt 0.772779 0.260207
vt 0.796935 0.250846
vt 0.782107 0.239551
vt 0.770337 0.241605
vt 0.792603 0.236320
vt 0.801898 0.232636
vt 0.810828 0.229044
vt 0.818669 0.222668
vt 0.769662 0.226076
vt 0.795195 0.211387
vt 0.817805 0.210783
vt 0.831364 0.220028
vt 0.848612 0.219812
vt 0.867839 0.223648
vt 0.889676 0.231593
vt 0.909705 0.245684
vt 0.925605 0.258593
vt 0.937717 0.276472
vt 0.943358 0.298946
vt 0.943785 0.326193
vt 0.944542 0.341953
vt 0.947829 0.354386
vt 0.953809 0.367217
vt 0.960743 0.385764
vt 0.964067 0.401940
vt 0.962635 0.420169
vt 0.961666 0.432277
vt 0.961041 0.442415
vt 0.969649 0.480867
vt 0.967100 0.472182
vt 0.964377 0.463543
vt 0.961282 0.451784
vt 0.971665 0.488923
vt 0.974290 0.496868
vt 0.974229 0.505049
vt 0.977641 0.512762
vt 0.974490 0.510198
vt 0.866103 0.362699
vt 0.854005 0.375222
vt 0.865655 0.351241
vt 0.876805 0.341787
vt 0.887858 0.329915
vt 0.898541 0.317536
vt 0.931102 0.480831
vt 0.927645 0.471081
vt 0.923686 0.458614
vt 0.922424 0.444269
vt 0.923958 0.430203
vt 0.926692 0.418862
vt 0.925677 0.409135
vt 0.921728 0.397429
vt 0.913809 0.380903
vt 0.904738 0.362519
vt 0.900161 0.348588
vt 0.899728 0.331851
vt 0.890402 0.343143
vt 0.879677 0.353514
vt 0.862068 0.386508
vt 0.873170 0.375260
vt 0.884434 0.365700
vt 0.893800 0.356584
vt 0.867785 0.394215
vt 0.880123 0.386499
vt 0.889959 0.378187
vt 0.899066 0.369604
vt 0.884139 0.416391
vt 0.896863 0.405428
vt 0.895714 0.391683
vt 0.905199 0.385130
vt 0.910097 0.400304
vt 0.890392 0.427177
vt 0.903497 0.419222
vt 0.915183 0.412654
vt 0.921433 0.482444
vt 0.918348 0.472458
vt 0.914771 0.460302
vt 0.912260 0.446865
vt 0.911095 0.431362
vt 0.919022 0.421176
vt 0.895723 0.438736
vt 0.900364 0.451005
vt 0.904279 0.463172
vt 0.908243 0.475517
vt 0.911441 0.486384
vt 0.913921 0.493943
vt 0.923551 0.489652
vt 0.917158 0.500808
vt 0.925832 0.495772
vt 0.920462 0.506549
vt 0.932389 0.493130
vt 0.937905 0.492110
vt 0.943851 0.492772
vt 0.931687 0.487583
vt 0.943300 0.489707
vt 0.938848 0.487652
vt 0.939686 0.503872
vt 0.942046 0.505080
vt 0.937665 0.502856
vt 0.851341 0.209653
vt 0.901159 0.214911
vt 0.918923 0.233357
vt 0.934739 0.252918
vt 0.949672 0.271805
vt 0.955279 0.296944
vt 0.957194 0.319826
vt 0.958401 0.338840
vt 0.961494 0.353652
vt 0.965505 0.368013
vt 0.970002 0.383619
vt 0.975969 0.399839
vt 0.975849 0.418344
vt 0.976001 0.431714
vt 0.975115 0.442832
vt 0.975204 0.451408
vt 0.976453 0.461058
vt 0.977980 0.471085
vt 0.978521 0.480367
vt 0.978518 0.487801
vt 0.986517 0.495236
vt 0.981975 0.506976
vt 0.989228 0.482476
vt 0.990650 0.471407
vt 0.991396 0.459812
vt 0.991634 0.450598
vt 0.991779 0.444377
vt 0.991919 0.433929
vt 0.991829 0.419097
vt 0.991474 0.403366
vt 0.991131 0.390208
vt 0.981424 0.390269
vt 0.979398 0.380508
vt 0.990783 0.379579
vt 0.977579 0.367797
vt 0.990330 0.367625
vt 0.975639 0.353190
vt 0.989684 0.353631
vt 0.970948 0.294335
vt 0.970233 0.271007
vt 0.989366 0.291857
vt 0.990369 0.270666
vt 0.989040 0.339546
vt 0.973767 0.337364
vt 0.972643 0.317000
vt 0.988560 0.316657
vt 0.973040 0.249396
vt 0.954863 0.248474
vt 0.991349 0.249426
vt 0.991919 0.228029
vt 0.974187 0.229326
vt 0.954384 0.229860
vt 0.941599 0.243632
vt 0.935600 0.229679
vt 0.927598 0.212306
vt 0.951841 0.213034
vt 0.973282 0.213096
vt 0.991812 0.212535
vt 0.679824 0.282395
vt 0.711548 0.263939
vt 0.706503 0.233819
vt 0.683662 0.235297
vt 0.709472 0.181617
vt 0.711795 0.160355
vt 0.699853 0.158135
vt 0.687623 0.206667
vt 0.708474 0.206175
vt 0.694117 0.320771
vt 0.831583 0.287970
vt 0.833346 0.288748
vt 0.834230 0.295425
vt 0.833605 0.296966
vt 0.830514 0.287846
vt 0.829795 0.297603
vt 0.828566 0.296566
vt 0.826938 0.293165
vt 0.827209 0.290806
vt 0.827760 0.295157
vt 0.834233 0.290660
vt 0.834597 0.292977
vt 0.828693 0.288759
vt 0.832247 0.298894
vt 0.831437 0.298627
vt 0.832595 0.298599
vt 0.713418 0.404926
vt 0.716366 0.408790
vt 0.723406 0.405181
vt 0.718113 0.399424
vt 0.636625 0.372882
vt 0.643805 0.378273
vt 0.648768 0.370815
vt 0.642245 0.366490
vt 0.647093 0.361018
vt 0.651335 0.363385
vt 0.653461 0.357382
vt 0.651383 0.356211
vt 0.709206 0.409796
vt 0.710705 0.411648
vt 0.729810 0.399265
vt 0.723654 0.393091
vt 0.655373 0.351595
vt 0.705273 0.414445
vt 0.711315 0.413950
vt 0.717769 0.413481
vt 0.725091 0.412874
vt 0.733634 0.412285
vt 0.732274 0.403299
vt 0.656533 0.371408
vt 0.656159 0.364139
vt 0.655830 0.357673
vt 0.648117 0.379659
vt 0.657011 0.379810
vt 0.664124 0.369948
vt 0.660918 0.362867
vt 0.658126 0.357031
vt 0.711062 0.416308
vt 0.717114 0.418359
vt 0.724771 0.420816
vt 0.665791 0.378631
vt 0.733634 0.421154
vt 0.709917 0.418392
vt 0.714765 0.422698
vt 0.720611 0.428007
vt 0.669068 0.377212
vt 0.676139 0.371996
vt 0.670657 0.365129
vt 0.664822 0.359831
vt 0.659993 0.355552
vt 0.728218 0.432803
vt 0.732721 0.425019
vt 0.667170 0.355512
vt 0.661137 0.353478
vt 0.708049 0.419877
vt 0.710854 0.425756
vt 0.714049 0.432806
vt 0.718970 0.440102
vt 0.726073 0.434907
vt 0.674780 0.357965
vt 0.678236 0.369884
vt 0.682699 0.362129
vt 0.705749 0.420522
vt 0.706084 0.426815
vt 0.706428 0.434221
vt 0.706712 0.442643
vt 0.715612 0.441605
vt 0.675104 0.350080
vt 0.667835 0.350643
vt 0.661391 0.351132
vt 0.683561 0.358299
vt 0.683561 0.349512
vt 0.660787 0.348852
vt 0.703389 0.420246
vt 0.701316 0.426265
vt 0.698632 0.433617
vt 0.682227 0.340631
vt 0.673460 0.342480
vt 0.666473 0.345918
vt 0.697984 0.442327
vt 0.697135 0.423842
vt 0.692190 0.429220
vt 0.679952 0.336704
vt 0.673934 0.330437
vt 0.668307 0.336709
vt 0.663427 0.342149
vt 0.659342 0.346973
vt 0.701346 0.419042
vt 0.686482 0.435385
vt 0.693521 0.440946
vt 0.699875 0.417201
vt 0.694081 0.420024
vt 0.687140 0.423393
vt 0.680582 0.429047
vt 0.661775 0.332411
vt 0.659235 0.339826
vt 0.657265 0.345846
vt 0.666781 0.324973
vt 0.685568 0.415769
vt 0.677119 0.416200
vt 0.678325 0.425128
vt 0.653997 0.332028
vt 0.654464 0.339356
vt 0.654939 0.345599
vt 0.699226 0.414925
vt 0.692968 0.415311
vt 0.662115 0.323684
vt 0.653382 0.323677
vt 0.699488 0.412577
vt 0.693465 0.410548
vt 0.686055 0.407935
vt 0.644782 0.324989
vt 0.646420 0.333533
vt 0.649757 0.340463
vt 0.652679 0.346187
vt 0.677294 0.407425
vt 0.640668 0.326814
vt 0.634275 0.332951
vt 0.640557 0.338539
vt 0.645943 0.343502
vt 0.650804 0.347615
vt 0.700628 0.410491
vt 0.695823 0.406371
vt 0.690432 0.401419
vt 0.683990 0.395963
vt 0.678805 0.403021
vt 0.702510 0.409043
vt 0.699602 0.403371
vt 0.696270 0.396318
vt 0.690334 0.389624
vt 0.636220 0.345012
vt 0.643538 0.347697
vt 0.649617 0.349659
vt 0.628864 0.340033
vt 0.635573 0.352788
vt 0.642966 0.352505
vt 0.649297 0.352015
vt 0.704784 0.408431
vt 0.704273 0.402083
vt 0.703904 0.394781
vt 0.627285 0.344283
vt 0.627068 0.353259
vt 0.703476 0.386391
vt 0.694591 0.387550
vt 0.707125 0.408668
vt 0.709127 0.402587
vt 0.711615 0.395234
vt 0.628241 0.362225
vt 0.637092 0.360543
vt 0.644239 0.357118
vt 0.649900 0.354328
vt 0.712139 0.386585
vt 0.716483 0.387781
vt 0.630328 0.366446
vt 0.765136 0.498549
vt 0.767771 0.504365
vt 0.769141 0.504322
vt 0.770751 0.498520
vt 0.769956 0.502287
vt 0.764022 0.490838
vt 0.771827 0.490801
vt 0.635377 0.097413
vt 0.632110 0.097223
vt 0.629751 0.101777
vt 0.632301 0.104204
vt 0.630702 0.104154
vt 0.628821 0.097379
vt 0.636678 0.088410
vt 0.632120 0.088279
vt 0.627566 0.088367
vt 0.630515 0.075309
vt 0.632860 0.080518
vt 0.634080 0.080479
vt 0.635517 0.075283
vt 0.634807 0.078657
vt 0.629524 0.068404
vt 0.636474 0.068371
vt 0.771441 0.524420
vt 0.769306 0.524296
vt 0.767765 0.527287
vt 0.769433 0.528881
vt 0.768387 0.528848
vt 0.767157 0.524398
vt 0.772290 0.518506
vt 0.769313 0.518420
vt 0.766338 0.518477
vt 0.782634 0.348267
vt 0.775987 0.348216
vt 0.777840 0.354798
vt 0.781058 0.352569
vt 0.776889 0.352479
vt 0.783968 0.339569
vt 0.774706 0.339521
vt 0.827519 0.406616
vt 0.829095 0.410917
vt 0.833264 0.410827
vt 0.830837 0.406423
vt 0.832313 0.413146
vt 0.834166 0.406564
vt 0.826184 0.397917
vt 0.830818 0.397783
vt 0.835447 0.397869
vt 0.875121 0.487681
vt 0.877809 0.493615
vt 0.879207 0.493571
vt 0.880850 0.487651
vt 0.880038 0.491495
vt 0.873984 0.479814
vt 0.881947 0.479776
vt 0.870012 0.469990
vt 0.867157 0.469823
vt 0.865095 0.473803
vt 0.867324 0.475924
vt 0.865926 0.475880
vt 0.864283 0.469960
vt 0.871148 0.462122
vt 0.867166 0.462008
vt 0.863185 0.462084
vt 0.847187 0.459379
vt 0.840540 0.459328
vt 0.842393 0.465910
vt 0.844030 0.465962
vt 0.848522 0.450681
vt 0.839259 0.450633
vt 0.783628 0.481853
vt 0.786100 0.485829
vt 0.786947 0.481660
vt 0.786786 0.488435
vt 0.788422 0.488383
vt 0.790275 0.481801
vt 0.782293 0.473154
vt 0.786927 0.473020
vt 0.791556 0.473106
vt 0.893422 0.501439
vt 0.896230 0.507637
vt 0.897690 0.507592
vt 0.899407 0.501408
vt 0.892235 0.493222
vt 0.900553 0.493182
vt 0.768817 0.402201
vt 0.765834 0.402028
vt 0.766592 0.405954
vt 0.764549 0.408354
vt 0.766009 0.408399
vt 0.762833 0.402170
vt 0.770004 0.393984
vt 0.765844 0.393864
vt 0.761686 0.393944
vt 0.824341 0.389136
vt 0.817694 0.389085
vt 0.819547 0.395667
vt 0.822764 0.393438
vt 0.818596 0.393348
vt 0.825675 0.380438
vt 0.816413 0.380390
vt 0.807819 0.485678
vt 0.809395 0.489979
vt 0.813564 0.489889
vt 0.811138 0.485485
vt 0.812613 0.492209
vt 0.814466 0.485626
vt 0.806484 0.476980
vt 0.811117 0.476845
vt 0.815747 0.476931
vt 0.847886 0.487114
vt 0.850694 0.493312
vt 0.852154 0.493266
vt 0.853870 0.487083
vt 0.846699 0.478896
vt 0.847100 0.482968
vt 0.854500 0.482940
vt 0.855017 0.478857
vt 0.818356 0.422238
vt 0.815373 0.422065
vt 0.816131 0.425991
vt 0.814088 0.428391
vt 0.815548 0.428437
vt 0.812371 0.422207
vt 0.819543 0.414021
vt 0.815383 0.413901
vt 0.815448 0.417969
vt 0.819142 0.418093
vt 0.811742 0.418065
vt 0.811225 0.413981
vt 0.654259 0.182844
vt 0.646498 0.182784
vt 0.648661 0.190469
vt 0.650572 0.190529
vt 0.655817 0.172688
vt 0.645002 0.172632
vt 0.795953 0.428778
vt 0.798425 0.432754
vt 0.799272 0.428585
vt 0.799111 0.435360
vt 0.800747 0.435309
vt 0.802600 0.428727
vt 0.794619 0.420080
vt 0.799252 0.419945
vt 0.803881 0.420032
vt 0.874449 0.513013
vt 0.875849 0.517068
vt 0.879585 0.516997
vt 0.880433 0.512982
vt 0.877257 0.519212
vt 0.878717 0.519166
vt 0.873262 0.504796
vt 0.873662 0.508868
vt 0.881062 0.508840
vt 0.881579 0.504756
vt 0.834206 0.502483
vt 0.831223 0.502309
vt 0.829917 0.506229
vt 0.831981 0.506236
vt 0.829937 0.508636
vt 0.831398 0.508681
vt 0.828221 0.502452
vt 0.832805 0.506537
vt 0.829069 0.506467
vt 0.835393 0.494266
vt 0.831233 0.494146
vt 0.831298 0.498214
vt 0.834992 0.498338
vt 0.827592 0.498309
vt 0.827075 0.494226
vt 0.774013 0.438214
vt 0.770279 0.438211
vt 0.770965 0.444270
vt 0.772199 0.444275
vt 0.770672 0.444921
vt 0.772308 0.444972
vt 0.768819 0.438338
vt 0.769482 0.429557
vt 0.767538 0.429643
vt 0.775466 0.438390
vt 0.776801 0.429692
vt 0.774860 0.429599
vt 0.828310 0.474027
vt 0.830123 0.480088
vt 0.831357 0.480082
vt 0.832043 0.474024
vt 0.831651 0.480733
vt 0.830014 0.480784
vt 0.833503 0.474151
vt 0.834784 0.465456
vt 0.832840 0.465370
vt 0.826856 0.474202
vt 0.827462 0.465412
vt 0.825522 0.465504
vt 0.832051 0.372129
vt 0.834977 0.378587
vt 0.836498 0.378540
vt 0.838286 0.372096
vt 0.830814 0.363567
vt 0.839480 0.363525
vt 0.849784 0.391956
vt 0.846677 0.391775
vt 0.846388 0.395884
vt 0.846859 0.398415
vt 0.845337 0.398367
vt 0.843549 0.391924
vt 0.851022 0.383394
vt 0.846687 0.383269
vt 0.842355 0.383352
vt 0.796562 0.512389
vt 0.793026 0.512184
vt 0.792677 0.516642
vt 0.794882 0.516973
vt 0.792185 0.520037
vt 0.793197 0.519403
vt 0.790440 0.516877
vt 0.791453 0.519348
vt 0.789479 0.512335
vt 0.797984 0.503122
vt 0.793047 0.502978
vt 0.793125 0.507566
vt 0.797504 0.507713
vt 0.788737 0.507672
vt 0.788115 0.503070
vt 0.666911 0.105606
vt 0.669986 0.110552
vt 0.671447 0.110571
vt 0.671040 0.105366
vt 0.670840 0.113795
vt 0.672021 0.114535
vt 0.672875 0.113731
vt 0.672898 0.110536
vt 0.675180 0.105542
vt 0.668872 0.110957
vt 0.674058 0.110845
vt 0.665251 0.094785
vt 0.665811 0.100146
vt 0.670924 0.099974
vt 0.671015 0.094618
vt 0.676048 0.100099
vt 0.676774 0.094725
vt 0.650510 0.212549
vt 0.653532 0.217647
vt 0.656335 0.217638
vt 0.658639 0.212507
vt 0.654324 0.220969
vt 0.656308 0.220907
vt 0.652412 0.218056
vt 0.657487 0.217961
vt 0.648897 0.201386
vt 0.660196 0.201332
vt 0.823061 0.361039
vt 0.819591 0.360837
vt 0.817085 0.365674
vt 0.821431 0.365756
vt 0.818095 0.368198
vt 0.819794 0.368251
vt 0.816098 0.361003
vt 0.824443 0.351478
vt 0.819602 0.351338
vt 0.814764 0.351431
vt 0.696483 0.136763
vt 0.688214 0.136699
vt 0.689336 0.142002
vt 0.694522 0.142114
vt 0.690519 0.144888
vt 0.692554 0.144952
vt 0.698143 0.125943
vt 0.686621 0.125882
vt 0.687347 0.131256
vt 0.697583 0.131303
vt 0.664966 0.171735
vt 0.668040 0.176681
vt 0.670952 0.176665
vt 0.669094 0.171496
vt 0.668894 0.179924
vt 0.670930 0.179860
vt 0.673234 0.171671
vt 0.666927 0.177086
vt 0.672113 0.176975
vt 0.663306 0.160914
vt 0.663866 0.166275
vt 0.668978 0.166104
vt 0.669070 0.160747
vt 0.674102 0.166228
vt 0.674828 0.160855
vt 0.649696 0.072993
vt 0.652893 0.078385
vt 0.654380 0.078410
vt 0.653981 0.072744
vt 0.653731 0.081899
vt 0.654942 0.082705
vt 0.655828 0.081833
vt 0.655858 0.078375
vt 0.658294 0.072949
vt 0.651709 0.078818
vt 0.657076 0.078717
vt 0.647991 0.061186
vt 0.648566 0.067037
vt 0.653874 0.066860
vt 0.653967 0.061014
vt 0.659198 0.066997
vt 0.659941 0.061129
vt 0.817394 0.524646
vt 0.813723 0.524433
vt 0.813382 0.529285
vt 0.815670 0.529635
vt 0.812901 0.532965
vt 0.813938 0.532274
vt 0.811073 0.529549
vt 0.812141 0.532218
vt 0.810029 0.524608
vt 0.818854 0.514534
vt 0.813735 0.514387
vt 0.813815 0.519393
vt 0.818362 0.519545
vt 0.809255 0.519510
vt 0.808619 0.514485
vt 0.720671 0.116058
vt 0.716543 0.115818
vt 0.716135 0.121023
vt 0.718710 0.121409
vt 0.715562 0.124987
vt 0.716743 0.124246
vt 0.713524 0.121297
vt 0.714707 0.124182
vt 0.712403 0.115994
vt 0.722332 0.105238
vt 0.716568 0.105070
vt 0.716659 0.110426
vt 0.721771 0.110598
vt 0.711535 0.110550
vt 0.710809 0.105177
vt 0.628458 0.240809
vt 0.631533 0.245756
vt 0.632995 0.245774
vt 0.632587 0.240570
vt 0.632387 0.248998
vt 0.633568 0.249738
vt 0.634423 0.248934
vt 0.634445 0.245739
vt 0.636727 0.240745
vt 0.630419 0.246160
vt 0.635605 0.246049
vt 0.626798 0.229989
vt 0.627358 0.235349
vt 0.632471 0.235178
vt 0.632562 0.229821
vt 0.637595 0.235302
vt 0.638321 0.229929
vt 0.784696 0.328216
vt 0.787257 0.332535
vt 0.789633 0.332527
vt 0.791584 0.328180
vt 0.787928 0.335350
vt 0.789609 0.335298
vt 0.786308 0.332882
vt 0.790608 0.332801
vt 0.783330 0.318757
vt 0.783791 0.323444
vt 0.792309 0.323411
vt 0.792904 0.318711
vt 0.764123 0.353963
vt 0.760690 0.353764
vt 0.758211 0.358549
vt 0.762510 0.358630
vt 0.759210 0.361045
vt 0.760891 0.361098
vt 0.757234 0.353928
vt 0.765489 0.344505
vt 0.760701 0.344367
vt 0.760776 0.349049
vt 0.765028 0.349191
vt 0.756510 0.349159
vt 0.755915 0.344459
vt 0.680667 0.074213
vt 0.672398 0.074149
vt 0.673520 0.079452
vt 0.678706 0.079564
vt 0.674703 0.082337
vt 0.676738 0.082402
vt 0.682328 0.063393
vt 0.670805 0.063332
vt 0.671531 0.068705
vt 0.681767 0.068753
vt 0.647290 0.157553
vt 0.650365 0.162500
vt 0.653276 0.162483
vt 0.651418 0.157314
vt 0.651218 0.165742
vt 0.653254 0.165678
vt 0.655558 0.157489
vt 0.649251 0.162904
vt 0.654437 0.162793
vt 0.645629 0.146733
vt 0.646190 0.152093
vt 0.651302 0.151922
vt 0.651394 0.146565
vt 0.656426 0.152046
vt 0.657152 0.146673
vt 0.645546 0.131191
vt 0.649653 0.140256
vt 0.650886 0.141077
vt 0.649908 0.130937
vt 0.651788 0.140189
vt 0.654298 0.131145
vt 0.643810 0.119173
vt 0.649894 0.118998
vt 0.655974 0.119115
vt 0.653281 0.101709
vt 0.648919 0.101455
vt 0.648513 0.107222
vt 0.649175 0.110774
vt 0.647941 0.111595
vt 0.647039 0.110707
vt 0.644529 0.101663
vt 0.655017 0.089691
vt 0.648933 0.089516
vt 0.642853 0.089633
vt 0.638028 0.209758
vt 0.629759 0.209694
vt 0.632064 0.217883
vt 0.634100 0.217947
vt 0.639688 0.198938
vt 0.628165 0.198878
vt 0.628892 0.204251
vt 0.639128 0.204298
vt 0.667842 0.139325
vt 0.670917 0.144271
vt 0.673828 0.144254
vt 0.671771 0.147513
vt 0.673806 0.147449
vt 0.676111 0.139261
vt 0.666181 0.128504
vt 0.666742 0.133865
vt 0.671854 0.133693
vt 0.671945 0.128337
vt 0.676978 0.133817
vt 0.677704 0.128444
vt 0.763383 0.321760
vt 0.766778 0.327486
vt 0.768358 0.327512
vt 0.767934 0.321495
vt 0.767668 0.331218
vt 0.768954 0.332075
vt 0.769896 0.331148
vt 0.769927 0.327476
vt 0.772514 0.321713
vt 0.765521 0.327946
vt 0.771220 0.327839
vt 0.761572 0.309221
vt 0.762183 0.315435
vt 0.767820 0.315246
vt 0.767919 0.309039
vt 0.773474 0.315392
vt 0.774263 0.309161
vt 0.807337 0.349457
vt 0.802787 0.349192
vt 0.802363 0.355209
vt 0.805200 0.355643
vt 0.801767 0.359771
vt 0.803053 0.358914
vt 0.799500 0.355535
vt 0.800825 0.358845
vt 0.798206 0.349409
vt 0.809149 0.336918
vt 0.802801 0.336735
vt 0.802901 0.342943
vt 0.808538 0.343131
vt 0.797246 0.343088
vt 0.796457 0.336857
vt 0.856354 0.511402
vt 0.849272 0.511347
vt 0.851246 0.518361
vt 0.852990 0.518416
vt 0.857776 0.502134
vt 0.847907 0.502083
vt 0.785424 0.543967
vt 0.788058 0.548204
vt 0.788960 0.543762
vt 0.788789 0.550981
vt 0.790533 0.550926
vt 0.792507 0.543913
vt 0.784002 0.534699
vt 0.788939 0.534556
vt 0.793872 0.534648
vt 0.649325 0.241138
vt 0.651440 0.246566
vt 0.654184 0.246169
vt 0.653734 0.240888
vt 0.653549 0.249444
vt 0.654816 0.250193
vt 0.655726 0.249380
vt 0.656968 0.246450
vt 0.658156 0.241068
vt 0.647532 0.230155
vt 0.648138 0.235596
vt 0.653605 0.235414
vt 0.653706 0.229974
vt 0.659086 0.235541
vt 0.659875 0.230085
vt 0.775319 0.464184
vt 0.771543 0.463969
vt 0.771157 0.468493
vt 0.772515 0.468477
vt 0.770616 0.471940
vt 0.771701 0.471298
vt 0.769809 0.468462
vt 0.769837 0.471243
vt 0.767756 0.464124
vt 0.773508 0.468833
vt 0.768773 0.468734
vt 0.776855 0.454777
vt 0.771567 0.454622
vt 0.771653 0.459281
vt 0.776336 0.459437
vt 0.766959 0.459390
vt 0.766283 0.454717
vt 0.794010 0.369969
vt 0.787084 0.369933
vt 0.789073 0.377119
vt 0.790762 0.377172
vt 0.795383 0.360419
vt 0.785758 0.360374
vt 0.767547 0.377851
vt 0.770123 0.382213
vt 0.770999 0.377650
vt 0.770795 0.385055
vt 0.772485 0.385002
vt 0.774473 0.377815
vt 0.766174 0.368302
vt 0.770988 0.368163
vt 0.775799 0.368256
vt 0.840108 0.430173
vt 0.843151 0.436789
vt 0.844730 0.436740
vt 0.846580 0.430139
vt 0.838820 0.421400
vt 0.847823 0.421355
vt 0.862851 0.447864
vt 0.859625 0.447678
vt 0.860447 0.451869
vt 0.858228 0.454432
vt 0.859808 0.454481
vt 0.856379 0.447830
vt 0.864139 0.439091
vt 0.859636 0.438961
vt 0.855136 0.439047
vt 0.880979 0.449326
vt 0.874396 0.449291
vt 0.875323 0.453562
vt 0.879427 0.453638
vt 0.876267 0.455871
vt 0.877874 0.455919
vt 0.882296 0.440581
vt 0.873126 0.440534
vt 0.873702 0.444881
vt 0.881851 0.444914
vt 0.809817 0.457454
vt 0.812259 0.461443
vt 0.814556 0.461437
vt 0.813097 0.457266
vt 0.812921 0.464047
vt 0.814529 0.463999
vt 0.816399 0.457419
vt 0.811369 0.461767
vt 0.815472 0.461691
vt 0.808500 0.448709
vt 0.808945 0.453043
vt 0.813012 0.452907
vt 0.813086 0.448576
vt 0.817093 0.453010
vt 0.817669 0.448663
vt 0.801917 0.379204
vt 0.804737 0.385468
vt 0.806204 0.385422
vt 0.807931 0.379173
vt 0.800726 0.370901
vt 0.809082 0.370861
vt 0.786888 0.419179
vt 0.783891 0.419004
vt 0.784651 0.422972
vt 0.782601 0.425397
vt 0.784069 0.425443
vt 0.780874 0.419148
vt 0.788080 0.410876
vt 0.783900 0.410756
vt 0.779724 0.410836
vt 0.832252 0.440401
vt 0.825557 0.440348
vt 0.827410 0.446805
vt 0.829060 0.446855
vt 0.833605 0.431868
vt 0.824260 0.431817
vt 0.824853 0.436055
vt 0.833148 0.436095
vt 0.789970 0.457136
vt 0.792456 0.461033
vt 0.793313 0.456944
vt 0.793162 0.463590
vt 0.794812 0.463540
vt 0.796666 0.457083
vt 0.788617 0.448603
vt 0.789074 0.452830
vt 0.793217 0.452692
vt 0.793292 0.448467
vt 0.797370 0.452790
vt 0.797963 0.448552
vt 0.783909 0.394169
vt 0.786722 0.399846
vt 0.788175 0.399801
vt 0.789806 0.394123
vt 0.782717 0.386665
vt 0.790949 0.386620
vt 0.874824 0.426996
vt 0.871880 0.426827
vt 0.872635 0.430423
vt 0.870559 0.432628
vt 0.872012 0.432672
vt 0.868927 0.426949
vt 0.876016 0.419492
vt 0.871898 0.419372
vt 0.867784 0.419447
vt 0.697849 0.102719
vt 0.693123 0.102443
vt 0.692682 0.108700
vt 0.695629 0.109151
vt 0.692063 0.113444
vt 0.693400 0.112553
vt 0.689709 0.109039
vt 0.691086 0.112480
vt 0.688365 0.102669
vt 0.699730 0.089681
vt 0.693138 0.089491
vt 0.693241 0.095946
vt 0.699095 0.096141
vt 0.687368 0.096097
vt 0.686549 0.089618
vt 0.720090 0.076493
vt 0.723616 0.082447
vt 0.725256 0.082474
vt 0.724817 0.076218
vt 0.724539 0.086327
vt 0.725875 0.087218
vt 0.726853 0.086255
vt 0.726885 0.082436
vt 0.729574 0.076444
vt 0.722310 0.082925
vt 0.728230 0.082814
vt 0.718209 0.063455
vt 0.718844 0.069916
vt 0.724698 0.069720
vt 0.724801 0.063266
vt 0.730571 0.069871
vt 0.731390 0.063392
vt 0.853309 0.416387
vt 0.856030 0.421708
vt 0.857432 0.421667
vt 0.858994 0.416342
vt 0.852153 0.409351
vt 0.860102 0.409305
vt 0.893929 0.469737
vt 0.891091 0.469577
vt 0.891822 0.472948
vt 0.889806 0.475017
vt 0.891208 0.475059
vt 0.888244 0.469692
vt 0.895085 0.462701
vt 0.891109 0.462584
vt 0.887136 0.462656
vt 0.805439 0.404789
vt 0.798943 0.404738
vt 0.799821 0.408800
vt 0.803890 0.408886
vt 0.800742 0.411010
vt 0.802342 0.411059
vt 0.806751 0.396499
vt 0.797685 0.396450
vt 0.798260 0.400567
vt 0.806308 0.400606
vt 0.696062 0.072407
vt 0.698878 0.076827
vt 0.701570 0.076813
vt 0.699849 0.072190
vt 0.699678 0.079729
vt 0.701546 0.079672
vt 0.703646 0.072348
vt 0.697870 0.077191
vt 0.702622 0.077090
vt 0.694531 0.062729
vt 0.695048 0.067524
vt 0.699740 0.067367
vt 0.699825 0.062575
vt 0.704444 0.067478
vt 0.705115 0.062672
vt 0.630405 0.182516
vt 0.632994 0.187968
vt 0.634337 0.187925
vt 0.635861 0.182474
vt 0.635120 0.186005
vt 0.629311 0.175312
vt 0.636910 0.175273
vt 0.634868 0.162711
vt 0.632144 0.162552
vt 0.630153 0.166200
vt 0.632279 0.168163
vt 0.630936 0.168121
vt 0.629412 0.162669
vt 0.635961 0.155508
vt 0.632160 0.155397
vt 0.628363 0.155468
vt 0.633722 0.142403
vt 0.628063 0.142373
vt 0.629676 0.148095
vt 0.631058 0.148137
vt 0.634851 0.134798
vt 0.626975 0.134758
vt 0.628121 0.120092
vt 0.630222 0.123563
vt 0.630941 0.119930
vt 0.630785 0.125827
vt 0.632167 0.125785
vt 0.633780 0.120062
vt 0.626992 0.112488
vt 0.630931 0.112374
vt 0.634869 0.112448
vt 0.584780 0.255093
vt 0.599678 0.311170
vt 0.553645 0.325471
vt 0.524712 0.341438
vt 0.533158 0.243823
vt 0.565842 0.210660
vt 0.514740 0.176351
vt 0.532743 0.153177
vt 0.470951 0.187357
vt 0.481901 0.119788
vt 0.478218 0.321035
vt 0.498578 0.286874
vt 0.452889 0.259690
vt 0.412601 0.175665
vt 0.421889 0.124907
vt 0.366475 0.142668
vt 0.501819 0.359062
vt 0.485620 0.384785
vt 0.462857 0.364150
vt 0.407230 0.245632
vt 0.343018 0.222283
vt 0.320719 0.184989
vt 0.297056 0.258032
vt 0.278728 0.208947
vt 0.358754 0.261975
vt 0.320496 0.282080
vt 0.371145 0.297401
vt 0.328544 0.304997
vt 0.326141 0.328489
vt 0.440983 0.308050
vt 0.396883 0.300461
vt 0.364421 0.337926
vt 0.424570 0.354596
vt 0.346562 0.374766
vt 0.318059 0.343682
vt 0.389570 0.345393
vt 0.373941 0.391798
vt 0.400208 0.395393
vt 0.423374 0.395701
vt 0.441007 0.392868
vt 0.453982 0.392532
vt 0.460624 0.397178
vt 0.481181 0.413042
vt 0.037288 0.424887
vt 0.004434 0.388495
vt 0.004434 0.416150
vt 0.037288 0.394788
vt 0.037288 0.355531
vt 0.004434 0.351101
vt 0.037288 0.318863
vt 0.004434 0.317246
vt 0.079691 0.452400
vt 0.079691 0.403731
vt 0.079691 0.357911
vt 0.079691 0.492569
vt 0.158564 0.548912
vt 0.154162 0.497833
vt 0.266082 0.496016
vt 0.232982 0.460103
vt 0.287184 0.407464
vt 0.151321 0.463659
vt 0.143425 0.414248
vt 0.220204 0.419983
vt 0.249533 0.361940
vt 0.204180 0.388439
vt 0.305735 0.320949
vt 0.287680 0.294288
vt 0.235325 0.321852
vt 0.282370 0.266489
vt 0.268584 0.247842
vt 0.190663 0.339568
vt 0.127587 0.368230
vt 0.179605 0.319436
vt 0.225047 0.297438
vt 0.079691 0.321300
vt 0.129106 0.332089
vt 0.037288 0.281412
vt 0.004434 0.281453
vt 0.079691 0.275016
vt 0.037288 0.245612
vt 0.079691 0.228935
vt 0.129995 0.282447
vt 0.136334 0.227197
vt 0.164577 0.240529
vt 0.171097 0.279571
vt 0.204132 0.231693
vt 0.214626 0.264122
vt 0.266860 0.218885
vt 0.238849 0.208663
vt 0.255294 0.185412
vt 0.376677 0.731105
vt 0.400981 0.731223
vt 0.396829 0.715206
vt 0.374383 0.709980
vt 0.418315 0.726656
vt 0.397017 0.751625
vt 0.411954 0.748399
vt 0.365048 0.754989
vt 0.386169 0.770017
vt 0.432636 0.758147
vt 0.424977 0.746381
vt 0.414002 0.761402
vt 0.435545 0.770666
vt 0.423388 0.776452
vt 0.408034 0.769801
vt 0.412261 0.787148
vt 0.421109 0.789246
vt 0.365341 0.777156
vt 0.388530 0.789140
vt 0.405522 0.794152
vt 0.405162 0.788315
vt 0.420983 0.806408
vt 0.407165 0.800575
vt 0.398443 0.802373
vt 0.383759 0.804159
vt 0.390963 0.808445
vt 0.377726 0.805885
vt 0.383760 0.823713
vt 0.362181 0.796567
vt 0.373913 0.807499
vt 0.370134 0.814117
vt 0.361016 0.811799
vt 0.344466 0.806219
vt 0.346750 0.813151
vt 0.331597 0.823689
vt 0.340193 0.803281
vt 0.335402 0.787780
vt 0.335348 0.803138
vt 0.326049 0.807116
vt 0.318617 0.797064
vt 0.316909 0.793576
vt 0.345407 0.768775
vt 0.344774 0.754925
vt 0.321383 0.787754
vt 0.302139 0.794667
vt 0.321552 0.784758
vt 0.317348 0.782094
vt 0.323457 0.774361
vt 0.307357 0.780760
vt 0.332219 0.760191
vt 0.310884 0.766453
vt 0.340918 0.742218
vt 0.329028 0.742567
vt 0.311352 0.731485
vt 0.325592 0.724075
vt 0.341364 0.721926
vt 0.320171 0.706854
vt 0.303457 0.712276
vt 0.343224 0.707055
vt 0.979130 0.613289
vt 0.970954 0.609564
vt 0.975468 0.606317
vt 0.960008 0.605203
vt 0.973552 0.601179
vt 0.931887 0.596207
vt 0.945916 0.587563
vt 0.925294 0.575544
vt 0.940953 0.568077
vt 0.973063 0.579523
vt 0.975664 0.590007
vt 0.985531 0.595433
vt 0.983466 0.601064
vt 0.996997 0.601070
vt 0.960277 0.569173
vt 0.950239 0.561347
vt 0.961528 0.560611
vt 0.982492 0.581458
vt 0.984217 0.588384
vt 0.994474 0.584831
vt 0.972016 0.567634
vt 0.979306 0.573820
vt 0.985340 0.566625
vt 0.396829 0.715206
vt 0.400981 0.731223
vt 0.418315 0.726656
vt 0.411954 0.748399
vt 0.424977 0.746381
vt 0.432636 0.758147
vt 0.397017 0.751625
vt 0.414002 0.761402
vt 0.435545 0.770666
vt 0.423388 0.776452
vt 0.386169 0.770017
vt 0.408034 0.769801
vt 0.412261 0.787148
vt 0.421109 0.789246
vt 0.405162 0.788315
vt 0.420983 0.806408
vt 0.388530 0.789140
vt 0.405522 0.794152
vt 0.365341 0.777156
vt 0.407165 0.800575
vt 0.398443 0.802373
vt 0.383759 0.804159
vt 0.390963 0.808445
vt 0.377726 0.805885
vt 0.383760 0.823713
vt 0.362181 0.796567
vt 0.373913 0.807499
vt 0.370134 0.814117
vt 0.361016 0.811799
vt 0.346750 0.813151
vt 0.344466 0.806219
vt 0.331597 0.823689
vt 0.340193 0.803281
vt 0.335402 0.787780
vt 0.335348 0.803138
vt 0.345407 0.768775
vt 0.326049 0.807116
vt 0.318617 0.797064
vt 0.316909 0.793576
vt 0.321383 0.787754
vt 0.302139 0.794667
vt 0.321552 0.784758
vt 0.332219 0.760191
vt 0.323457 0.774361
vt 0.317348 0.782094
vt 0.307357 0.780760
vt 0.310884 0.766453
vt 0.327679 0.733405
vt 0.311352 0.731485
vt 0.320171 0.706854
vt 0.303457 0.712276
vt 0.979130 0.613289
vt 0.970954 0.609564
vt 0.975468 0.606317
vt 0.960008 0.605203
vt 0.973552 0.601179
vt 0.931887 0.596207
vt 0.945916 0.587563
vt 0.925294 0.575544
vt 0.940953 0.568077
vt 0.973063 0.579523
vt 0.975664 0.590007
vt 0.985531 0.595433
vt 0.983466 0.601064
vt 0.996997 0.601070
vt 0.960277 0.569173
vt 0.950239 0.561347
vt 0.961528 0.560611
vt 0.982492 0.581458
vt 0.984217 0.588384
vt 0.994474 0.584831
vt 0.972016 0.567634
vt 0.979306 0.573820
vt 0.985340 0.566625
vt 0.157967 0.964163
vt 0.157370 0.893655
vt 0.247115 0.864065
vt 0.282641 0.977508
vt 0.135491 0.835631
vt 0.223649 0.801946
vt 0.099859 0.784013
vt 0.180266 0.750855
vt 0.337261 0.871769
vt 0.437268 0.877347
vt 0.436197 0.996151
vt 0.586094 0.884432
vt 0.599003 0.993854
vt 0.742596 0.893476
vt 0.894540 0.891604
vt 0.764417 0.985947
vt 0.292996 0.809350
vt 0.340667 0.843800
vt 0.424676 0.824612
vt 0.575295 0.830977
vt 0.271338 0.742396
vt 0.451173 0.791441
vt 0.564384 0.783666
vt 0.713668 0.841915
vt 0.683609 0.788374
vt 0.443215 0.729946
vt 0.541398 0.717615
vt 0.670270 0.723209
vt 0.391727 0.687237
vt 0.800276 0.834614
vt 0.751658 0.790106
vt 0.238679 0.694156
vt 0.314621 0.689144
vt 0.888204 0.858740
vt 0.759234 0.727353
vt 0.669468 0.664661
vt 0.760717 0.681090
vt 0.522877 0.639190
vt 0.393980 0.636948
vt 0.304218 0.658575
vt 0.289441 0.610491
vt 0.381896 0.587807
vt 0.201174 0.664751
vt 0.845397 0.703913
vt 0.664685 0.601140
vt 0.777347 0.628710
vt 0.866341 0.653953
vt 0.469707 0.587566
vt 0.557252 0.590047
vt 0.559390 0.508983
vt 0.140141 0.729578
vt 0.939726 0.731144
vt 0.938183 0.780252
vt 0.911058 0.776215
vt 0.181927 0.568164
vt 0.252898 0.532826
vt 0.278948 0.517225
vt 0.141224 0.579209
vt 0.068791 0.679628
vt 0.071315 0.698153
vt 0.024755 0.751039
vt 0.030717 0.774955
vt 0.376865 0.497962
vt 0.404676 0.495249
vt 0.466492 0.504185
vt 0.485553 0.494569
vt 0.580001 0.502051
vt 0.678026 0.534728
vt 0.692700 0.530114
vt 0.787404 0.563962
vt 0.806987 0.558917
vt 0.886035 0.593086
vt 0.909880 0.591283
vt 0.957150 0.690311
vt 0.985774 0.641522
vt 0.972014 0.664973
vt 0.945686 0.840294
vt 0.968896 0.888714
vt 0.876825 0.843535
vt 0.989078 0.962902
vt 0.895195 0.974445
vt 0.004563 0.166639
vt 0.077868 0.149455
vt 0.082714 0.222461
vt 0.004563 0.224091
vt 0.089876 0.207199
vt 0.004563 0.106499
vt 0.066805 0.098469
vt 0.004563 0.049821
vt 0.060659 0.050971
vt 0.004563 0.007760
vt 0.063883 0.007760
vt 0.129697 0.055150
vt 0.137244 0.101130
vt 0.130824 0.007760
vt 0.143607 0.133545
vt 0.152095 0.202516
vt 0.206453 0.108118
vt 0.197118 0.056121
vt 0.197125 0.007760
vt 0.270003 0.046224
vt 0.162593 0.189400
vt 0.219233 0.191051
vt 0.271069 0.007760
vt 0.226610 0.174960
vt 0.277515 0.089523
vt 0.288241 0.163522
vt 0.330881 0.007760
vt 0.329105 0.038082
vt 0.334373 0.077966
vt 0.300113 0.150117
vt 0.391593 0.009104
vt 0.395836 0.060128
vt 0.345766 0.146962
vt 0.355807 0.134369
vt 0.404745 0.123883
vt 0.452480 0.008017
vt 0.458447 0.048541
vt 0.413644 0.111952
vt 0.462209 0.105633
vt 0.515307 0.006570
vt 0.518089 0.038845
vt 0.470904 0.095687
vt 0.520049 0.089192
vt 0.528565 0.079960
vt 0.576910 0.033184
vt 0.579062 0.073137
vt 0.574618 0.007216
vt 0.588610 0.064730
vt 0.646943 0.027614
vn 0.875784 0.469508 -0.112092
vn 0.993873 0.057168 -0.094596
vn 0.877810 0.260179 -0.402189
vn 0.817728 0.500031 -0.285114
vn 0.993873 0.057168 -0.094596
vn 0.907705 -0.173296 -0.382153
vn 0.833137 -0.023771 -0.552555
vn 0.877810 0.260179 -0.402189
vn 0.875784 0.469508 -0.112092
vn 0.064407 0.972614 -0.223326
vn 0.051738 0.985349 -0.162516
vn 0.797647 0.600254 -0.058772
vn 0.036822 -0.348673 -0.936521
vn 0.907705 -0.173296 -0.382153
vn 0.909352 -0.232647 -0.344898
vn 0.014778 -0.391128 -0.920218
vn 0.817728 0.500031 -0.285114
vn 0.877810 0.260179 -0.402189
vn 0.070202 0.539669 -0.838945
vn 0.069485 0.844007 -0.531812
vn 0.877810 0.260179 -0.402189
vn 0.833137 -0.023771 -0.552555
vn 0.054534 0.052686 -0.997121
vn 0.070202 0.539669 -0.838945
vn 0.054534 0.052686 -0.997121
vn 0.833137 -0.023771 -0.552555
vn 0.907705 -0.173296 -0.382153
vn 0.036822 -0.348673 -0.936521
vn 0.817728 0.500031 -0.285114
vn 0.069485 0.844007 -0.531812
vn 0.064407 0.972614 -0.223326
vn 0.875784 0.469508 -0.112092
vn 0.797647 0.600254 -0.058772
vn 0.999835 0.018164 -0.000882
vn 0.993873 0.057168 -0.094596
vn 0.875784 0.469508 -0.112092
vn -0.759892 0.080980 -0.644986
vn -0.860927 -0.036737 -0.507400
vn -0.950807 0.201727 -0.235102
vn -0.787927 0.362830 -0.497520
vn 0.999835 0.018164 -0.000882
vn 0.909352 -0.232647 -0.344898
vn 0.907705 -0.173296 -0.382153
vn 0.993873 0.057168 -0.094596
vn -0.950807 0.201727 -0.235102
vn -0.785719 0.574920 -0.228282
vn -0.717650 0.586981 -0.374742
vn -0.787927 0.362830 -0.497520
vn 0.064407 0.972614 -0.223326
vn -0.785719 0.574920 -0.228282
vn -0.704694 0.688715 -0.170523
vn 0.051738 0.985349 -0.162516
vn -0.860927 -0.036737 -0.507400
vn 0.036822 -0.348673 -0.936521
vn 0.014778 -0.391128 -0.920218
vn -0.873535 -0.080515 -0.480056
vn 0.054534 0.052686 -0.997121
vn -0.759892 0.080980 -0.644986
vn -0.787927 0.362830 -0.497520
vn 0.070202 0.539669 -0.838945
vn -0.787927 0.362830 -0.497520
vn -0.717650 0.586981 -0.374742
vn 0.069485 0.844007 -0.531812
vn 0.070202 0.539669 -0.838945
vn -0.759892 0.080980 -0.644986
vn 0.054534 0.052686 -0.997121
vn 0.036822 -0.348673 -0.936521
vn -0.860927 -0.036737 -0.507400
vn 0.069485 0.844007 -0.531812
vn -0.717650 0.586981 -0.374742
vn -0.785719 0.574920 -0.228282
vn 0.064407 0.972614 -0.223326
vn -0.860927 -0.036737 -0.507400
vn -0.873535 -0.080515 -0.480056
vn -0.971063 0.177906 -0.159334
vn -0.950807 0.201727 -0.235102
vn -0.971063 0.177906 -0.159334
vn -0.704694 0.688715 -0.170523
vn -0.785719 0.574920 -0.228282
vn -0.950807 0.201727 -0.235102
vn 0.838918 0.268352 0.473501
vn 0.975486 0.197565 0.096928
vn 0.804699 0.530964 0.265588
vn 0.747042 0.477809 0.462198
vn 0.975486 0.197565 0.096928
vn 0.879296 0.456729 -0.135046
vn 0.767836 0.637557 0.062840
vn 0.804699 0.530964 0.265588
vn 0.838918 0.268352 0.473501
vn 0.032527 0.402142 0.914999
vn 0.020215 0.307312 0.951394
vn 0.767613 0.185086 0.613607
vn 0.022820 0.943846 -0.329598
vn 0.879296 0.456729 -0.135046
vn 0.894686 0.376219 -0.240823
vn -0.001592 0.894688 -0.446690
vn 0.747042 0.477809 0.462198
vn 0.804699 0.530964 0.265588
vn 0.031319 0.890394 0.454112
vn 0.031410 0.707555 0.705960
vn 0.804699 0.530964 0.265588
vn 0.767836 0.637557 0.062840
vn 0.028159 0.995023 0.095581
vn 0.031319 0.890394 0.454112
vn 0.028159 0.995023 0.095581
vn 0.767836 0.637557 0.062840
vn 0.879296 0.456729 -0.135046
vn 0.022820 0.943846 -0.329598
vn 0.747042 0.477809 0.462198
vn 0.031410 0.707555 0.705960
vn 0.032527 0.402142 0.914999
vn 0.838918 0.268352 0.473501
vn 0.767613 0.185086 0.613607
vn 0.997875 0.050520 0.041144
vn 0.975486 0.197565 0.096928
vn 0.838918 0.268352 0.473501
vn -0.721654 0.679882 0.130292
vn -0.847926 0.528520 -0.041085
vn -0.939667 0.282444 0.193008
vn -0.750671 0.573772 0.327535
vn 0.997875 0.050520 0.041144
vn 0.894686 0.376219 -0.240823
vn 0.879296 0.456729 -0.135046
vn 0.975486 0.197565 0.096928
vn -0.939667 0.282444 0.193008
vn -0.780319 0.328699 0.532033
vn -0.688736 0.516618 0.508674
vn -0.750671 0.573772 0.327535
vn 0.032527 0.402142 0.914999
vn -0.780319 0.328699 0.532033
vn -0.712418 0.244284 0.657865
vn 0.020215 0.307312 0.951394
vn -0.847926 0.528520 -0.041085
vn 0.022820 0.943846 -0.329598
vn -0.001592 0.894688 -0.446690
vn -0.877703 0.459747 -0.135168
vn 0.028159 0.995023 0.095581
vn -0.721654 0.679882 0.130292
vn -0.750671 0.573772 0.327535
vn 0.031319 0.890394 0.454112
vn -0.750671 0.573772 0.327535
vn -0.688736 0.516618 0.508674
vn 0.031410 0.707555 0.705960
vn 0.031319 0.890394 0.454112
vn -0.721654 0.679882 0.130292
vn 0.028159 0.995023 0.095581
vn 0.022820 0.943846 -0.329598
vn -0.847926 0.528520 -0.041085
vn 0.031410 0.707555 0.705960
vn -0.688736 0.516618 0.508674
vn -0.780319 0.328699 0.532033
vn 0.032527 0.402142 0.914999
vn -0.847926 0.528520 -0.041085
vn -0.877703 0.459747 -0.135168
vn -0.977192 0.151044 0.149268
vn -0.939667 0.282444 0.193008
vn -0.977192 0.151044 0.149268
vn -0.712418 0.244284 0.657865
vn -0.780319 0.328699 0.532033
vn -0.939667 0.282444 0.193008
vn -0.809490 0.386751 0.441758
vn -0.778545 0.532963 0.331388
vn -0.889859 0.444883 0.101140
vn -0.975943 0.078602 0.203364
vn -0.975943 0.078602 0.203364
vn -0.889859 0.444883 0.101140
vn -0.911923 0.350581 -0.213281
vn -0.977058 0.117661 -0.177520
vn -0.809490 0.386751 0.441758
vn -0.709200 0.443965 0.547659
vn 0.043413 0.819404 0.571571
vn 0.021143 0.851997 0.523120
vn -0.207318 0.402859 -0.891473
vn -0.188179 0.360972 -0.913394
vn -0.980268 0.047953 -0.191766
vn -0.977058 0.117661 -0.177520
vn -0.778545 0.532963 0.331388
vn -0.041398 0.974476 0.220641
vn -0.120529 0.971794 -0.202704
vn -0.889859 0.444883 0.101140
vn -0.889859 0.444883 0.101140
vn -0.120529 0.971794 -0.202704
vn -0.185204 0.734270 -0.653105
vn -0.911923 0.350581 -0.213281
vn -0.185204 0.734270 -0.653105
vn -0.207318 0.402859 -0.891473
vn -0.977058 0.117661 -0.177520
vn -0.911923 0.350581 -0.213281
vn -0.778545 0.532963 0.331388
vn -0.809490 0.386751 0.441758
vn 0.021143 0.851997 0.523120
vn -0.041398 0.974476 0.220641
vn -0.709200 0.443965 0.547659
vn -0.809490 0.386751 0.441758
vn -0.975943 0.078602 0.203364
vn -0.970000 -0.014399 0.242677
vn 0.649111 0.515645 -0.559254
vn 0.734157 0.618936 -0.279161
vn 0.911238 0.331147 -0.244922
vn 0.749888 0.342167 -0.566206
vn -0.970000 -0.014399 0.242677
vn -0.975943 0.078602 0.203364
vn -0.977058 0.117661 -0.177520
vn -0.980268 0.047953 -0.191766
vn 0.911238 0.331147 -0.244922
vn 0.734157 0.618936 -0.279161
vn 0.715711 0.697835 -0.028022
vn 0.803998 0.592517 0.050114
vn 0.021143 0.851997 0.523120
vn 0.043413 0.819404 0.571571
vn 0.749659 0.634649 0.187702
vn 0.803998 0.592517 0.050114
vn 0.749888 0.342167 -0.566206
vn 0.760409 0.293244 -0.579470
vn -0.188179 0.360972 -0.913394
vn -0.207318 0.402859 -0.891473
vn -0.185204 0.734270 -0.653105
vn -0.120529 0.971794 -0.202704
vn 0.734157 0.618936 -0.279161
vn 0.649111 0.515645 -0.559254
vn 0.734157 0.618936 -0.279161
vn -0.120529 0.971794 -0.202704
vn -0.041398 0.974476 0.220641
vn 0.715711 0.697835 -0.028022
vn 0.649111 0.515645 -0.559254
vn 0.749888 0.342167 -0.566206
vn -0.207318 0.402859 -0.891473
vn -0.185204 0.734270 -0.653105
vn -0.041398 0.974476 0.220641
vn 0.021143 0.851997 0.523120
vn 0.803998 0.592517 0.050114
vn 0.715711 0.697835 -0.028022
vn 0.749888 0.342167 -0.566206
vn 0.911238 0.331147 -0.244922
vn 0.940695 0.263402 -0.213803
vn 0.760409 0.293244 -0.579470
vn 0.940695 0.263402 -0.213803
vn 0.911238 0.331147 -0.244922
vn 0.803998 0.592517 0.050114
vn 0.749659 0.634649 0.187702
vn 0.868072 0.405102 0.286955
vn 0.989783 0.139602 -0.029012
vn 0.862832 0.502257 -0.057083
vn 0.804466 0.557577 0.204801
vn 0.989783 0.139602 -0.029012
vn 0.892912 0.213477 -0.396403
vn 0.814843 0.441679 -0.375435
vn 0.862832 0.502257 -0.057083
vn 0.868072 0.405102 0.286955
vn 0.048194 0.778041 0.626362
vn 0.036886 0.737713 0.674107
vn 0.790675 0.441605 0.424050
vn 0.015388 0.491143 -0.870943
vn 0.892912 0.213477 -0.396403
vn 0.891577 0.142522 -0.429857
vn -0.004275 0.433689 -0.901052
vn 0.804466 0.557577 0.204801
vn 0.862832 0.502257 -0.057083
vn 0.043568 0.994591 -0.094288
vn 0.047076 0.941160 0.334666
vn 0.862832 0.502257 -0.057083
vn 0.814843 0.441679 -0.375435
vn 0.029095 0.814548 -0.579366
vn 0.043568 0.994591 -0.094288
vn 0.029095 0.814548 -0.579366
vn 0.814843 0.441679 -0.375435
vn 0.892912 0.213477 -0.396403
vn 0.015388 0.491143 -0.870943
vn 0.804466 0.557577 0.204801
vn 0.047076 0.941160 0.334666
vn 0.048194 0.778041 0.626362
vn 0.868072 0.405102 0.286955
vn 0.790675 0.441605 0.424050
vn 0.999120 0.041872 -0.002527
vn 0.989783 0.139602 -0.029012
vn 0.868072 0.405102 0.286955
vn -0.778879 0.533763 -0.329311
vn -0.874240 0.341961 -0.344626
vn -0.959915 0.278989 0.026980
vn -0.806075 0.591728 -0.010122
vn 0.999120 0.041872 -0.002527
vn 0.891577 0.142522 -0.429857
vn 0.892912 0.213477 -0.396403
vn 0.989783 0.139602 -0.029012
vn -0.959915 0.278989 0.026980
vn -0.797339 0.509777 0.323077
vn -0.733708 0.635113 0.241463
vn -0.806075 0.591728 -0.010122
vn 0.048194 0.778041 0.626362
vn -0.797339 0.509777 0.323077
vn -0.715999 0.536635 0.446507
vn 0.036886 0.737713 0.674107
vn -0.874240 0.341961 -0.344626
vn 0.015388 0.491143 -0.870943
vn -0.004275 0.433689 -0.901052
vn -0.882275 0.286151 -0.373776
vn 0.029095 0.814548 -0.579366
vn -0.778879 0.533763 -0.329311
vn -0.806075 0.591728 -0.010122
vn 0.043568 0.994591 -0.094288
vn -0.806075 0.591728 -0.010122
vn -0.733708 0.635113 0.241463
vn 0.047076 0.941160 0.334666
vn 0.043568 0.994591 -0.094288
vn -0.778879 0.533763 -0.329311
vn 0.029095 0.814548 -0.579366
vn 0.015388 0.491143 -0.870943
vn -0.874240 0.341961 -0.344626
vn 0.047076 0.941160 0.334666
vn -0.733708 0.635113 0.241463
vn -0.797339 0.509777 0.323077
vn 0.048194 0.778041 0.626362
vn -0.874240 0.341961 -0.344626
vn -0.882275 0.286151 -0.373776
vn -0.977542 0.203520 0.054697
vn -0.959915 0.278989 0.026980
vn -0.977542 0.203520 0.054697
vn -0.715999 0.536635 0.446507
vn -0.797339 0.509777 0.323077
vn -0.959915 0.278989 0.026980
vn -0.867112 0.412017 0.279927
vn -0.843456 0.521549 0.128721
vn -0.933956 0.350914 -0.067712
vn -0.989536 0.023227 0.142408
vn -0.989536 0.023227 0.142408
vn -0.933956 0.350914 -0.067712
vn -0.927584 0.159508 -0.337852
vn -0.971113 -0.057502 -0.231587
vn -0.867112 0.412017 0.279927
vn -0.776725 0.512075 0.366710
vn -0.049908 0.956222 0.288354
vn -0.072414 0.970095 0.231670
vn -0.195795 0.081313 -0.977268
vn -0.172343 0.037236 -0.984333
vn -0.966387 -0.127802 -0.223075
vn -0.971113 -0.057502 -0.231587
vn -0.843456 0.521549 0.128721
vn -0.130279 0.986810 -0.096090
vn -0.188855 0.844606 -0.500973
vn -0.933956 0.350914 -0.067712
vn -0.933956 0.350914 -0.067712
vn -0.188855 0.844606 -0.500973
vn -0.212290 0.471434 -0.855969
vn -0.927584 0.159508 -0.337852
vn -0.212290 0.471434 -0.855969
vn -0.195795 0.081313 -0.977268
vn -0.971113 -0.057502 -0.231587
vn -0.927584 0.159508 -0.337852
vn -0.843456 0.521549 0.128721
vn -0.867112 0.412017 0.279927
vn -0.072414 0.970095 0.231670
vn -0.130279 0.986810 -0.096090
vn -0.776725 0.512075 0.366710
vn -0.867112 0.412017 0.279927
vn -0.989536 0.023227 0.142408
vn -0.976571 -0.051965 0.208828
vn 0.629230 0.389362 -0.672657
vn 0.688675 0.580010 -0.435103
vn 0.887197 0.342016 -0.309688
vn 0.745061 0.235983 -0.623856
vn -0.976571 -0.051965 0.208828
vn -0.989536 0.023227 0.142408
vn -0.971113 -0.057502 -0.231587
vn -0.966387 -0.127802 -0.223075
vn 0.887197 0.342016 -0.309688
vn 0.688675 0.580010 -0.435103
vn 0.650177 0.726445 -0.222592
vn 0.741169 0.661539 -0.114169
vn -0.072414 0.970095 0.231670
vn -0.049908 0.956222 0.288354
vn 0.677181 0.735816 0.000552
vn 0.741169 0.661539 -0.114169
vn 0.745061 0.235983 -0.623856
vn 0.760778 0.187081 -0.621463
vn -0.172343 0.037236 -0.984333
vn -0.195795 0.081313 -0.977268
vn -0.212290 0.471434 -0.855969
vn -0.188855 0.844606 -0.500973
vn 0.688675 0.580010 -0.435103
vn 0.629230 0.389362 -0.672657
vn 0.688675 0.580010 -0.435103
vn -0.188855 0.844606 -0.500973
vn -0.130279 0.986810 -0.096090
vn 0.650177 0.726445 -0.222592
vn 0.629230 0.389362 -0.672657
vn 0.745061 0.235983 -0.623856
vn -0.195795 0.081313 -0.977268
vn -0.212290 0.471434 -0.855969
vn -0.130279 0.986810 -0.096090
vn -0.072414 0.970095 0.231670
vn 0.741169 0.661539 -0.114169
vn 0.650177 0.726445 -0.222592
vn 0.745061 0.235983 -0.623856
vn 0.887197 0.342016 -0.309688
vn 0.920953 0.291493 -0.258606
vn 0.760778 0.187081 -0.621463
vn 0.920953 0.291493 -0.258606
vn 0.887197 0.342016 -0.309688
vn 0.741169 0.661539 -0.114169
vn 0.677181 0.735816 0.000552
vn 0.848396 0.466836 0.249577
vn 0.978422 0.204059 -0.032403
vn 0.812951 0.578573 -0.066055
vn 0.758002 0.639345 0.129118
vn 0.978422 0.204059 -0.032403
vn 0.880609 0.300979 -0.365976
vn 0.773720 0.561147 -0.294062
vn 0.812951 0.578573 -0.066055
vn 0.848396 0.466836 0.249577
vn 0.050173 0.827637 0.559017
vn 0.037696 0.767032 0.640500
vn 0.778657 0.472226 0.413154
vn 0.025013 0.622134 -0.782511
vn 0.880609 0.300979 -0.365976
vn 0.893689 0.176239 -0.412626
vn -0.001638 0.518472 -0.855093
vn 0.758002 0.639345 0.129118
vn 0.812951 0.578573 -0.066055
vn 0.045492 0.994788 -0.091250
vn 0.048145 0.974469 0.219298
vn 0.812951 0.578573 -0.066055
vn 0.773720 0.561147 -0.294062
vn 0.037482 0.892106 -0.450269
vn 0.045492 0.994788 -0.091250
vn 0.037482 0.892106 -0.450269
vn 0.773720 0.561147 -0.294062
vn 0.880609 0.300979 -0.365976
vn 0.025013 0.622134 -0.782511
vn 0.758002 0.639345 0.129118
vn 0.048145 0.974469 0.219298
vn 0.050173 0.827637 0.559017
vn 0.848396 0.466836 0.249577
vn 0.778657 0.472226 0.413154
vn 0.998768 0.049606 -0.001341
vn 0.978422 0.204059 -0.032403
vn 0.848396 0.466836 0.249577
vn -0.714132 0.655407 -0.245880
vn -0.844289 0.437894 -0.308910
vn -0.934242 0.356009 0.021201
vn -0.740857 0.671296 -0.022186
vn 0.998768 0.049606 -0.001341
vn 0.893689 0.176239 -0.412626
vn 0.880609 0.300979 -0.365976
vn 0.978422 0.204059 -0.032403
vn -0.934242 0.356009 0.021201
vn -0.769186 0.573541 0.281787
vn -0.676511 0.718634 0.160931
vn -0.740857 0.671296 -0.022186
vn 0.050173 0.827637 0.559017
vn -0.769186 0.573541 0.281787
vn -0.699961 0.568236 0.432622
vn 0.037696 0.767032 0.640500
vn -0.844289 0.437894 -0.308910
vn 0.025013 0.622134 -0.782511
vn -0.001638 0.518472 -0.855093
vn -0.876095 0.329993 -0.351514
vn 0.037482 0.892106 -0.450269
vn -0.714132 0.655407 -0.245880
vn -0.740857 0.671296 -0.022186
vn 0.045492 0.994788 -0.091250
vn -0.740857 0.671296 -0.022186
vn -0.676511 0.718634 0.160931
vn 0.048145 0.974469 0.219298
vn 0.045492 0.994788 -0.091250
vn -0.714132 0.655407 -0.245880
vn 0.037482 0.892106 -0.450269
vn 0.025013 0.622134 -0.782511
vn -0.844289 0.437894 -0.308910
vn 0.048145 0.974469 0.219298
vn -0.676511 0.718634 0.160931
vn -0.769186 0.573541 0.281787
vn 0.050173 0.827637 0.559017
vn -0.844289 0.437894 -0.308910
vn -0.876095 0.329993 -0.351514
vn -0.973489 0.222109 0.054654
vn -0.934242 0.356009 0.021201
vn -0.973489 0.222109 0.054654
vn -0.699961 0.568236 0.432622
vn -0.769186 0.573541 0.281787
vn -0.934242 0.356009 0.021201
vn -0.859650 0.445660 0.249777
vn -0.785489 0.594901 0.170586
vn -0.835072 0.542116 -0.093620
vn -0.979982 0.185842 -0.071399
vn -0.979982 0.185842 -0.071399
vn -0.835072 0.542116 -0.093620
vn -0.776333 0.479033 -0.409676
vn -0.864047 0.254723 -0.434211
vn -0.859650 0.445660 0.249777
vn -0.786592 0.478632 0.390109
vn -0.031192 0.739311 0.672642
vn -0.038534 0.780077 0.624496
vn 0.045124 0.490446 -0.870303
vn 0.063348 0.432102 -0.899597
vn -0.864605 0.183750 -0.467648
vn -0.864047 0.254723 -0.434211
vn -0.785489 0.594901 0.170586
vn -0.017226 0.942670 0.333282
vn 0.007224 0.995444 -0.095071
vn -0.835072 0.542116 -0.093620
vn -0.835072 0.542116 -0.093620
vn 0.007224 0.995444 -0.095071
vn 0.034078 0.814431 -0.579259
vn -0.776333 0.479033 -0.409676
vn 0.034078 0.814431 -0.579259
vn 0.045124 0.490446 -0.870303
vn -0.864047 0.254723 -0.434211
vn -0.776333 0.479033 -0.409676
vn -0.785489 0.594901 0.170586
vn -0.859650 0.445660 0.249777
vn -0.038534 0.780077 0.624496
vn -0.017226 0.942670 0.333282
vn -0.786592 0.478632 0.390109
vn -0.859650 0.445660 0.249777
vn -0.979982 0.185842 -0.071399
vn -0.995023 0.088686 -0.045438
vn 0.816493 0.496311 -0.294981
vn 0.832630 0.553258 0.025141
vn 0.969896 0.233686 0.068507
vn 0.903324 0.300232 -0.306375
vn -0.995023 0.088686 -0.045438
vn -0.979982 0.185842 -0.071399
vn -0.864047 0.254723 -0.434211
vn -0.864605 0.183750 -0.467648
vn 0.969896 0.233686 0.068507
vn 0.832630 0.553258 0.025141
vn 0.751628 0.600245 0.273425
vn 0.805743 0.472145 0.357573
vn -0.038534 0.780077 0.624496
vn -0.031192 0.739311 0.672642
vn 0.720522 0.502911 0.477418
vn 0.805743 0.472145 0.357573
vn 0.903324 0.300232 -0.306375
vn 0.909978 0.244078 -0.335210
vn 0.063348 0.432102 -0.899597
vn 0.045124 0.490446 -0.870303
vn 0.034078 0.814431 -0.579259
vn 0.007224 0.995444 -0.095071
vn 0.832630 0.553258 0.025141
vn 0.816493 0.496311 -0.294981
vn 0.832630 0.553258 0.025141
vn 0.007224 0.995444 -0.095071
vn -0.017226 0.942670 0.333282
vn 0.751628 0.600245 0.273425
vn 0.816493 0.496311 -0.294981
vn 0.903324 0.300232 -0.306375
vn 0.045124 0.490446 -0.870303
vn 0.034078 0.814431 -0.579259
vn -0.017226 0.942670 0.333282
vn -0.038534 0.780077 0.624496
vn 0.805743 0.472145 0.357573
vn 0.751628 0.600245 0.273425
vn 0.903324 0.300232 -0.306375
vn 0.969896 0.233686 0.068507
vn 0.982755 0.157502 0.096880
vn 0.909978 0.244078 -0.335210
vn 0.982755 0.157502 0.096880
vn 0.969896 0.233686 0.068507
vn 0.805743 0.472145 0.357573
vn 0.720522 0.502911 0.477418
vn -0.847169 0.509955 -0.149167
vn -0.780360 0.537546 -0.319502
vn -0.846537 0.300659 -0.439294
vn -0.985111 0.103625 -0.137181
vn -0.985111 0.103625 -0.137181
vn -0.846537 0.300659 -0.439294
vn -0.808808 0.014773 -0.587888
vn -0.897563 -0.130917 -0.421000
vn -0.847169 0.509955 -0.149167
vn -0.765350 0.636947 -0.092405
vn 0.001570 0.986526 -0.163596
vn -0.009056 0.974338 -0.224907
vn -0.012837 -0.347508 -0.937589
vn 0.006470 -0.390933 -0.920397
vn -0.903593 -0.190087 -0.383910
vn -0.897563 -0.130917 -0.421000
vn -0.780360 0.537546 -0.319502
vn -0.006893 0.845800 -0.533455
vn -0.008679 0.541519 -0.840644
vn -0.846537 0.300659 -0.439294
vn -0.846537 0.300659 -0.439294
vn -0.008679 0.541519 -0.840644
vn -0.009083 0.054179 -0.998490
vn -0.808808 0.014773 -0.587888
vn -0.009083 0.054179 -0.998490
vn -0.012837 -0.347508 -0.937589
vn -0.897563 -0.130917 -0.421000
vn -0.808808 0.014773 -0.587888
vn -0.780360 0.537546 -0.319502
vn -0.847169 0.509955 -0.149167
vn -0.009056 0.974338 -0.224907
vn -0.006893 0.845800 -0.533455
vn -0.765350 0.636947 -0.092405
vn -0.847169 0.509955 -0.149167
vn -0.985111 0.103625 -0.137181
vn -0.996919 0.065038 -0.043850
vn 0.789880 0.044599 -0.611637
vn 0.824738 0.324972 -0.462818
vn 0.968450 0.156672 -0.193802
vn 0.879275 -0.077589 -0.469953
vn -0.996919 0.065038 -0.043850
vn -0.985111 0.103625 -0.137181
vn -0.897563 -0.130917 -0.421000
vn -0.903593 -0.190087 -0.383910
vn 0.968450 0.156672 -0.193802
vn 0.824738 0.324972 -0.462818
vn 0.759839 0.552297 -0.342948
vn 0.820907 0.537204 -0.193709
vn -0.009056 0.974338 -0.224907
vn 0.001570 0.986526 -0.163596
vn 0.742901 0.654731 -0.139373
vn 0.820907 0.537204 -0.193709
vn 0.879275 -0.077589 -0.469953
vn 0.888628 -0.121883 -0.442137
vn 0.006470 -0.390933 -0.920397
vn -0.012837 -0.347508 -0.937589
vn -0.009083 0.054179 -0.998490
vn -0.008679 0.541519 -0.840644
vn 0.824738 0.324972 -0.462818
vn 0.789880 0.044599 -0.611637
vn 0.824738 0.324972 -0.462818
vn -0.008679 0.541519 -0.840644
vn -0.006893 0.845800 -0.533455
vn 0.759839 0.552297 -0.342948
vn 0.789880 0.044599 -0.611637
vn 0.879275 -0.077589 -0.469953
vn -0.012837 -0.347508 -0.937589
vn -0.009083 0.054179 -0.998490
vn -0.006893 0.845800 -0.533455
vn -0.009056 0.974338 -0.224907
vn 0.820907 0.537204 -0.193709
vn 0.759839 0.552297 -0.342948
vn 0.879275 -0.077589 -0.469953
vn 0.968450 0.156672 -0.193802
vn 0.984290 0.132003 -0.117257
vn 0.888628 -0.121883 -0.442137
vn 0.984290 0.132003 -0.117257
vn 0.968450 0.156672 -0.193802
vn 0.820907 0.537204 -0.193709
vn 0.742901 0.654731 -0.139373
vn 0.848933 0.474406 0.232922
vn 0.978540 0.202120 -0.040079
vn 0.813314 0.575391 -0.086294
vn 0.758563 0.642796 0.106746
vn 0.978540 0.202120 -0.040079
vn 0.880529 0.287731 -0.376670
vn 0.773886 0.550263 -0.313544
vn 0.813314 0.575391 -0.086294
vn 0.848933 0.474406 0.232922
vn 0.051224 0.846094 0.530567
vn 0.038767 0.788297 0.614073
vn 0.779330 0.485394 0.396279
vn 0.024827 0.595200 -0.803194
vn 0.880529 0.287731 -0.376670
vn 0.893481 0.161470 -0.419068
vn -0.001954 0.489161 -0.872192
vn 0.758563 0.642796 0.106746
vn 0.813314 0.575391 -0.086294
vn 0.046139 0.991084 -0.124996
vn 0.049026 0.981315 0.186059
vn 0.813314 0.575391 -0.086294
vn 0.773886 0.550263 -0.313544
vn 0.037761 0.876281 -0.480319
vn 0.046139 0.991084 -0.124996
vn 0.037761 0.876281 -0.480319
vn 0.773886 0.550263 -0.313544
vn 0.880529 0.287731 -0.376670
vn 0.024827 0.595200 -0.803194
vn 0.758563 0.642796 0.106746
vn 0.049026 0.981315 0.186059
vn 0.051224 0.846094 0.530567
vn 0.848933 0.474406 0.232922
vn 0.779330 0.485394 0.396279
vn 0.998802 0.048789 -0.003807
vn 0.978540 0.202120 -0.040079
vn 0.848933 0.474406 0.232922
vn -0.713861 0.647215 -0.267423
vn -0.844225 0.427786 -0.322930
vn -0.933970 0.357217 0.009838
vn -0.740393 0.670708 -0.044375
vn 0.998802 0.048789 -0.003807
vn 0.893481 0.161470 -0.419068
vn 0.880529 0.287731 -0.376670
vn 0.978540 0.202120 -0.040079
vn -0.933970 0.357217 0.009838
vn -0.768543 0.583349 0.262764
vn -0.675866 0.724184 0.136979
vn -0.740393 0.670708 -0.044375
vn 0.051224 0.846094 0.530567
vn -0.768543 0.583349 0.262764
vn -0.699200 0.583113 0.413641
vn 0.038767 0.788297 0.614073
vn -0.844225 0.427786 -0.322930
vn 0.024827 0.595200 -0.803194
vn -0.001954 0.489161 -0.872192
vn -0.876141 0.318529 -0.361824
vn 0.037761 0.876281 -0.480319
vn -0.713861 0.647215 -0.267423
vn -0.740393 0.670708 -0.044375
vn 0.046139 0.991084 -0.124996
vn -0.740393 0.670708 -0.044375
vn -0.675866 0.724184 0.136979
vn 0.049026 0.981315 0.186059
vn 0.046139 0.991084 -0.124996
vn -0.713861 0.647215 -0.267423
vn 0.037761 0.876281 -0.480319
vn 0.024827 0.595200 -0.803194
vn -0.844225 0.427786 -0.322930
vn 0.049026 0.981315 0.186059
vn -0.675866 0.724184 0.136979
vn -0.768543 0.583349 0.262764
vn 0.051224 0.846094 0.530567
vn -0.844225 0.427786 -0.322930
vn -0.876141 0.318529 -0.361824
vn -0.973285 0.224560 0.047848
vn -0.933970 0.357217 0.009838
vn -0.973285 0.224560 0.047848
vn -0.699200 0.583113 0.413641
vn -0.768543 0.583349 0.262764
vn -0.933970 0.357217 0.009838
vn 0.983249 -0.053053 0.174375
vn 0.957010 -0.245037 -0.155208
vn 0.942541 -0.070010 -0.326673
vn 0.971766 0.196141 -0.131145
vn 0.910218 0.374042 0.177753
vn 0.180234 0.980166 -0.082400
vn 0.155527 0.987509 -0.025233
vn 0.831323 0.508282 0.224839
vn 0.215047 -0.257945 -0.941923
vn 0.957010 -0.245037 -0.155208
vn 0.943295 -0.307437 -0.125205
vn 0.186850 -0.298795 -0.935847
vn 0.901591 0.432584 -0.002364
vn 0.971766 0.196141 -0.131145
vn 0.290561 0.614283 -0.733642
vn 0.243788 0.885030 -0.396597
vn 0.971766 0.196141 -0.131145
vn 0.942541 -0.070010 -0.326673
vn 0.274883 0.145741 -0.950368
vn 0.290561 0.614283 -0.733642
vn 0.274883 0.145741 -0.950368
vn 0.942541 -0.070010 -0.326673
vn 0.957010 -0.245037 -0.155208
vn 0.215047 -0.257945 -0.941923
vn 0.901591 0.432584 -0.002364
vn 0.243788 0.885030 -0.396597
vn 0.180234 0.980166 -0.082400
vn 0.910218 0.374042 0.177753
vn 0.831323 0.508282 0.224839
vn 0.960247 -0.101063 0.260214
vn 0.983249 -0.053053 0.174375
vn 0.910218 0.374042 0.177753
vn -0.571000 0.228556 -0.788493
vn -0.704606 0.114090 -0.700367
vn -0.834500 0.329930 -0.441312
vn -0.609126 0.488887 -0.624463
vn 0.960247 -0.101063 0.260214
vn 0.943295 -0.307437 -0.125205
vn 0.957010 -0.245037 -0.155208
vn 0.983249 -0.053053 0.174375
vn -0.834500 0.329930 -0.441312
vn -0.653814 0.671492 -0.348748
vn -0.555987 0.687480 -0.467172
vn -0.609126 0.488887 -0.624463
vn 0.180234 0.980166 -0.082400
vn -0.653814 0.671492 -0.348748
vn -0.583465 0.769093 -0.260891
vn 0.155527 0.987509 -0.025233
vn -0.704606 0.114090 -0.700367
vn 0.215047 -0.257945 -0.941923
vn 0.186850 -0.298795 -0.935847
vn -0.726197 0.070792 -0.683832
vn 0.274883 0.145741 -0.950368
vn -0.571000 0.228556 -0.788493
vn -0.609126 0.488887 -0.624463
vn 0.290561 0.614283 -0.733642
vn -0.609126 0.488887 -0.624463
vn -0.555987 0.687480 -0.467172
vn 0.243788 0.885030 -0.396597
vn 0.290561 0.614283 -0.733642
vn -0.571000 0.228556 -0.788493
vn 0.274883 0.145741 -0.950368
vn 0.215047 -0.257945 -0.941923
vn -0.704606 0.114090 -0.700367
vn 0.243788 0.885030 -0.396597
vn -0.555987 0.687480 -0.467172
vn -0.653814 0.671492 -0.348748
vn 0.180234 0.980166 -0.082400
vn -0.704606 0.114090 -0.700367
vn -0.726197 0.070792 -0.683832
vn -0.874450 0.302910 -0.378923
vn -0.834500 0.329930 -0.441312
vn -0.874450 0.302910 -0.378923
vn -0.583465 0.769093 -0.260891
vn -0.653814 0.671492 -0.348748
vn -0.834500 0.329930 -0.441312
vn 0.910218 0.374042 0.177753
vn 0.983249 -0.053053 0.174375
vn 0.971766 0.196141 -0.131145
vn 0.901591 0.432584 -0.002364
vn -0.763145 0.628770 0.149190
vn -0.677421 0.735289 -0.021232
vn -0.781683 0.568663 -0.256115
vn -0.970547 0.238231 -0.035850
vn -0.970547 0.238231 -0.035850
vn -0.781683 0.568663 -0.256115
vn -0.761713 0.347178 -0.547047
vn -0.886170 0.119031 -0.447811
vn -0.763145 0.628770 0.149190
vn -0.647177 0.717179 0.258487
vn 0.060466 0.958973 0.276976
vn 0.046303 0.975637 0.214449
vn -0.068989 0.095085 -0.993076
vn -0.040616 0.047885 -0.998027
vn -0.895156 0.034079 -0.444448
vn -0.886170 0.119031 -0.447811
vn -0.677421 0.735289 -0.021232
vn 0.028454 0.993151 -0.113319
vn -0.004601 0.853374 -0.521280
vn -0.781683 0.568663 -0.256115
vn -0.781683 0.568663 -0.256115
vn -0.004601 0.853374 -0.521280
vn -0.041133 0.479165 -0.876761
vn -0.761713 0.347178 -0.547047
vn -0.041133 0.479165 -0.876761
vn -0.068989 0.095085 -0.993076
vn -0.886170 0.119031 -0.447811
vn -0.761713 0.347178 -0.547047
vn -0.677421 0.735289 -0.021232
vn -0.763145 0.628770 0.149190
vn 0.046303 0.975637 0.214449
vn 0.028454 0.993151 -0.113319
vn -0.647177 0.717179 0.258487
vn -0.763145 0.628770 0.149190
vn -0.970547 0.238231 -0.035850
vn -0.988027 0.145573 0.051097
vn 0.689877 0.317560 -0.650558
vn 0.763484 0.529300 -0.370047
vn 0.950516 0.239129 -0.198337
vn 0.802039 0.125391 -0.583961
vn -0.988027 0.145573 0.051097
vn -0.970547 0.238231 -0.035850
vn -0.886170 0.119031 -0.447811
vn -0.895156 0.034079 -0.444448
vn 0.950516 0.239129 -0.198337
vn 0.763484 0.529300 -0.370047
vn 0.709103 0.692765 -0.131334
vn 0.797053 0.603838 0.009277
vn 0.046303 0.975637 0.214449
vn 0.060466 0.958973 0.276976
vn 0.714956 0.688054 0.124179
vn 0.797053 0.603838 0.009277
vn 0.802039 0.125391 -0.583961
vn 0.811880 0.062969 -0.580419
vn -0.040616 0.047885 -0.998027
vn -0.068989 0.095085 -0.993076
vn -0.041133 0.479165 -0.876761
vn -0.004601 0.853374 -0.521280
vn 0.763484 0.529300 -0.370047
vn 0.689877 0.317560 -0.650558
vn 0.763484 0.529300 -0.370047
vn -0.004601 0.853374 -0.521280
vn 0.028454 0.993151 -0.113319
vn 0.709103 0.692765 -0.131334
vn 0.689877 0.317560 -0.650558
vn 0.802039 0.125391 -0.583961
vn -0.068989 0.095085 -0.993076
vn -0.041133 0.479165 -0.876761
vn 0.028454 0.993151 -0.113319
vn 0.046303 0.975637 0.214449
vn 0.797053 0.603838 0.009277
vn 0.709103 0.692765 -0.131334
vn 0.802039 0.125391 -0.583961
vn 0.950516 0.239129 -0.198337
vn 0.976763 0.172292 -0.127472
vn 0.811880 0.062969 -0.580419
vn 0.976763 0.172292 -0.127472
vn 0.950516 0.239129 -0.198337
vn 0.797053 0.603838 0.009277
vn 0.714956 0.688054 0.124179
vn 0.818176 0.552111 0.160508
vn 0.989591 0.143909 -0.000257
vn 0.844217 0.479520 -0.239496
vn 0.750483 0.660703 -0.015681
vn 0.989591 0.143909 -0.000257
vn 0.909549 0.019076 -0.415158
vn 0.812024 0.251570 -0.526621
vn 0.844217 0.479520 -0.239496
vn 0.818176 0.552111 0.160508
vn 0.045245 0.982603 0.180122
vn 0.027279 0.969817 0.242305
vn 0.711261 0.652798 0.260696
vn 0.106605 0.049952 -0.993046
vn 0.909549 0.019076 -0.415158
vn 0.910834 -0.065410 -0.407557
vn 0.085994 0.003943 -0.996288
vn 0.750483 0.660703 -0.015681
vn 0.844217 0.479520 -0.239496
vn 0.102421 0.828990 -0.549806
vn 0.072466 0.986383 -0.147642
vn 0.844217 0.479520 -0.239496
vn 0.812024 0.251570 -0.526621
vn 0.113603 0.439530 -0.891015
vn 0.102421 0.828990 -0.549806
vn 0.113603 0.439530 -0.891015
vn 0.812024 0.251570 -0.526621
vn 0.909549 0.019076 -0.415158
vn 0.106605 0.049952 -0.993046
vn 0.750483 0.660703 -0.015681
vn 0.072466 0.986383 -0.147642
vn 0.045245 0.982603 0.180122
vn 0.818176 0.552111 0.160508
vn 0.711261 0.652798 0.260696
vn 0.994481 0.054815 0.089456
vn 0.989591 0.143909 -0.000257
vn 0.818176 0.552111 0.160508
vn -0.637746 0.353683 -0.684243
vn -0.768814 0.174498 -0.615204
vn -0.916200 0.315892 -0.246556
vn -0.697541 0.581630 -0.418501
vn 0.994481 0.054815 0.089456
vn 0.910834 -0.065410 -0.407557
vn 0.909549 0.019076 -0.415158
vn 0.989591 0.143909 -0.000257
vn -0.916200 0.315892 -0.246556
vn -0.734309 0.677331 -0.044874
vn -0.634394 0.750777 -0.184061
vn -0.697541 0.581630 -0.418501
vn 0.045245 0.982603 0.180122
vn -0.734309 0.677331 -0.044874
vn -0.645933 0.760024 0.071660
vn 0.027279 0.969817 0.242305
vn -0.768814 0.174498 -0.615204
vn 0.106605 0.049952 -0.993046
vn 0.085994 0.003943 -0.996288
vn -0.784152 0.113578 -0.610086
vn 0.113603 0.439530 -0.891015
vn -0.637746 0.353683 -0.684243
vn -0.697541 0.581630 -0.418501
vn 0.102421 0.828990 -0.549806
vn -0.697541 0.581630 -0.418501
vn -0.634394 0.750777 -0.184061
vn 0.072466 0.986383 -0.147642
vn 0.102421 0.828990 -0.549806
vn -0.637746 0.353683 -0.684243
vn 0.113603 0.439530 -0.891015
vn 0.106605 0.049952 -0.993046
vn -0.768814 0.174498 -0.615204
vn 0.072466 0.986383 -0.147642
vn -0.634394 0.750777 -0.184061
vn -0.734309 0.677331 -0.044874
vn 0.045245 0.982603 0.180122
vn -0.768814 0.174498 -0.615204
vn -0.784152 0.113578 -0.610086
vn -0.951036 0.254748 -0.175025
vn -0.916200 0.315892 -0.246556
vn -0.951036 0.254748 -0.175025
vn -0.645933 0.760024 0.071660
vn -0.734309 0.677331 -0.044874
vn -0.916200 0.315892 -0.246556
vn 0.828999 0.478089 0.290158
vn 0.985998 0.153750 0.064575
vn 0.865541 0.496816 -0.063353
vn 0.777232 0.606247 0.168450
vn 0.985998 0.153750 0.064575
vn 0.938189 0.148385 -0.312703
vn 0.856650 0.367865 -0.361699
vn 0.865541 0.496816 -0.063353
vn 0.828999 0.478089 0.290158
vn -0.010976 0.902831 0.429855
vn -0.027240 0.874600 0.484079
vn 0.737400 0.542180 0.402844
vn 0.106312 0.310406 -0.944641
vn 0.938189 0.148385 -0.312703
vn 0.944110 0.078634 -0.320113
vn 0.087358 0.265847 -0.960049
vn 0.777232 0.606247 0.168450
vn 0.865541 0.496816 -0.063353
vn 0.058229 0.946372 -0.317789
vn 0.018197 0.993793 0.109746
vn 0.865541 0.496816 -0.063353
vn 0.856650 0.367865 -0.361699
vn 0.091594 0.662974 -0.743018
vn 0.058229 0.946372 -0.317789
vn 0.091594 0.662974 -0.743018
vn 0.856650 0.367865 -0.361699
vn 0.938189 0.148385 -0.312703
vn 0.106312 0.310406 -0.944641
vn 0.777232 0.606247 0.168450
vn 0.018197 0.993793 0.109746
vn -0.010976 0.902831 0.429855
vn 0.828999 0.478089 0.290158
vn 0.737400 0.542180 0.402844
vn 0.991260 0.065493 0.114520
vn 0.985998 0.153750 0.064575
vn 0.828999 0.478089 0.290158
vn -0.732885 0.423417 -0.532538
vn -0.827456 0.241135 -0.507120
vn -0.953597 0.255527 -0.159241
vn -0.794993 0.553203 -0.248903
vn 0.991260 0.065493 0.114520
vn 0.944110 0.078634 -0.320113
vn 0.938189 0.148385 -0.312703
vn 0.985998 0.153750 0.064575
vn -0.953597 0.255527 -0.159241
vn -0.826627 0.554940 0.093431
vn -0.752486 0.658568 -0.007352
vn -0.794993 0.553203 -0.248903
vn -0.010976 0.902831 0.429855
vn -0.826627 0.554940 0.093431
vn -0.759002 0.613460 0.218135
vn -0.027240 0.874600 0.484079
vn -0.827456 0.241135 -0.507120
vn 0.106312 0.310406 -0.944641
vn 0.087358 0.265847 -0.960049
vn -0.836839 0.189426 -0.513633
vn 0.091594 0.662974 -0.743018
vn -0.732885 0.423417 -0.532538
vn -0.794993 0.553203 -0.248903
vn 0.058229 0.946372 -0.317789
vn -0.794993 0.553203 -0.248903
vn -0.752486 0.658568 -0.007352
vn 0.018197 0.993793 0.109746
vn 0.058229 0.946372 -0.317789
vn -0.732885 0.423417 -0.532538
vn 0.091594 0.662974 -0.743018
vn 0.106312 0.310406 -0.944641
vn -0.827456 0.241135 -0.507120
vn 0.018197 0.993793 0.109746
vn -0.752486 0.658568 -0.007352
vn -0.826627 0.554940 0.093431
vn -0.010976 0.902831 0.429855
vn -0.827456 0.241135 -0.507120
vn -0.836839 0.189426 -0.513633
vn -0.975052 0.188844 -0.116666
vn -0.953597 0.255527 -0.159241
vn -0.975052 0.188844 -0.116666
vn -0.759002 0.613460 0.218135
vn -0.826627 0.554940 0.093431
vn -0.953597 0.255527 -0.159241
vn -0.834977 0.513935 0.196686
vn -0.731467 0.677775 0.074682
vn -0.780967 0.612818 -0.120601
vn -0.965355 0.247753 -0.081909
vn -0.965355 0.247753 -0.081909
vn -0.780967 0.612818 -0.120601
vn -0.733029 0.585639 -0.345971
vn -0.849055 0.328333 -0.413888
vn -0.834977 0.513935 0.196686
vn -0.772023 0.521812 0.362895
vn -0.028117 0.789867 0.612633
vn -0.034248 0.848100 0.528728
vn 0.037672 0.594899 -0.802918
vn 0.062392 0.487649 -0.870807
vn -0.866081 0.202776 -0.456931
vn -0.849055 0.328333 -0.413888
vn -0.731467 0.677775 0.074682
vn -0.010900 0.982722 0.184769
vn 0.005815 0.992031 -0.125864
vn -0.780967 0.612818 -0.120601
vn -0.780967 0.612818 -0.120601
vn 0.005815 0.992031 -0.125864
vn 0.024066 0.876602 -0.480614
vn -0.733029 0.585639 -0.345971
vn 0.024066 0.876602 -0.480614
vn 0.037672 0.594899 -0.802918
vn -0.849055 0.328333 -0.413888
vn -0.733029 0.585639 -0.345971
vn -0.731467 0.677775 0.074682
vn -0.834977 0.513935 0.196686
vn -0.034248 0.848100 0.528728
vn -0.010900 0.982722 0.184769
vn -0.772023 0.521812 0.362895
vn -0.834977 0.513935 0.196686
vn -0.965355 0.247753 -0.081909
vn -0.994326 0.095578 -0.046696
vn 0.754268 0.612750 -0.235831
vn 0.772258 0.635199 -0.011825
vn 0.948409 0.313028 0.050344
vn 0.876463 0.387392 -0.285903
vn -0.994326 0.095578 -0.046696
vn -0.965355 0.247753 -0.081909
vn -0.849055 0.328333 -0.413888
vn -0.866081 0.202776 -0.456931
vn 0.948409 0.313028 0.050344
vn 0.772258 0.635199 -0.011825
vn 0.702573 0.691825 0.166641
vn 0.783050 0.546925 0.296152
vn -0.034248 0.848100 0.528728
vn -0.028117 0.789867 0.612633
vn 0.707349 0.550093 0.443908
vn 0.783050 0.546925 0.296152
vn 0.876463 0.387392 -0.285903
vn 0.904862 0.276719 -0.323498
vn 0.062392 0.487649 -0.870807
vn 0.037672 0.594899 -0.802918
vn 0.024066 0.876602 -0.480614
vn 0.005815 0.992031 -0.125864
vn 0.772258 0.635199 -0.011825
vn 0.754268 0.612750 -0.235831
vn 0.772258 0.635199 -0.011825
vn 0.005815 0.992031 -0.125864
vn -0.010900 0.982722 0.184769
vn 0.702573 0.691825 0.166641
vn 0.754268 0.612750 -0.235831
vn 0.876463 0.387392 -0.285903
vn 0.037672 0.594899 -0.802918
vn 0.024066 0.876602 -0.480614
vn -0.010900 0.982722 0.184769
vn -0.034248 0.848100 0.528728
vn 0.783050 0.546925 0.296152
vn 0.702573 0.691825 0.166641
vn 0.876463 0.387392 -0.285903
vn 0.948409 0.313028 0.050344
vn 0.979788 0.178711 0.089876
vn 0.904862 0.276719 -0.323498
vn 0.979788 0.178711 0.089876
vn 0.948409 0.313028 0.050344
vn 0.783050 0.546925 0.296152
vn 0.707349 0.550093 0.443908
vn -0.835512 0.506365 0.213341
vn -0.732029 0.674325 0.097055
vn -0.781324 0.616003 -0.100361
vn -0.965475 0.249693 -0.074234
vn -0.965475 0.249693 -0.074234
vn -0.781324 0.616003 -0.100361
vn -0.733187 0.596524 -0.326489
vn -0.848973 0.341582 -0.403195
vn -0.835512 0.506365 0.213341
vn -0.772693 0.508644 0.379771
vn -0.029180 0.768602 0.639061
vn -0.035288 0.829643 0.557178
vn 0.037860 0.621832 -0.782235
vn 0.062715 0.516961 -0.853709
vn -0.865872 0.217545 -0.450489
vn -0.848973 0.341582 -0.403195
vn -0.732029 0.674325 0.097055
vn -0.011769 0.975876 0.218009
vn 0.005186 0.995735 -0.092117
vn -0.781324 0.616003 -0.100361
vn -0.781324 0.616003 -0.100361
vn 0.005186 0.995735 -0.092117
vn 0.023798 0.892427 -0.450563
vn -0.733187 0.596524 -0.326489
vn 0.023798 0.892427 -0.450563
vn 0.037860 0.621832 -0.782235
vn -0.848973 0.341582 -0.403195
vn -0.733187 0.596524 -0.326489
vn -0.732029 0.674325 0.097055
vn -0.835512 0.506365 0.213341
vn -0.035288 0.829643 0.557178
vn -0.011769 0.975876 0.218009
vn -0.772693 0.508644 0.379771
vn -0.835512 0.506365 0.213341
vn -0.965475 0.249693 -0.074234
vn -0.994360 0.096395 -0.044230
vn 0.753997 0.620942 -0.214288
vn 0.771797 0.635785 0.010364
vn 0.948135 0.311820 0.061707
vn 0.876397 0.397501 -0.271884
vn -0.994360 0.096395 -0.044230
vn -0.965475 0.249693 -0.074234
vn -0.848973 0.341582 -0.403195
vn -0.865872 0.217545 -0.450489
vn 0.948135 0.311820 0.061707
vn 0.771797 0.635785 0.010364
vn 0.701927 0.686275 0.190593
vn 0.782413 0.537117 0.315175
vn -0.035288 0.829643 0.557178
vn -0.029180 0.768602 0.639061
vn 0.706595 0.535217 0.462889
vn 0.782413 0.537117 0.315175
vn 0.876397 0.397501 -0.271884
vn 0.904910 0.288184 -0.313190
vn 0.062715 0.516961 -0.853709
vn 0.037860 0.621832 -0.782235
vn 0.023798 0.892427 -0.450563
vn 0.005186 0.995735 -0.092117
vn 0.771797 0.635785 0.010364
vn 0.753997 0.620942 -0.214288
vn 0.771797 0.635785 0.010364
vn 0.005186 0.995735 -0.092117
vn -0.011769 0.975876 0.218009
vn 0.701927 0.686275 0.190593
vn 0.753997 0.620942 -0.214288
vn 0.876397 0.397501 -0.271884
vn 0.037860 0.621832 -0.782235
vn 0.023798 0.892427 -0.450563
vn -0.011769 0.975876 0.218009
vn -0.035288 0.829643 0.557178
vn 0.782413 0.537117 0.315175
vn 0.701927 0.686275 0.190593
vn 0.876397 0.397501 -0.271884
vn 0.948135 0.311820 0.061707
vn 0.979584 0.176261 0.096682
vn 0.904910 0.288184 -0.313190
vn 0.979584 0.176261 0.096682
vn 0.948135 0.311820 0.061707
vn 0.782413 0.537117 0.315175
vn 0.706595 0.535217 0.462889
vn 0.767926 0.473974 0.430858
vn 0.970789 0.208310 0.119062
vn 0.804319 0.591774 0.053621
vn 0.696513 0.640402 0.323659
vn 0.970789 0.208310 0.119062
vn 0.910324 0.281891 -0.303065
vn 0.796942 0.523705 -0.301026
vn 0.804319 0.591774 0.053621
vn 0.767926 0.473974 0.430858
vn -0.031861 0.789968 0.612319
vn -0.043378 0.748606 0.661595
vn 0.657208 0.507340 0.557390
vn 0.112972 0.509270 -0.853160
vn 0.910324 0.281891 -0.303065
vn 0.920043 0.205650 -0.333510
vn 0.104268 0.467946 -0.877584
vn 0.696513 0.640402 0.323659
vn 0.804319 0.591774 0.053621
vn 0.043769 0.993640 -0.103749
vn -0.001295 0.946098 0.323877
vn 0.804319 0.591774 0.053621
vn 0.796942 0.523705 -0.301026
vn 0.088994 0.807194 -0.583539
vn 0.043769 0.993640 -0.103749
vn 0.088994 0.807194 -0.583539
vn 0.796942 0.523705 -0.301026
vn 0.910324 0.281891 -0.303065
vn 0.112972 0.509270 -0.853160
vn 0.696513 0.640402 0.323659
vn -0.001295 0.946098 0.323877
vn -0.031861 0.789968 0.612319
vn 0.767926 0.473974 0.430858
vn 0.657208 0.507340 0.557390
vn 0.983174 0.092571 0.157480
vn 0.970789 0.208310 0.119062
vn 0.767926 0.473974 0.430858
vn -0.665726 0.570226 -0.481302
vn -0.779954 0.366091 -0.507591
vn -0.942939 0.308493 -0.125290
vn -0.748185 0.647386 -0.145296
vn 0.983174 0.092571 0.157480
vn 0.920043 0.205650 -0.333510
vn 0.910324 0.281891 -0.303065
vn 0.970789 0.208310 0.119062
vn -0.942939 0.308493 -0.125290
vn -0.796952 0.558238 0.230736
vn -0.702233 0.696945 0.145385
vn -0.748185 0.647386 -0.145296
vn -0.031861 0.789968 0.612319
vn -0.796952 0.558238 0.230736
vn -0.715490 0.586788 0.379149
vn -0.043378 0.748606 0.661595
vn -0.779954 0.366091 -0.507591
vn 0.112972 0.509270 -0.853160
vn 0.104268 0.467946 -0.877584
vn -0.788720 0.308768 -0.531585
vn 0.088994 0.807194 -0.583539
vn -0.665726 0.570226 -0.481302
vn -0.748185 0.647386 -0.145296
vn 0.043769 0.993640 -0.103749
vn -0.748185 0.647386 -0.145296
vn -0.702233 0.696945 0.145385
vn -0.001295 0.946098 0.323877
vn 0.043769 0.993640 -0.103749
vn -0.665726 0.570226 -0.481302
vn 0.088994 0.807194 -0.583539
vn 0.112972 0.509270 -0.853160
vn -0.779954 0.366091 -0.507591
vn -0.001295 0.946098 0.323877
vn -0.702233 0.696945 0.145385
vn -0.796952 0.558238 0.230736
vn -0.031861 0.789968 0.612319
vn -0.779954 0.366091 -0.507591
vn -0.788720 0.308768 -0.531585
vn -0.971520 0.218383 -0.091970
vn -0.942939 0.308493 -0.125290
vn -0.971520 0.218383 -0.091970
vn -0.715490 0.586788 0.379149
vn -0.796952 0.558238 0.230736
vn -0.942939 0.308493 -0.125290
vn 0.867172 0.380357 0.321468
vn 0.980232 0.194981 -0.033584
vn 0.826102 0.562378 0.035870
vn 0.780088 0.569406 0.259307
vn 0.980232 0.194981 -0.033584
vn 0.868107 0.367679 -0.333470
vn 0.773654 0.597235 -0.211590
vn 0.826102 0.562378 0.035870
vn 0.867172 0.380357 0.321468
vn 0.075036 0.647469 0.758389
vn 0.065561 0.574608 0.815799
vn 0.802044 0.354017 0.481039
vn -0.006992 0.779186 -0.626754
vn 0.868107 0.367679 -0.333470
vn 0.875108 0.273800 -0.399022
vn -0.034816 0.708894 -0.704455
vn 0.780088 0.569406 0.259307
vn 0.826102 0.562378 0.035870
vn 0.044462 0.986424 0.158087
vn 0.060677 0.875713 0.479005
vn 0.826102 0.562378 0.035870
vn 0.773654 0.597235 -0.211590
vn 0.018886 0.967790 -0.251048
vn 0.044462 0.986424 0.158087
vn 0.018886 0.967790 -0.251048
vn 0.773654 0.597235 -0.211590
vn 0.868107 0.367679 -0.333470
vn -0.006992 0.779186 -0.626754
vn 0.780088 0.569406 0.259307
vn 0.060677 0.875713 0.479005
vn 0.075036 0.647469 0.758389
vn 0.867172 0.380357 0.321468
vn 0.802044 0.354017 0.481039
vn 0.997715 0.054335 -0.040149
vn 0.980232 0.194981 -0.033584
vn 0.867172 0.380357 0.321468
vn -0.742250 0.667027 -0.064343
vn -0.866164 0.474272 -0.157561
vn -0.937792 0.310984 0.154388
vn -0.756682 0.627642 0.183026
vn 0.997715 0.054335 -0.040149
vn 0.875108 0.273800 -0.399022
vn 0.868107 0.367679 -0.333470
vn 0.980232 0.194981 -0.033584
vn -0.937792 0.310984 0.154388
vn -0.759341 0.459729 0.460490
vn -0.680733 0.623728 0.384144
vn -0.756682 0.627642 0.183026
vn 0.075036 0.647469 0.758389
vn -0.759341 0.459729 0.460490
vn -0.680654 0.426877 0.595387
vn 0.065561 0.574608 0.815799
vn -0.866164 0.474272 -0.157561
vn -0.006992 0.779186 -0.626754
vn -0.034816 0.708894 -0.704455
vn -0.893660 0.394651 -0.213595
vn 0.018886 0.967790 -0.251048
vn -0.742250 0.667027 -0.064343
vn -0.756682 0.627642 0.183026
vn 0.044462 0.986424 0.158087
vn -0.756682 0.627642 0.183026
vn -0.680733 0.623728 0.384144
vn 0.060677 0.875713 0.479005
vn 0.044462 0.986424 0.158087
vn -0.742250 0.667027 -0.064343
vn 0.018886 0.967790 -0.251048
vn -0.006992 0.779186 -0.626754
vn -0.866164 0.474272 -0.157561
vn 0.060677 0.875713 0.479005
vn -0.680733 0.623728 0.384144
vn -0.759341 0.459729 0.460490
vn 0.075036 0.647469 0.758389
vn -0.866164 0.474272 -0.157561
vn -0.893660 0.394651 -0.213595
vn -0.969135 0.189677 0.157484
vn -0.937792 0.310984 0.154388
vn -0.969135 0.189677 0.157484
vn -0.680654 0.426877 0.595387
vn -0.759341 0.459729 0.460490
vn -0.937792 0.310984 0.154388
vn -0.762664 0.509904 0.397922
vn -0.678981 0.672692 0.294060
vn -0.777239 0.628901 0.019587
vn -0.964170 0.253734 0.077425
vn -0.964170 0.253734 0.077425
vn -0.777239 0.628901 0.019587
vn -0.757822 0.560203 -0.334484
vn -0.882228 0.323972 -0.341638
vn -0.762664 0.509904 0.397922
vn -0.656045 0.538169 0.529131
vn 0.049957 0.746415 0.663603
vn 0.042522 0.788222 0.613920
vn -0.052176 0.513146 -0.856714
vn -0.044378 0.471434 -0.880784
vn -0.894194 0.248239 -0.372551
vn -0.882228 0.323972 -0.341638
vn -0.678981 0.672692 0.294060
vn 0.031741 0.945323 0.324588
vn 0.007384 0.994494 -0.104533
vn -0.777239 0.628901 0.019587
vn -0.777239 0.628901 0.019587
vn 0.007384 0.994494 -0.104533
vn -0.025866 0.809890 -0.586011
vn -0.757822 0.560203 -0.334484
vn -0.025866 0.809890 -0.586011
vn -0.052176 0.513146 -0.856714
vn -0.882228 0.323972 -0.341638
vn -0.757822 0.560203 -0.334484
vn -0.678981 0.672692 0.294060
vn -0.762664 0.509904 0.397922
vn 0.042522 0.788222 0.613920
vn 0.031741 0.945323 0.324588
vn -0.656045 0.538169 0.529131
vn -0.762664 0.509904 0.397922
vn -0.964170 0.253734 0.077425
vn -0.983610 0.138742 0.115158
vn 0.711816 0.537886 -0.451659
vn 0.783280 0.611434 -0.112340
vn 0.960885 0.263799 -0.084322
vn 0.817369 0.328591 -0.473219
vn -0.983610 0.138742 0.115158
vn -0.964170 0.253734 0.077425
vn -0.882228 0.323972 -0.341638
vn -0.894194 0.248239 -0.372551
vn 0.960885 0.263799 -0.084322
vn 0.783280 0.611434 -0.112340
vn 0.727248 0.663387 0.176147
vn 0.811600 0.520477 0.265350
vn 0.042522 0.788222 0.613920
vn 0.049957 0.746415 0.663603
vn 0.725261 0.552966 0.410153
vn 0.811600 0.520477 0.265350
vn 0.817369 0.328591 -0.473219
vn 0.824459 0.270897 -0.496872
vn -0.044378 0.471434 -0.880784
vn -0.052176 0.513146 -0.856714
vn -0.025866 0.809890 -0.586011
vn 0.007384 0.994494 -0.104533
vn 0.783280 0.611434 -0.112340
vn 0.711816 0.537886 -0.451659
vn 0.783280 0.611434 -0.112340
vn 0.007384 0.994494 -0.104533
vn 0.031741 0.945323 0.324588
vn 0.727248 0.663387 0.176147
vn 0.711816 0.537886 -0.451659
vn 0.817369 0.328591 -0.473219
vn -0.052176 0.513146 -0.856714
vn -0.025866 0.809890 -0.586011
vn 0.031741 0.945323 0.324588
vn 0.042522 0.788222 0.613920
vn 0.811600 0.520477 0.265350
vn 0.727248 0.663387 0.176147
vn 0.817369 0.328591 -0.473219
vn 0.960885 0.263799 -0.084322
vn 0.983748 0.172482 -0.049895
vn 0.824459 0.270897 -0.496872
vn 0.983748 0.172482 -0.049895
vn 0.960885 0.263799 -0.084322
vn 0.811600 0.520477 0.265350
vn 0.725261 0.552966 0.410153
vn -0.844989 0.307882 0.437266
vn -0.742990 0.512787 0.430134
vn -0.789583 0.568390 0.231281
vn -0.968410 0.243199 0.055098
vn -0.968410 0.243199 0.055098
vn -0.789583 0.568390 0.231281
vn -0.739078 0.672933 0.030414
vn -0.850286 0.497332 -0.172265
vn -0.844989 0.307882 0.437266
vn -0.783758 0.221505 0.580224
vn -0.046664 0.308882 0.949955
vn -0.052939 0.404148 0.913160
vn 0.035665 0.943544 -0.329322
vn 0.062757 0.893177 -0.445305
vn -0.864874 0.417524 -0.278686
vn -0.850286 0.497332 -0.172265
vn -0.742990 0.512787 0.430134
vn -0.028515 0.708962 0.704670
vn -0.009018 0.891341 0.453245
vn -0.789583 0.568390 0.231281
vn -0.789583 0.568390 0.231281
vn -0.009018 0.891341 0.453245
vn 0.014458 0.995345 0.095286
vn -0.739078 0.672933 0.030414
vn 0.014458 0.995345 0.095286
vn 0.035665 0.943544 -0.329322
vn -0.850286 0.497332 -0.172265
vn -0.739078 0.672933 0.030414
vn -0.742990 0.512787 0.430134
vn -0.844989 0.307882 0.437266
vn -0.052939 0.404148 0.913160
vn -0.028515 0.708962 0.704670
vn -0.783758 0.221505 0.580224
vn -0.844989 0.307882 0.437266
vn -0.968410 0.243199 0.055098
vn -0.995253 0.097309 -0.001745
vn 0.746477 0.645419 0.161884
vn 0.761979 0.538263 0.360085
vn 0.942712 0.238254 0.233514
vn 0.872763 0.488128 -0.004059
vn -0.995253 0.097309 -0.001745
vn -0.968410 0.243199 0.055098
vn -0.850286 0.497332 -0.172265
vn -0.864874 0.417524 -0.278686
vn 0.942712 0.238254 0.233514
vn 0.761979 0.538263 0.360085
vn 0.689700 0.484260 0.538337
vn 0.771280 0.292275 0.565422
vn -0.052939 0.404148 0.913160
vn -0.046664 0.308882 0.949955
vn 0.694148 0.211264 0.688133
vn 0.771280 0.292275 0.565422
vn 0.872763 0.488128 -0.004059
vn 0.903300 0.417937 -0.096843
vn 0.062757 0.893177 -0.445305
vn 0.035665 0.943544 -0.329322
vn 0.014458 0.995345 0.095286
vn -0.009018 0.891341 0.453245
vn 0.761979 0.538263 0.360085
vn 0.746477 0.645419 0.161884
vn 0.761979 0.538263 0.360085
vn -0.009018 0.891341 0.453245
vn -0.028515 0.708962 0.704670
vn 0.689700 0.484260 0.538337
vn 0.746477 0.645419 0.161884
vn 0.872763 0.488128 -0.004059
vn 0.035665 0.943544 -0.329322
vn 0.014458 0.995345 0.095286
vn -0.028515 0.708962 0.704670
vn -0.052939 0.404148 0.913160
vn 0.771280 0.292275 0.565422
vn 0.689700 0.484260 0.538337
vn 0.872763 0.488128 -0.004059
vn 0.942712 0.238254 0.233514
vn 0.975879 0.105195 0.191296
vn 0.903300 0.417937 -0.096843
vn 0.975879 0.105195 0.191296
vn 0.942712 0.238254 0.233514
vn 0.771280 0.292275 0.565422
vn 0.694148 0.211264 0.688133
vn 0.784675 0.592435 0.182497
vn 0.981295 0.192411 0.006151
vn 0.817782 0.531114 -0.221697
vn 0.711448 0.702685 0.008655
vn 0.981295 0.192411 0.006151
vn 0.909210 0.076884 -0.409177
vn 0.799973 0.310516 -0.513443
vn 0.817782 0.531114 -0.221697
vn 0.784675 0.592435 0.182497
vn -0.009669 0.976951 0.213244
vn -0.027273 0.961032 0.275088
vn 0.668390 0.686296 0.286797
vn 0.116005 0.090743 -0.989095
vn 0.909210 0.076884 -0.409177
vn 0.914049 -0.008393 -0.405516
vn 0.085688 0.044920 -0.995309
vn 0.711448 0.702685 0.008655
vn 0.817782 0.531114 -0.221697
vn 0.067031 0.851691 -0.519739
vn 0.023058 0.993278 -0.113436
vn 0.817782 0.531114 -0.221697
vn 0.799973 0.310516 -0.513443
vn 0.101220 0.475822 -0.873698
vn 0.067031 0.851691 -0.519739
vn 0.101220 0.475822 -0.873698
vn 0.799973 0.310516 -0.513443
vn 0.909210 0.076884 -0.409177
vn 0.116005 0.090743 -0.989095
vn 0.711448 0.702685 0.008655
vn 0.023058 0.993278 -0.113436
vn -0.009669 0.976951 0.213244
vn 0.784675 0.592435 0.182497
vn 0.668390 0.686296 0.286797
vn 0.990656 0.099123 0.093675
vn 0.981295 0.192411 0.006151
vn 0.784675 0.592435 0.182497
vn -0.645614 0.348912 -0.679296
vn -0.769426 0.162282 -0.617776
vn -0.928846 0.283248 -0.238778
vn -0.721200 0.564155 -0.401995
vn 0.990656 0.099123 0.093675
vn 0.914049 -0.008393 -0.405516
vn 0.909210 0.076884 -0.409177
vn 0.981295 0.192411 0.006151
vn -0.928846 0.283248 -0.238778
vn -0.767515 0.640567 -0.024391
vn -0.669527 0.725130 -0.161001
vn -0.721200 0.564155 -0.401995
vn -0.009669 0.976951 0.213244
vn -0.767515 0.640567 -0.024391
vn -0.686574 0.720955 0.094021
vn -0.027273 0.961032 0.275088
vn -0.769426 0.162282 -0.617776
vn 0.116005 0.090743 -0.989095
vn 0.085688 0.044920 -0.995309
vn -0.782327 0.100393 -0.614724
vn 0.101220 0.475822 -0.873698
vn -0.645614 0.348912 -0.679296
vn -0.721200 0.564155 -0.401995
vn 0.067031 0.851691 -0.519739
vn -0.721200 0.564155 -0.401995
vn -0.669527 0.725130 -0.161001
vn 0.023058 0.993278 -0.113436
vn 0.067031 0.851691 -0.519739
vn -0.645614 0.348912 -0.679296
vn 0.101220 0.475822 -0.873698
vn 0.116005 0.090743 -0.989095
vn -0.769426 0.162282 -0.617776
vn 0.023058 0.993278 -0.113436
vn -0.669527 0.725130 -0.161001
vn -0.767515 0.640567 -0.024391
vn -0.009669 0.976951 0.213244
vn -0.769426 0.162282 -0.617776
vn -0.782327 0.100393 -0.614724
vn -0.961223 0.217787 -0.169175
vn -0.928846 0.283248 -0.238778
vn -0.961223 0.217787 -0.169175
vn -0.686574 0.720955 0.094021
vn -0.767515 0.640567 -0.024391
vn -0.928846 0.283248 -0.238778
vn -0.797522 0.590041 0.125740
vn -0.717299 0.695160 -0.047266
vn -0.809719 0.518346 -0.275086
vn -0.980825 0.190166 -0.042658
vn -0.980825 0.190166 -0.042658
vn -0.809719 0.518346 -0.275086
vn -0.775938 0.288849 -0.560790
vn -0.888963 0.061297 -0.453860
vn -0.797522 0.590041 0.125740
vn -0.690410 0.685703 0.230534
vn 0.007846 0.970273 0.241887
vn -0.006810 0.983825 0.179002
vn -0.061352 0.053895 -0.996660
vn -0.042801 0.006965 -0.999059
vn -0.894534 -0.023029 -0.446406
vn -0.888963 0.061297 -0.453860
vn -0.717299 0.695160 -0.047266
vn -0.019707 0.988546 -0.149627
vn -0.039693 0.832325 -0.552865
vn -0.809719 0.518346 -0.275086
vn -0.809719 0.518346 -0.275086
vn -0.039693 0.832325 -0.552865
vn -0.054450 0.443475 -0.894631
vn -0.775938 0.288849 -0.560790
vn -0.054450 0.443475 -0.894631
vn -0.061352 0.053895 -0.996660
vn -0.888963 0.061297 -0.453860
vn -0.775938 0.288849 -0.560790
vn -0.717299 0.695160 -0.047266
vn -0.797522 0.590041 0.125740
vn -0.006810 0.983825 0.179002
vn -0.019707 0.988546 -0.149627
vn -0.690410 0.685703 0.230534
vn -0.797522 0.590041 0.125740
vn -0.980825 0.190166 -0.042658
vn -0.993741 0.101490 0.046673
vn 0.682460 0.322691 -0.655834
vn 0.741400 0.547850 -0.387538
vn 0.939760 0.272323 -0.206619
vn 0.801890 0.137626 -0.581405
vn -0.993741 0.101490 0.046673
vn -0.980825 0.190166 -0.042658
vn -0.888963 0.061297 -0.453860
vn -0.894534 -0.023029 -0.446406
vn 0.939760 0.272323 -0.206619
vn 0.741400 0.547850 -0.387538
vn 0.676235 0.720010 -0.155859
vn 0.766518 0.642099 -0.012578
vn -0.006810 0.983825 0.179002
vn 0.007846 0.970273 0.241887
vn 0.677191 0.728963 0.100131
vn 0.766518 0.642099 -0.012578
vn 0.801890 0.137626 -0.581405
vn 0.814120 0.076057 -0.575694
vn -0.042801 0.006965 -0.999059
vn -0.061352 0.053895 -0.996660
vn -0.054450 0.443475 -0.894631
vn -0.039693 0.832325 -0.552865
vn 0.741400 0.547850 -0.387538
vn 0.682460 0.322691 -0.655834
vn 0.741400 0.547850 -0.387538
vn -0.039693 0.832325 -0.552865
vn -0.019707 0.988546 -0.149627
vn 0.676235 0.720010 -0.155859
vn 0.682460 0.322691 -0.655834
vn 0.801890 0.137626 -0.581405
vn -0.061352 0.053895 -0.996660
vn -0.054450 0.443475 -0.894631
vn -0.019707 0.988546 -0.149627
vn -0.006810 0.983825 0.179002
vn 0.766518 0.642099 -0.012578
vn 0.676235 0.720010 -0.155859
vn 0.801890 0.137626 -0.581405
vn 0.939760 0.272323 -0.206619
vn 0.968582 0.209685 -0.133718
vn 0.814120 0.076057 -0.575694
vn 0.968582 0.209685 -0.133718
vn 0.939760 0.272323 -0.206619
vn 0.766518 0.642099 -0.012578
vn 0.677191 0.728963 0.100131
vn -0.861396 0.420936 0.284271
vn -0.762948 0.605630 0.226103
vn -0.799592 0.600543 0.000887
vn -0.967657 0.240708 -0.075500
vn -0.967657 0.240708 -0.075500
vn -0.799592 0.600543 0.000887
vn -0.734977 0.632651 -0.244053
vn -0.834766 0.407654 -0.370113
vn -0.861396 0.420936 0.284271
vn -0.804495 0.391731 0.446468
vn -0.073551 0.577873 0.812805
vn -0.077122 0.651041 0.755115
vn 0.070471 0.777368 -0.625087
vn 0.098283 0.705769 -0.701591
vn -0.843338 0.314141 -0.436001
vn -0.834766 0.407654 -0.370113
vn -0.762948 0.605630 0.226103
vn -0.040076 0.878078 0.476836
vn -0.004902 0.987583 0.157024
vn -0.799592 0.600543 0.000887
vn -0.799592 0.600543 0.000887
vn -0.004902 0.987583 0.157024
vn 0.037338 0.967357 -0.250651
vn -0.734977 0.632651 -0.244053
vn 0.037338 0.967357 -0.250651
vn 0.070471 0.777368 -0.625087
vn -0.834766 0.407654 -0.370113
vn -0.734977 0.632651 -0.244053
vn -0.762948 0.605630 0.226103
vn -0.861396 0.420936 0.284271
vn -0.077122 0.651041 0.755115
vn -0.040076 0.878078 0.476836
vn -0.804495 0.391731 0.446468
vn -0.861396 0.420936 0.284271
vn -0.967657 0.240708 -0.075500
vn -0.991419 0.101030 -0.082952
vn 0.774798 0.631414 -0.031699
vn 0.776717 0.591645 0.216022
vn 0.943840 0.266812 0.194878
vn 0.893429 0.432965 -0.119697
vn -0.991419 0.101030 -0.082952
vn -0.967657 0.240708 -0.075500
vn -0.834766 0.407654 -0.370113
vn -0.843338 0.314141 -0.436001
vn 0.943840 0.266812 0.194878
vn 0.776717 0.591645 0.216022
vn 0.692091 0.591502 0.413686
vn 0.759566 0.424072 0.493176
vn -0.077122 0.651041 0.755115
vn -0.073551 0.577873 0.812805
vn 0.673699 0.395083 0.624531
vn 0.759566 0.424072 0.493176
vn 0.893429 0.432965 -0.119697
vn 0.919543 0.352085 -0.174577
vn 0.098283 0.705769 -0.701591
vn 0.070471 0.777368 -0.625087
vn 0.037338 0.967357 -0.250651
vn -0.004902 0.987583 0.157024
vn 0.776717 0.591645 0.216022
vn 0.774798 0.631414 -0.031699
vn 0.776717 0.591645 0.216022
vn -0.004902 0.987583 0.157024
vn -0.040076 0.878078 0.476836
vn 0.692091 0.591502 0.413686
vn 0.774798 0.631414 -0.031699
vn 0.893429 0.432965 -0.119697
vn 0.070471 0.777368 -0.625087
vn 0.037338 0.967357 -0.250651
vn -0.040076 0.878078 0.476836
vn -0.077122 0.651041 0.755115
vn 0.759566 0.424072 0.493176
vn 0.692091 0.591502 0.413686
vn 0.893429 0.432965 -0.119697
vn 0.943840 0.266812 0.194878
vn 0.969296 0.144171 0.199197
vn 0.919543 0.352085 -0.174577
vn 0.969296 0.144171 0.199197
vn 0.943840 0.266812 0.194878
vn 0.759566 0.424072 0.493176
vn 0.673699 0.395083 0.624531
vn -0.855243 0.513689 -0.068431
vn -0.803393 0.542606 -0.245232
vn -0.881475 0.305855 -0.359799
vn -0.993257 0.107358 -0.043753
vn -0.993257 0.107358 -0.043753
vn -0.881475 0.305855 -0.359799
vn -0.857735 0.018146 -0.513771
vn -0.932718 -0.128315 -0.337004
vn -0.855243 0.513689 -0.068431
vn -0.768218 0.639893 -0.019439
vn -0.007854 0.986694 -0.162401
vn -0.023079 0.974660 -0.222499
vn -0.084139 -0.347337 -0.933958
vn -0.063681 -0.390734 -0.918298
vn -0.935566 -0.187756 -0.299106
vn -0.932718 -0.128315 -0.337004
vn -0.803393 0.542606 -0.245232
vn -0.044433 0.846596 -0.530378
vn -0.070161 0.542624 -0.837040
vn -0.881475 0.305855 -0.359799
vn -0.881475 0.305855 -0.359799
vn -0.070161 0.542624 -0.837040
vn -0.083826 0.054835 -0.994971
vn -0.857735 0.018146 -0.513771
vn -0.083826 0.054835 -0.994971
vn -0.084139 -0.347337 -0.933958
vn -0.932718 -0.128315 -0.337004
vn -0.857735 0.018146 -0.513771
vn -0.803393 0.542606 -0.245232
vn -0.855243 0.513689 -0.068431
vn -0.023079 0.974660 -0.222499
vn -0.044433 0.846596 -0.530378
vn -0.768218 0.639893 -0.019439
vn -0.855243 0.513689 -0.068431
vn -0.993257 0.107358 -0.043753
vn -0.996375 0.068591 0.050323
vn 0.734657 0.041710 -0.677156
vn 0.782390 0.319823 -0.534396
vn 0.946930 0.152610 -0.282903
vn 0.833801 -0.079776 -0.546271
vn -0.996375 0.068591 0.050323
vn -0.993257 0.107358 -0.043753
vn -0.932718 -0.128315 -0.337004
vn -0.935566 -0.187756 -0.299106
vn 0.946930 0.152610 -0.282903
vn 0.782390 0.319823 -0.534396
vn 0.729534 0.546922 -0.410679
vn 0.802539 0.532513 -0.268999
vn -0.023079 0.974660 -0.222499
vn -0.007854 0.986694 -0.162401
vn 0.730340 0.650674 -0.207910
vn 0.802539 0.532513 -0.268999
vn 0.833801 -0.079776 -0.546271
vn 0.845234 -0.123774 -0.519865
vn -0.063681 -0.390734 -0.918298
vn -0.084139 -0.347337 -0.933958
vn -0.083826 0.054835 -0.994971
vn -0.070161 0.542624 -0.837040
vn 0.782390 0.319823 -0.534396
vn 0.734657 0.041710 -0.677156
vn 0.782390 0.319823 -0.534396
vn -0.070161 0.542624 -0.837040
vn -0.044433 0.846596 -0.530378
vn 0.729534 0.546922 -0.410679
vn 0.734657 0.041710 -0.677156
vn 0.833801 -0.079776 -0.546271
vn -0.084139 -0.347337 -0.933958
vn -0.083826 0.054835 -0.994971
vn -0.044433 0.846596 -0.530378
vn -0.023079 0.974660 -0.222499
vn 0.802539 0.532513 -0.268999
vn 0.729534 0.546922 -0.410679
vn 0.833801 -0.079776 -0.546271
vn 0.946930 0.152610 -0.282903
vn 0.969532 0.128122 -0.208787
vn 0.845234 -0.123774 -0.519865
vn 0.969532 0.128122 -0.208787
vn 0.946930 0.152610 -0.282903
vn 0.802539 0.532513 -0.268999
vn 0.730340 0.650674 -0.207910
vn -0.991242 -0.006701 0.131886
vn -0.954959 0.241371 -0.172606
vn -0.929870 -0.026054 -0.366965
vn -0.959891 -0.200037 -0.196457
vn -0.898472 0.416501 0.138832
vn -0.815465 0.546941 0.189402
vn -0.107809 0.993691 -0.030900
vn -0.130353 0.987457 -0.089084
vn -0.186213 -0.248526 -0.950557
vn -0.160250 -0.290646 -0.943316
vn -0.950421 -0.262981 -0.165955
vn -0.959891 -0.200037 -0.196457
vn -0.879373 0.474392 -0.040688
vn -0.184733 0.895090 -0.405818
vn -0.229619 0.626494 -0.744835
vn -0.954959 0.241371 -0.172606
vn -0.954959 0.241371 -0.172606
vn -0.229619 0.626494 -0.744835
vn -0.226630 0.157513 -0.961160
vn -0.929870 -0.026054 -0.366965
vn -0.226630 0.157513 -0.961160
vn -0.186213 -0.248526 -0.950557
vn -0.959891 -0.200037 -0.196457
vn -0.929870 -0.026054 -0.366965
vn -0.879373 0.474392 -0.040688
vn -0.898472 0.416501 0.138832
vn -0.130353 0.987457 -0.089084
vn -0.184733 0.895090 -0.405818
vn -0.815465 0.546941 0.189402
vn -0.898472 0.416501 0.138832
vn -0.991242 -0.006701 0.131886
vn -0.974229 -0.055650 0.218587
vn 0.614463 0.200727 -0.762984
vn 0.657670 0.459149 -0.597203
vn 0.867258 0.289981 -0.404692
vn 0.738641 0.080209 -0.669310
vn -0.974229 -0.055650 0.218587
vn -0.991242 -0.006701 0.131886
vn -0.959891 -0.200037 -0.196457
vn -0.950421 -0.262981 -0.165955
vn 0.867258 0.289981 -0.404692
vn 0.657670 0.459149 -0.597203
vn 0.607191 0.660174 -0.442141
vn 0.698979 0.639734 -0.319637
vn -0.130353 0.987457 -0.089084
vn -0.107809 0.993691 -0.030900
vn 0.629574 0.740616 -0.234788
vn 0.698979 0.639734 -0.319637
vn 0.738641 0.080209 -0.669310
vn 0.757446 0.035963 -0.651906
vn -0.160250 -0.290646 -0.943316
vn -0.186213 -0.248526 -0.950557
vn -0.226630 0.157513 -0.961160
vn -0.229619 0.626494 -0.744835
vn 0.657670 0.459149 -0.597203
vn 0.614463 0.200727 -0.762984
vn 0.657670 0.459149 -0.597203
vn -0.229619 0.626494 -0.744835
vn -0.184733 0.895090 -0.405818
vn 0.607191 0.660174 -0.442141
vn 0.614463 0.200727 -0.762984
vn 0.738641 0.080209 -0.669310
vn -0.186213 -0.248526 -0.950557
vn -0.226630 0.157513 -0.961160
vn -0.184733 0.895090 -0.405818
vn -0.130353 0.987457 -0.089084
vn 0.698979 0.639734 -0.319637
vn 0.607191 0.660174 -0.442141
vn 0.738641 0.080209 -0.669310
vn 0.867258 0.289981 -0.404692
vn 0.903177 0.261178 -0.340671
vn 0.757446 0.035963 -0.651906
vn 0.903177 0.261178 -0.340671
vn 0.867258 0.289981 -0.404692
vn 0.698979 0.639734 -0.319637
vn 0.629574 0.740616 -0.234788
vn -0.898472 0.416501 0.138832
vn -0.879373 0.474392 -0.040688
vn -0.954959 0.241371 -0.172606
vn -0.991242 -0.006701 0.131886
vn 0.880546 0.472941 -0.031079
vn 0.998161 0.060609 -0.000900
vn 0.909503 0.263811 -0.321260
vn 0.837758 0.504080 -0.209916
vn 0.998161 0.060609 -0.000900
vn 0.939299 -0.172261 -0.296722
vn 0.878937 -0.022624 -0.476401
vn 0.909503 0.263811 -0.321260
vn 0.880546 0.472941 -0.031079
vn 0.078313 0.972280 -0.220317
vn 0.061099 0.985075 -0.160918
vn 0.797510 0.603137 0.014254
vn 0.107831 -0.351844 -0.929827
vn 0.939299 -0.172261 -0.296722
vn 0.937723 -0.231733 -0.258797
vn 0.084705 -0.394218 -0.915105
vn 0.837758 0.504080 -0.209916
vn 0.909503 0.263811 -0.321260
vn 0.131457 0.537891 -0.832702
vn 0.106853 0.843045 -0.527122
vn 0.909503 0.263811 -0.321260
vn 0.878937 -0.022624 -0.476401
vn 0.129005 0.049838 -0.990391
vn 0.131457 0.537891 -0.832702
vn 0.129005 0.049838 -0.990391
vn 0.878937 -0.022624 -0.476401
vn 0.939299 -0.172261 -0.296722
vn 0.107831 -0.351844 -0.929827
vn 0.837758 0.504080 -0.209916
vn 0.106853 0.843045 -0.527122
vn 0.078313 0.972280 -0.220317
vn 0.880546 0.472941 -0.031079
vn 0.797510 0.603137 0.014254
vn 0.995410 0.021833 0.093184
vn 0.998161 0.060609 -0.000900
vn 0.880546 0.472941 -0.031079
vn -0.702098 0.075438 -0.708073
vn -0.812367 -0.041132 -0.581694
vn -0.925691 0.196570 -0.323198
vn -0.742829 0.355629 -0.567216
vn 0.995410 0.021833 0.093184
vn 0.937723 -0.231733 -0.258797
vn 0.939299 -0.172261 -0.296722
vn 0.998161 0.060609 -0.000900
vn -0.925691 0.196570 -0.323198
vn -0.764371 0.569297 -0.302717
vn -0.684747 0.580123 -0.441112
vn -0.742829 0.355629 -0.567216
vn 0.078313 0.972280 -0.220317
vn -0.764371 0.569297 -0.302717
vn -0.689402 0.684004 -0.238461
vn 0.061099 0.985075 -0.160918
vn -0.812367 -0.041132 -0.581694
vn 0.107831 -0.351844 -0.929827
vn 0.084705 -0.394218 -0.915105
vn -0.826976 -0.084518 -0.555849
vn 0.129005 0.049838 -0.990391
vn -0.702098 0.075438 -0.708073
vn -0.742829 0.355629 -0.567216
vn 0.131457 0.537891 -0.832702
vn -0.742829 0.355629 -0.567216
vn -0.684747 0.580123 -0.441112
vn 0.106853 0.843045 -0.527122
vn 0.131457 0.537891 -0.832702
vn -0.702098 0.075438 -0.708073
vn 0.129005 0.049838 -0.990391
vn 0.107831 -0.351844 -0.929827
vn -0.812367 -0.041132 -0.581694
vn 0.106853 0.843045 -0.527122
vn -0.684747 0.580123 -0.441112
vn -0.764371 0.569297 -0.302717
vn 0.078313 0.972280 -0.220317
vn -0.812367 -0.041132 -0.581694
vn -0.826976 -0.084518 -0.555849
vn -0.952582 0.173244 -0.250148
vn -0.925691 0.196570 -0.323198
vn -0.952582 0.173244 -0.250148
vn -0.689402 0.684004 -0.238461
vn -0.764371 0.569297 -0.302717
vn -0.925691 0.196570 -0.323198
vn -0.817370 0.516739 0.254730
vn -0.754464 0.642205 0.135490
vn -0.837761 0.536801 -0.100007
vn -0.979565 0.199892 0.022279
vn -0.979565 0.199892 0.022279
vn -0.837761 0.536801 -0.100007
vn -0.822110 0.407274 -0.397823
vn -0.915885 0.191909 -0.352598
vn -0.817370 0.516739 0.254730
vn -0.727795 0.576576 0.371315
vn 0.047395 0.872848 0.485685
vn 0.034818 0.901756 0.430841
vn -0.050925 0.314097 -0.948024
vn -0.033436 0.268683 -0.962648
vn -0.924747 0.122505 -0.360327
vn -0.915885 0.191909 -0.352598
vn -0.754464 0.642205 0.135490
vn 0.023734 0.993663 0.109865
vn -0.000061 0.947740 -0.319044
vn -0.837761 0.536801 -0.100007
vn -0.837761 0.536801 -0.100007
vn -0.000061 0.947740 -0.319044
vn -0.028368 0.665791 -0.745599
vn -0.822110 0.407274 -0.397823
vn -0.028368 0.665791 -0.745599
vn -0.050925 0.314097 -0.948024
vn -0.915885 0.191909 -0.352598
vn -0.822110 0.407274 -0.397823
vn -0.754464 0.642205 0.135490
vn -0.817370 0.516739 0.254730
vn 0.034818 0.901756 0.430841
vn 0.023734 0.993663 0.109865
vn -0.727795 0.576576 0.371315
vn -0.817370 0.516739 0.254730
vn -0.979565 0.199892 0.022279
vn -0.991103 0.112029 0.071862
vn 0.774156 0.388039 -0.500108
vn 0.830030 0.515055 -0.213935
vn 0.970497 0.210359 -0.117837
vn 0.858893 0.201547 -0.470831
vn -0.991103 0.112029 0.071862
vn -0.979565 0.199892 0.022279
vn -0.915885 0.191909 -0.352598
vn -0.924747 0.122505 -0.360327
vn 0.970497 0.210359 -0.117837
vn 0.830030 0.515055 -0.213935
vn 0.782166 0.622542 0.025671
vn 0.846964 0.515652 0.129445
vn 0.034818 0.901756 0.430841
vn 0.047395 0.872848 0.485685
vn 0.776859 0.577405 0.251184
vn 0.846964 0.515652 0.129445
vn 0.858893 0.201547 -0.470831
vn 0.866111 0.149448 -0.476987
vn -0.033436 0.268683 -0.962648
vn -0.050925 0.314097 -0.948024
vn -0.028368 0.665791 -0.745599
vn -0.000061 0.947740 -0.319044
vn 0.830030 0.515055 -0.213935
vn 0.774156 0.388039 -0.500108
vn 0.830030 0.515055 -0.213935
vn -0.000061 0.947740 -0.319044
vn 0.023734 0.993663 0.109865
vn 0.782166 0.622542 0.025671
vn 0.774156 0.388039 -0.500108
vn 0.858893 0.201547 -0.470831
vn -0.050925 0.314097 -0.948024
vn -0.028368 0.665791 -0.745599
vn 0.023734 0.993663 0.109865
vn 0.034818 0.901756 0.430841
vn 0.846964 0.515652 0.129445
vn 0.782166 0.622542 0.025671
vn 0.858893 0.201547 -0.470831
vn 0.970497 0.210359 -0.117837
vn 0.986950 0.142786 -0.074446
vn 0.866111 0.149448 -0.476987
vn 0.986950 0.142786 -0.074446
vn 0.970497 0.210359 -0.117837
vn 0.846964 0.515652 0.129445
vn 0.776859 0.577405 0.251184
vn 0.806996 0.348804 0.476543
vn 0.968909 0.032946 0.245214
vn 0.904575 0.402758 0.139754
vn 0.787717 0.496196 0.365092
vn 0.968909 0.032946 0.245214
vn 0.988229 0.071525 -0.135229
vn 0.935689 0.307207 -0.173523
vn 0.904575 0.402758 0.139754
vn 0.806996 0.348804 0.476543
vn -0.003629 0.852578 0.522587
vn -0.029464 0.821115 0.570002
vn 0.705042 0.410764 0.578090
vn 0.264122 0.391792 -0.881328
vn 0.988229 0.071525 -0.135229
vn 0.988776 0.001729 -0.149395
vn 0.244000 0.350827 -0.904093
vn 0.787717 0.496196 0.365092
vn 0.904575 0.402758 0.139754
vn 0.174581 0.964866 -0.196352
vn 0.077534 0.971684 0.223201
vn 0.904575 0.402758 0.139754
vn 0.935689 0.307207 -0.173523
vn 0.247348 0.724116 -0.643797
vn 0.174581 0.964866 -0.196352
vn 0.247348 0.724116 -0.643797
vn 0.935689 0.307207 -0.173523
vn 0.988229 0.071525 -0.135229
vn 0.264122 0.391792 -0.881328
vn 0.787717 0.496196 0.365092
vn 0.077534 0.971684 0.223201
vn -0.003629 0.852578 0.522587
vn 0.806996 0.348804 0.476543
vn 0.705042 0.410764 0.578090
vn 0.956926 -0.059634 0.284141
vn 0.968909 0.032946 0.245214
vn 0.806996 0.348804 0.476543
vn -0.599567 0.544957 -0.586124
vn -0.707977 0.376390 -0.597578
vn -0.883330 0.373274 -0.283540
vn -0.691637 0.652408 -0.309843
vn 0.956926 -0.059634 0.284141
vn 0.988776 0.001729 -0.149395
vn 0.988229 0.071525 -0.135229
vn 0.968909 0.032946 0.245214
vn -0.883330 0.373274 -0.283540
vn -0.776732 0.629625 0.016098
vn -0.680325 0.730607 -0.058064
vn -0.691637 0.652408 -0.309843
vn -0.003629 0.852578 0.522587
vn -0.776732 0.629625 0.016098
vn -0.726442 0.669302 0.155939
vn -0.029464 0.821115 0.570002
vn -0.707977 0.376390 -0.597578
vn 0.264122 0.391792 -0.881328
vn 0.244000 0.350827 -0.904093
vn -0.720200 0.328003 -0.611331
vn 0.247348 0.724116 -0.643797
vn -0.599567 0.544957 -0.586124
vn -0.691637 0.652408 -0.309843
vn 0.174581 0.964866 -0.196352
vn -0.691637 0.652408 -0.309843
vn -0.680325 0.730607 -0.058064
vn 0.077534 0.971684 0.223201
vn 0.174581 0.964866 -0.196352
vn -0.599567 0.544957 -0.586124
vn 0.247348 0.724116 -0.643797
vn 0.264122 0.391792 -0.881328
vn -0.707977 0.376390 -0.597578
vn 0.077534 0.971684 0.223201
vn -0.680325 0.730607 -0.058064
vn -0.776732 0.629625 0.016098
vn -0.003629 0.852578 0.522587
vn -0.707977 0.376390 -0.597578
vn -0.720200 0.328003 -0.611331
vn -0.917243 0.307018 -0.253783
vn -0.883330 0.373274 -0.283540
vn -0.917243 0.307018 -0.253783
vn -0.726442 0.669302 0.155939
vn -0.776732 0.629625 0.016098
vn -0.883330 0.373274 -0.283540
vn 0.872645 0.371176 0.317364
vn 0.982497 -0.023068 0.184843
vn 0.951434 0.306655 -0.027141
vn 0.860675 0.481544 0.165391
vn 0.982497 -0.023068 0.184843
vn 0.976406 -0.103220 -0.189679
vn 0.947712 0.115485 -0.297498
vn 0.951434 0.306655 -0.027141
vn 0.872645 0.371176 0.317364
vn 0.107806 0.965865 0.235549
vn 0.082257 0.953120 0.291199
vn 0.783402 0.475452 0.400283
vn 0.241229 0.071053 -0.967864
vn 0.976406 -0.103220 -0.189679
vn 0.968026 -0.173213 -0.181450
vn 0.216061 0.028118 -0.975975
vn 0.860675 0.481544 0.165391
vn 0.951434 0.306655 -0.027141
vn 0.249623 0.834314 -0.491537
vn 0.180429 0.979516 -0.089404
vn 0.951434 0.306655 -0.027141
vn 0.947712 0.115485 -0.297498
vn 0.270773 0.460094 -0.845574
vn 0.249623 0.834314 -0.491537
vn 0.270773 0.460094 -0.845574
vn 0.947712 0.115485 -0.297498
vn 0.976406 -0.103220 -0.189679
vn 0.241229 0.071053 -0.967864
vn 0.860675 0.481544 0.165391
vn 0.180429 0.979516 -0.089404
vn 0.107806 0.965865 0.235549
vn 0.872645 0.371176 0.317364
vn 0.783402 0.475452 0.400283
vn 0.963177 -0.097501 0.250568
vn 0.982497 -0.023068 0.184843
vn 0.872645 0.371176 0.317364
vn -0.580774 0.417766 -0.698694
vn -0.705662 0.270038 -0.655073
vn -0.856043 0.382938 -0.347200
vn -0.641370 0.611233 -0.463723
vn 0.963177 -0.097501 0.250568
vn 0.968026 -0.173213 -0.181450
vn 0.976406 -0.103220 -0.189679
vn 0.982497 -0.023068 0.184843
vn -0.856043 0.382938 -0.347200
vn -0.703731 0.695458 -0.145261
vn -0.605219 0.755915 -0.249606
vn -0.641370 0.611233 -0.463723
vn 0.107806 0.965865 0.235549
vn -0.703731 0.695458 -0.145261
vn -0.641322 0.766767 -0.027821
vn 0.082257 0.953120 0.291199
vn -0.705662 0.270038 -0.655073
vn 0.241229 0.071053 -0.967864
vn 0.216061 0.028118 -0.975975
vn -0.723743 0.221930 -0.653409
vn 0.270773 0.460094 -0.845574
vn -0.580774 0.417766 -0.698694
vn -0.641370 0.611233 -0.463723
vn 0.249623 0.834314 -0.491537
vn -0.641370 0.611233 -0.463723
vn -0.605219 0.755915 -0.249606
vn 0.180429 0.979516 -0.089404
vn 0.249623 0.834314 -0.491537
vn -0.580774 0.417766 -0.698694
vn 0.270773 0.460094 -0.845574
vn 0.241229 0.071053 -0.967864
vn -0.705662 0.270038 -0.655073
vn 0.180429 0.979516 -0.089404
vn -0.605219 0.755915 -0.249606
vn -0.703731 0.695458 -0.145261
vn 0.107806 0.965865 0.235549
vn -0.705662 0.270038 -0.655073
vn -0.723743 0.221930 -0.653409
vn -0.894297 0.334107 -0.297668
vn -0.856043 0.382938 -0.347200
vn -0.894297 0.334107 -0.297668
vn -0.641322 0.766767 -0.027821
vn -0.703731 0.695458 -0.145261
vn -0.856043 0.382938 -0.347200
vn -0.824515 0.183560 0.535240
vn -0.853770 0.154802 0.497105
vn -0.510830 0.730964 0.452487
vn -0.515384 0.820393 0.247660
vn -0.523531 0.053797 0.850306
vn -0.796742 0.260024 0.545517
vn -0.873558 -0.384897 0.297910
vn -0.536428 -0.417735 0.733309
vn -0.693129 -0.207786 0.690215
vn -0.629183 -0.382363 0.676703
vn -0.362205 -0.442068 0.820600
vn -0.315743 -0.154731 0.936144
vn -0.887570 0.233775 0.396949
vn -0.809039 -0.148943 0.568571
vn -0.961820 0.185104 0.201593
vn -0.976569 0.037121 0.211977
vn -0.839484 0.016188 0.543143
vn -0.724724 0.663617 0.185441
vn -0.784320 0.004615 0.620340
vn -0.363533 0.242511 0.899462
vn -0.834431 0.092588 0.543279
vn -0.473929 0.493735 0.729121
vn -0.852574 0.521759 0.029749
vn -0.978964 0.090615 -0.182808
vn -0.856205 0.485762 0.175924
vn -0.966253 -0.174144 -0.189813
vn -0.446562 -0.216618 0.868136
vn -0.387406 -0.240321 0.890035
vn -0.150327 -0.083205 0.985129
vn -0.206811 -0.289311 0.934627
vn -0.095303 -0.090611 0.991316
vn -0.213390 -0.101900 0.971638
vn -0.910100 -0.336227 0.242216
vn -0.971695 -0.173600 -0.160223
vn -0.911891 0.365525 0.186671
vn -0.847669 0.275111 0.453620
vn -0.037526 0.982298 0.183525
vn 0.207593 0.773338 0.599044
vn 0.604536 0.714180 0.352822
vn 0.359405 0.917926 0.168046
vn -0.890410 0.407514 -0.202736
vn -0.524766 0.850311 -0.039913
vn -0.346970 0.908152 -0.234248
vn -0.721611 0.532747 -0.442106
vn -0.127752 -0.410920 0.902676
vn -0.317590 -0.140217 0.937804
vn -0.229531 0.097129 0.968443
vn 0.018348 -0.204105 0.978777
vn 0.048980 -0.147857 0.987795
vn 0.357777 0.005757 0.933789
vn 0.129824 0.254277 0.958378
vn 0.592245 0.442044 0.673679
vn -0.249815 0.967540 0.038189
vn -0.033126 0.999352 -0.014073
vn -0.999983 0.000284 -0.005904
vn -0.959348 0.120965 -0.254988
vn -0.989050 0.136591 -0.055887
vn -0.969536 0.242540 0.034271
vn -0.641889 -0.237486 0.729095
vn -0.618886 0.317732 0.718350
vn -0.388521 0.090852 0.916950
vn -0.429105 0.414254 0.802660
vn -0.317996 0.240584 0.917059
vn -0.319596 0.399611 0.859168
vn -0.732210 0.680649 -0.024222
vn -0.957078 0.286389 -0.044532
vn -0.129501 0.292357 0.947500
vn 0.048709 0.066956 0.996566
vn 0.334772 0.872054 0.357002
vn 0.011805 0.998446 0.054467
vn -0.783857 0.565902 0.255586
vn -0.677210 0.564704 0.471694
vn -0.903696 0.421641 0.074518
vn -0.543799 0.565947 0.619666
vn -0.407555 0.581647 0.703979
vn -0.270148 0.543902 0.794475
vn 0.514097 0.763264 0.391321
vn 0.323566 0.261200 0.909439
vn 0.505339 0.642350 0.576210
vn -0.316331 0.945032 -0.082764
vn -0.885144 -0.411453 -0.217316
vn -0.758261 -0.059763 -0.649207
vn -0.968634 0.197047 -0.151398
vn -0.960496 0.058826 0.272004
vn -0.908341 0.239551 0.342830
vn -0.917379 -0.391518 0.071617
vn -0.941733 0.335275 0.027016
vn -0.906422 -0.389678 0.162939
vn -0.999864 0.000465 -0.016504
vn -0.781823 -0.406476 0.472789
vn -0.706127 -0.124598 0.697037
vn -0.957272 -0.035271 0.287030
vn -0.545461 0.407430 0.732443
vn -0.836283 0.279290 0.471835
vn -0.722360 0.091699 -0.685411
vn -0.881677 0.383457 -0.274965
vn -0.734095 0.535464 0.417592
vn -0.567282 0.658598 0.494409
vn -0.937295 0.341950 -0.067440
vn -0.833083 -0.008471 -0.553083
vn -0.800365 0.510912 0.313664
vn -0.872699 0.424369 0.241469
vn -0.845318 -0.388051 -0.367224
vn -0.997532 -0.068333 0.016168
vn -0.970441 0.044642 0.237175
vn -0.936204 0.171607 0.306712
vn -0.692143 -0.699370 -0.178381
vn -0.955089 -0.287795 0.070562
vn -0.638724 -0.765089 -0.081670
vn -0.924053 -0.362393 0.121646
vn -0.894230 -0.391124 0.217657
vn -0.559813 -0.825943 0.066538
vn -0.626802 -0.740084 0.243709
vn -0.923747 -0.246176 0.293408
vn -0.934693 -0.158523 0.318149
vn -0.951905 -0.107200 0.287030
vn -0.945732 -0.243869 0.214752
vn -0.967839 -0.160545 0.193683
vn -0.984065 -0.067746 0.164395
vn -0.930280 -0.342302 0.131940
vn -0.954418 -0.243707 0.172318
vn -0.981739 0.070435 0.176714
vn -0.687117 -0.707090 0.167015
vn -0.966384 -0.146873 0.211023
vn -0.984954 -0.108884 0.134200
vn -0.953028 0.234620 0.191548
vn -0.701948 -0.710274 -0.052723
vn -0.968770 -0.190934 0.158204
vn -0.984912 -0.028645 0.170671
vn -0.881050 0.390074 0.267568
vn -0.866288 0.349983 0.356450
vn -0.974725 -0.023590 0.222161
vn -0.953459 -0.247320 0.172480
vn -0.683029 -0.717632 -0.135923
vn -0.682226 -0.729844 -0.043540
vn -0.941004 -0.270937 0.202745
vn -0.972579 0.061018 0.224426
vn -0.847944 0.422574 0.320033
vn -0.638214 -0.751131 0.168778
vn -0.904128 -0.345469 0.251404
vn -0.955431 0.195495 0.221208
vn -0.854753 0.448882 0.260580
vn -0.586803 -0.722158 0.366265
vn -0.911596 -0.251468 0.325203
vn -0.939491 0.341329 0.029182
vn -0.920273 0.390085 0.030531
vn -0.626447 -0.648359 0.432660
vn -0.958477 -0.009515 0.285011
vn -0.908164 0.388342 -0.156297
vn -0.869544 0.473240 -0.141198
vn -0.752730 -0.570569 0.328403
vn -0.942298 0.326138 0.075556
vn -0.874624 0.461172 -0.149510
vn -0.819245 0.539780 -0.193584
vn -0.891166 -0.445419 0.086172
vn -0.859997 0.510027 0.016668
vn -0.888126 0.459483 0.010344
vn -0.855043 0.518556 -0.001122
vn -0.882907 -0.465079 -0.064627
vn -0.900025 0.426763 -0.088479
vn -0.861443 0.505104 0.052785
vn -0.833052 0.542616 0.107669
vn -0.788670 -0.549867 -0.275037
vn -0.904293 0.129079 -0.406932
vn -0.833949 0.551295 0.024570
vn -0.755560 0.654846 0.017466
vn -0.689721 -0.698244 -0.191678
vn -0.902436 -0.386271 -0.190801
vn -0.901398 0.412796 0.130698
vn -0.761173 0.646287 0.054125
vn -0.682116 -0.700275 0.210553
vn -0.850350 -0.410060 0.329782
vn -0.986675 0.109978 0.119908
vn -0.803712 0.594872 0.013213
vn -0.632981 -0.511751 0.580902
vn -0.700691 -0.270186 0.660327
vn -0.860751 0.137210 0.490186
vn -0.683714 0.702157 0.198775
vn -0.460339 -0.400038 0.792501
vn -0.490432 -0.207000 0.846538
vn -0.555031 0.232044 0.798809
vn -0.422895 0.756608 0.498702
vn -0.203603 -0.263429 0.942948
vn -0.158813 -0.073251 0.984588
vn -0.376437 0.248891 0.892384
vn -0.293045 0.703907 0.647023
vn 0.023680 -0.096609 0.995041
vn 0.022203 -0.029750 0.999311
vn 0.013977 0.283541 0.958858
vn -0.000665 0.690964 0.722889
vn -0.523135 -0.147687 -0.839356
vn -0.557398 -0.078476 -0.826528
vn -0.919752 -0.368244 0.135840
vn -0.625660 -0.219569 -0.748558
vn -0.602124 -0.573401 -0.555570
vn -0.501606 -0.793133 -0.345446
vn -0.393069 -0.894986 -0.210941
vn -0.982827 0.116617 0.143011
vn -0.352428 -0.919757 0.172750
vn -0.439194 -0.892007 0.106918
vn -0.467960 -0.866506 -0.173729
vn -0.483024 -0.869710 -0.101446
vn -0.462652 -0.872382 0.157805
vn -0.471338 -0.848832 -0.239427
vn -0.184496 -0.056941 0.981183
vn 0.018056 0.138492 0.990199
vn -0.387924 -0.838624 0.382393
vn -0.395922 -0.805281 0.441325
vn -0.399370 -0.863193 0.308872
vn -0.464817 -0.879000 0.106325
vn -0.540636 -0.836348 -0.090742
vn -0.562285 -0.794168 -0.230505
vn -0.527003 -0.805527 -0.270914
vn -0.432242 -0.884352 0.176321
vn -0.454378 -0.674835 0.581496
vn -0.380788 -0.411496 0.828053
vn -0.321978 0.553374 0.768184
vn -0.327443 0.586620 0.740714
vn -0.705148 0.688985 0.167530
vn -0.806726 0.324340 0.493960
vn -0.770088 0.023083 0.637519
vn -0.361014 0.600959 0.713104
vn -0.556512 0.621369 0.551539
vn -0.729937 0.011556 0.683416
vn -0.645534 0.693378 0.320177
vn -0.529728 0.661991 0.530243
vn -0.174537 0.447255 0.877211
vn -0.119535 0.774612 0.621038
vn -0.139713 0.848782 0.509951
vn -0.726775 0.554502 0.405372
vn -0.229570 0.570692 0.788422
vn -0.362902 0.925791 0.105894
vn -0.497246 0.150425 0.854470
vn -0.584298 0.584871 0.562602
vn -0.225409 0.510296 0.829933
vn -0.041928 0.984910 0.167910
vn -0.003965 0.762238 0.647284
vn -0.009956 0.872268 0.488926
vn 0.009018 0.439275 0.898307
vn -0.008888 0.443078 0.896439
vn 0.004616 0.775420 0.631429
vn 0.016864 0.182720 0.983020
vn 0.009851 0.870573 0.491940
vn 0.007716 0.834172 0.551451
vn 0.014392 0.269578 0.962871
vn -0.092460 0.626833 0.773648
vn 0.003123 0.600179 0.799860
vn -0.241988 0.718981 0.651543
vn -0.420001 0.695376 0.583139
vn -0.566765 0.614141 0.549189
vn -0.715743 0.572031 0.400614
vn -0.814007 0.569142 0.116059
vn -0.872691 0.488250 -0.004695
vn -0.072938 0.854709 0.513957
vn -0.009650 0.867297 0.497697
vn -0.252998 0.838052 0.483385
vn -0.414411 0.785639 0.459384
vn -0.638734 0.634695 0.434950
vn -0.825332 0.478932 0.299083
vn 0.050080 0.867111 0.495592
vn -0.177168 0.951969 0.249734
vn -0.006407 0.810197 0.586123
vn -0.294159 0.939706 0.174425
vn -0.942488 0.307494 0.131008
vn -0.834524 0.360827 0.416381
vn -0.941763 0.251608 0.223104
vn -0.920495 0.258677 0.292875
vn -0.916648 0.253813 0.308765
vn -0.611836 0.700482 0.367399
vn -0.069629 0.944321 0.321573
vn -0.015996 0.954469 0.297882
vn -0.225225 0.915453 0.333496
vn -0.385804 0.860587 0.332483
vn -0.637109 0.660645 0.397039
vn -0.600188 0.788143 -0.136399
vn -0.791858 0.453318 -0.409224
vn -0.942894 0.252302 -0.217476
vn -0.953521 0.296269 0.054980
vn -0.928193 0.368297 0.053058
vn -0.974556 0.223355 0.018798
vn -0.980412 -0.175592 0.089215
vn -0.850383 -0.497714 0.170672
vn -0.802711 -0.587209 0.104117
vn -0.818090 -0.569509 0.079927
vn -0.853636 -0.505249 0.126606
vn -0.911809 -0.405279 0.065978
vn -0.929649 -0.364287 0.055202
vn -0.924962 -0.371953 0.078083
vn -0.928210 -0.353511 0.116004
vn -0.969157 -0.198242 0.146405
vn -0.999294 0.030754 0.021584
vn -0.972712 0.195594 -0.124797
vn -0.994734 -0.078760 0.065587
vn -0.899892 -0.397521 0.179363
vn -0.973941 0.220760 0.051992
vn -0.958817 0.277053 0.062540
vn -0.964754 0.249402 -0.083957
vn -0.749254 -0.616690 0.241478
vn -0.646080 -0.634588 0.424122
vn -0.501757 -0.526504 0.686319
vn -0.323811 -0.392214 0.860996
vn 0.028192 -0.338919 0.940393
vn -0.399203 0.858493 0.321910
vn -0.254270 0.966907 0.020922
vn -0.012282 0.907687 0.419469
vn 0.020895 0.993407 0.112718
vn -0.266646 0.957189 0.112645
vn -0.235632 0.966012 0.106296
vn -0.024803 0.997623 -0.064296
vn -0.210480 0.975543 -0.063351
vn -0.279189 0.952181 -0.124114
vn -0.294206 0.911683 -0.286841
vn -0.411214 0.826459 -0.384537
vn -0.657530 0.692066 -0.297825
vn 0.211057 0.976270 0.048497
vn -0.427185 0.903002 0.045828
vn -0.407171 0.885228 0.224907
vn -0.889778 0.417128 -0.185201
vn -0.953359 0.243770 -0.177997
vn -0.951815 0.141963 -0.271834
vn -0.960903 -0.040953 -0.273840
vn -0.916038 -0.391589 -0.086785
vn -0.805160 -0.587901 0.078036
vn -0.775874 -0.620412 0.114491
vn -0.782324 -0.617271 0.083338
vn -0.772873 -0.626761 0.099183
vn -0.787197 -0.616284 0.022693
vn -0.784685 -0.618330 -0.044015
vn -0.754536 -0.655499 -0.031560
vn -0.695534 -0.716920 0.047518
vn -0.683931 -0.723191 0.096090
vn -0.793288 -0.601778 0.092513
vn -0.864874 -0.496861 0.071574
vn -0.889338 -0.449364 0.084554
vn -0.620506 -0.773313 0.130226
vn -0.457427 -0.875850 0.153776
vn -0.774902 -0.619052 0.127681
vn -0.885067 -0.442626 0.144007
vn -0.307917 -0.931580 0.193249
vn -0.216628 -0.952248 0.215163
vn -0.240174 -0.901651 0.359640
vn -0.150513 -0.782821 0.603769
vn 0.031649 -0.804428 0.593207
vn -0.076929 0.976920 0.199270
vn -0.018869 0.980957 0.193307
vn -0.184539 0.960567 0.207984
vn -0.354255 0.911219 0.210200
vn -0.629648 0.722295 0.286065
vn -0.923987 0.179539 0.337658
vn -0.515449 0.755717 -0.403985
vn -0.406491 0.904521 -0.128869
vn -0.371284 0.927819 -0.036057
vn -0.522145 0.852334 -0.029858
vn -0.731071 0.678338 0.073442
vn -0.889124 0.417532 0.187418
vn -0.908502 0.343211 0.238389
vn -0.855392 0.368768 0.363751
vn -0.833229 0.355930 0.423135
vn -0.865859 0.399315 0.301390
vn -0.874506 0.442806 0.197896
vn -0.906186 0.318579 0.278089
vn -0.598891 0.782748 0.169217
vn -0.298985 0.941231 0.157136
vn -0.111706 0.958661 0.261706
vn -0.016278 0.957474 0.288059
vn -0.274344 0.930814 0.241497
vn -0.563686 0.797474 0.215161
vn -0.114768 0.904268 0.411252
vn -0.012748 0.914252 0.404947
vn -0.259327 0.873331 0.412363
vn -0.541713 0.741876 0.395180
vn -0.135713 0.878015 0.458989
vn -0.011241 0.892384 0.451138
vn -0.245567 0.836330 0.490151
vn -0.466853 0.791434 0.394563
vn -0.484403 0.718499 0.499113
vn -0.226259 0.966470 0.121421
vn -0.020877 0.993320 0.113490
vn -0.513067 0.843481 0.159066
vn -0.087758 0.895819 -0.435669
vn -0.014320 0.981355 -0.191668
vn -0.008769 0.999787 -0.018661
vn -0.135969 0.990707 -0.003348
vn -0.278679 0.959943 -0.029121
vn -0.530700 0.845466 0.059530
vn -0.024022 0.999371 -0.026083
vn -0.022301 0.998356 0.052809
vn -0.023310 0.999701 0.007378
vn -0.027808 0.972466 -0.231382
vn -0.030879 0.878696 -0.476383
vn -0.089427 0.777218 -0.622845
vn -0.031640 0.806038 -0.591017
vn -0.028171 0.885543 -0.463702
vn -0.030109 0.916117 -0.399779
vn -0.023726 0.999646 -0.012027
vn -0.423787 0.757046 -0.497279
vn -0.801928 0.520819 -0.292676
vn -0.987319 0.016244 0.157915
vn -0.449157 0.633472 -0.630057
vn -0.966952 -0.039182 -0.251929
vn -0.796306 0.313823 -0.517119
vn -0.332038 0.859252 0.389149
vn -0.212087 0.645762 0.733492
vn -0.102163 0.339050 0.935205
vn -0.918319 0.034076 0.394373
vn -0.979014 -0.138751 -0.149267
vn -0.894451 -0.429955 -0.122869
vn -0.812696 -0.575551 0.090925
vn -0.703223 -0.698058 0.134879
vn -0.657542 -0.746213 0.103950
vn -0.636457 -0.765909 0.091142
vn -0.654492 -0.755954 0.013192
vn -0.634905 -0.770566 -0.055884
vn -0.566492 -0.823476 -0.031220
vn -0.487358 -0.872683 0.030095
vn -0.345299 -0.933495 0.096722
vn -0.348933 -0.925528 0.147117
vn -0.349538 -0.914287 0.204702
vn -0.364282 -0.904223 0.222889
vn -0.354429 -0.912479 0.204359
vn -0.308993 -0.930508 0.196668
vn -0.230439 -0.951145 0.205480
vn -0.140594 -0.972376 0.186330
vn -0.054146 -0.983888 0.170392
vn -0.026274 -0.989605 0.141390
vn 0.027325 -0.979058 0.201738
vn 0.028031 -0.968975 0.245563
vn 0.028196 -0.966200 0.256247
vn 0.027773 -0.972995 0.229151
vn 0.027732 -0.973591 0.226608
vn 0.028093 -0.967948 0.249573
vn 0.027838 -0.972017 0.233257
vn 0.026752 -0.985393 0.168183
vn 0.026016 -0.991519 0.127334
vn -0.206944 -0.976226 0.064483
vn 0.025043 -0.996764 0.076387
vn -0.245259 -0.969132 0.025121
vn 0.023939 -0.999469 0.022118
vn -0.275774 -0.961142 -0.012421
vn 0.023305 -0.999700 -0.007589
vn -0.311675 -0.948983 -0.047859
vn 0.022542 -0.998858 -0.042124
vn -0.370401 -0.917442 0.145272
vn -0.334210 -0.933762 0.128035
vn 0.026574 -0.987068 0.158084
vn 0.026345 -0.989031 0.145339
vn -0.322634 -0.946293 -0.020899
vn 0.022568 -0.998906 -0.040969
vn -0.302556 -0.950383 0.072332
vn 0.024666 -0.998044 0.057451
vn -0.651751 -0.748815 0.120405
vn -0.340570 -0.927841 0.152064
vn 0.026671 -0.986169 0.163585
vn 0.025350 -0.995428 0.092091
vn -0.337980 -0.938393 0.072024
vn -0.667287 -0.744445 0.023005
vn -0.818426 -0.572837 0.045142
vn -0.862942 -0.504795 -0.022649
vn -0.901506 -0.432454 -0.016446
vn -0.696545 -0.717087 -0.024714
vn -0.397450 -0.916906 0.036290
vn 0.025811 -0.992878 0.116303
vn -0.983018 -0.043862 0.178188
vn -0.900152 -0.374414 0.222579
vn -0.498067 -0.800114 0.334286
vn -0.030556 -0.896518 0.441952
vn -0.054396 0.821095 0.568194
vn -0.266287 0.383358 0.884380
vn 0.094189 0.913912 0.394833
vn 0.018806 0.940343 0.339707
vn -0.498039 -0.252543 0.829566
vn -0.962689 -0.202840 -0.179126
vn -0.961849 -0.169330 -0.214880
vn -0.654096 -0.605130 0.453845
vn -0.795026 -0.569515 0.208776
vn -0.909650 -0.413625 -0.038100
vn -0.004251 0.952355 0.304962
vn -0.008286 0.942536 0.334002
vn -0.583533 -0.542974 0.603878
vn -0.987254 0.022316 -0.157579
vn -0.672974 0.725245 0.145346
vn -0.027321 0.924601 0.379956
vn 0.031236 0.852925 -0.521098
vn 0.026653 0.986333 -0.162592
vn 0.346034 0.922046 -0.173472
vn 0.277505 0.800024 -0.531933
vn 0.018202 0.975661 0.218528
vn 0.007103 0.823090 0.567866
vn 0.326226 0.756649 0.566621
vn 0.363275 0.907136 0.212450
vn -0.005066 0.549799 0.835282
vn -0.016558 0.193751 0.980911
vn 0.120615 0.160983 0.979559
vn 0.240917 0.494515 0.835113
vn 0.031234 0.592811 -0.804736
vn 0.168526 0.561020 -0.810466
vn -0.026111 -0.218027 0.975593
vn 0.026112 0.218027 -0.975593
vn 0.493562 0.654471 -0.572770
vn 0.285427 0.475643 -0.832043
vn 0.678664 0.712693 0.177438
vn 0.634562 0.741113 -0.219277
vn 0.456253 0.342968 0.821101
vn 0.614088 0.570145 0.545739
vn 0.237233 0.073214 0.968690
vn 0.606709 0.107952 0.787560
vn 0.824656 0.267676 0.498290
vn 0.315236 -0.057644 0.947261
vn 0.363723 0.347223 -0.864374
vn 0.845871 0.444816 -0.294350
vn 0.644777 0.425817 -0.634777
vn 0.914086 0.389865 0.111594
vn 0.389591 0.194369 -0.900244
vn 0.921239 0.068576 -0.382904
vn 0.696630 0.144406 -0.702747
vn 0.899694 -0.111323 0.422087
vn 0.999493 -0.023464 0.021508
vn 0.340980 -0.211520 0.915965
vn 0.658233 -0.176212 0.731901
vn 0.309539 -0.363028 0.878861
vn 0.596209 -0.454949 0.661480
vn 0.634277 -0.137084 -0.760855
vn 0.358028 0.041839 -0.932773
vn 0.898745 -0.432422 -0.072584
vn 0.831853 -0.306563 -0.462644
vn 0.810638 -0.483703 0.329995
vn 0.474547 -0.364817 -0.801070
vn 0.274964 -0.085236 -0.957669
vn 0.651490 -0.743919 -0.148815
vn 0.609565 -0.598871 -0.519408
vn 0.437239 -0.676322 0.592799
vn 0.589088 -0.769839 0.245609
vn 0.226766 -0.487668 0.843064
vn 0.107022 -0.567489 0.816396
vn 0.154934 -0.167452 -0.973630
vn 0.314433 -0.771689 -0.552835
vn 0.253135 -0.506114 -0.824482
vn 0.294627 -0.937086 0.187258
vn 0.329126 -0.923390 -0.197551
vn 0.216547 -0.811623 0.542564
vn -0.007103 -0.823089 -0.567868
vn 0.005065 -0.549800 -0.835281
vn -0.026653 -0.986333 0.162592
vn -0.018202 -0.975661 -0.218529
vn -0.031234 -0.592810 0.804736
vn -0.031236 -0.852925 0.521099
vn 0.016558 -0.193754 -0.980910
vn -0.240915 -0.494516 -0.835113
vn -0.120614 -0.160983 -0.979559
vn -0.363277 -0.907135 -0.212450
vn -0.326225 -0.756649 -0.566622
vn -0.277505 -0.800025 0.531932
vn -0.346036 -0.922045 0.173472
vn -0.168524 -0.561020 0.810466
vn -0.678666 -0.712691 -0.177437
vn -0.614089 -0.570144 -0.545738
vn -0.493562 -0.654471 0.572769
vn -0.634564 -0.741111 0.219278
vn -0.285425 -0.475644 0.832043
vn -0.237229 -0.073214 -0.968691
vn -0.456254 -0.342967 -0.821100
vn -0.315235 0.057644 -0.947261
vn -0.824656 -0.267675 -0.498289
vn -0.606709 -0.107951 -0.787560
vn -0.845871 -0.444815 0.294349
vn -0.914086 -0.389863 -0.111593
vn -0.363723 -0.347224 0.864373
vn -0.644779 -0.425817 0.634776
vn -0.921240 -0.068574 0.382903
vn -0.999493 0.023464 -0.021508
vn -0.389589 -0.194369 0.900245
vn -0.696631 -0.144404 0.702747
vn -0.658232 0.176213 -0.731901
vn -0.340979 0.211519 -0.915965
vn -0.899694 0.111325 -0.422087
vn -0.596208 0.454949 -0.661481
vn -0.309538 0.363028 -0.878861
vn -0.898745 0.432423 0.072584
vn -0.810638 0.483704 -0.329996
vn -0.634275 0.137085 0.760857
vn -0.831852 0.306565 0.462645
vn -0.358025 -0.041838 0.932774
vn -0.474545 0.364818 0.801071
vn -0.609564 0.598872 0.519408
vn -0.274966 0.085238 0.957668
vn -0.226768 0.487668 -0.843064
vn -0.589088 0.769839 -0.245609
vn -0.437239 0.676322 -0.592799
vn -0.651489 0.743920 0.148815
vn -0.107025 0.567488 -0.816396
vn -0.294627 0.937086 -0.187258
vn -0.216548 0.811623 -0.542564
vn -0.314436 0.771689 0.552834
vn -0.329125 0.923391 0.197551
vn -0.154934 0.167451 0.973630
vn -0.253138 0.506113 0.824482
vn -0.886871 -0.226682 0.402586
vn -0.939432 0.326458 0.104369
vn -0.961166 0.274296 0.030363
vn -0.904340 -0.310033 0.293340
vn 0.116422 0.624335 -0.772433
vn -0.860018 -0.128781 0.493745
vn -0.911208 0.377212 0.165565
vn 0.848399 -0.453636 -0.272825
vn 0.550194 -0.610015 -0.570236
vn 0.887393 -0.407847 -0.214929
vn 0.012875 0.174880 0.984506
vn -0.447392 0.226589 0.865158
vn -0.455009 0.132186 0.880621
vn 0.007348 0.051391 0.998652
vn -0.737905 -0.338773 -0.583720
vn -0.001238 0.294384 0.955686
vn -0.444818 0.311317 0.839773
vn 0.424255 -0.457883 -0.781250
vn 0.307446 -0.830289 -0.464863
vn 0.430775 -0.375086 -0.820818
vn -0.802650 -0.595681 0.030292
vn -0.852091 -0.507654 0.127390
vn -0.897453 -0.188549 -0.398782
vn -0.854437 -0.247130 -0.457017
vn 0.027995 0.881867 -0.470666
vn -0.745965 -0.661759 -0.074909
vn -0.808450 -0.291959 -0.511047
vn 0.717034 0.369149 0.591263
vn 0.361444 0.559897 0.745569
vn 0.771585 0.329485 0.544147
vn -0.734474 -0.433815 0.521874
vn -0.932157 0.053261 0.358116
vn -0.953908 0.014398 0.299753
vn -0.750957 -0.505983 0.424317
vn -0.168884 0.713837 -0.679643
vn -0.721742 -0.375498 0.581455
vn -0.916185 0.079574 0.392775
vn 0.860143 -0.155555 -0.485753
vn 0.616757 -0.336044 -0.711818
vn 0.881244 -0.130268 -0.454355
vn -0.645614 -0.696091 0.314068
vn -0.724528 -0.572247 0.384179
vn -0.954711 -0.296160 -0.028579
vn -0.794696 -0.560938 -0.231964
vn -0.537814 -0.825591 0.170753
vn -0.706519 -0.637342 -0.307612
vn 0.530537 0.733040 0.425656
vn 0.396247 0.322021 0.859821
vn 0.635130 0.681545 0.363464
vn -0.620803 -0.661517 0.420713
vn -0.964904 -0.251650 0.075050
vn -0.827468 -0.518140 -0.216398
vn -0.586645 -0.761667 0.275155
vn -0.661953 -0.480130 0.575581
vn -0.974993 -0.118371 0.188086
vn 0.790141 -0.602232 0.113993
vn 0.952987 -0.041024 -0.300221
vn 0.964914 0.012942 -0.262248
vn -0.571445 -0.742133 0.350270
vn -0.642634 -0.643517 0.415821
vn -0.793500 -0.577261 -0.192684
vn -0.735138 -0.636411 -0.233566
vn -0.247944 0.597283 -0.762743
vn -0.499676 -0.823813 0.267686
vn -0.678135 -0.681304 -0.275604
vn 0.568735 0.750344 0.336935
vn 0.178529 0.873500 0.452907
vn 0.632097 0.714767 0.299267
vn -0.624010 -0.545024 0.559965
vn -0.964358 -0.215557 0.153455
vn -0.849653 -0.525151 -0.048029
vn -0.597183 -0.666038 0.446952
vn -0.665110 -0.307953 0.680289
vn -0.971153 -0.055725 0.231853
vn -0.971206 -0.080024 0.224402
vn -0.663865 -0.342668 0.664727
vn 0.833674 -0.514820 0.199873
vn 0.953656 -0.077152 -0.290840
vn 0.963107 -0.023697 -0.268074
vn 0.965269 0.000361 -0.261259
vn -0.621699 -0.522060 0.583905
vn -0.708123 -0.371462 0.600482
vn -0.957558 -0.271420 0.097029
vn -0.781320 -0.623790 0.020635
vn -0.502986 -0.702597 0.503351
vn -0.679198 -0.733602 -0.022749
vn 0.476891 0.873119 0.101190
vn 0.339347 0.640613 0.688809
vn 0.596425 0.800378 0.060602
vn -0.696499 -0.314350 0.645038
vn -0.988211 -0.070098 0.136110
vn -0.982181 -0.155359 0.105760
vn -0.671328 -0.441524 0.595294
vn -0.868435 -0.495345 -0.021329
vn -0.642388 -0.578523 0.502642
vn -0.714547 -0.182223 0.675439
vn -0.987822 0.010038 0.155266
vn -0.988248 -0.014423 0.152177
vn -0.712417 -0.220155 0.666328
vn 0.817545 -0.478256 0.320769
vn 0.948860 -0.226791 -0.219614
vn 0.970216 -0.145197 -0.193904
vn 0.979611 -0.091018 -0.179105
vn 0.982055 -0.067024 -0.176283
vn -0.599795 -0.339667 0.724481
vn -0.704919 -0.203747 0.679394
vn -0.929909 -0.327514 0.167343
vn -0.691401 -0.670364 0.269400
vn -0.745744 0.650203 -0.145269
vn -0.486710 0.586182 0.647691
vn -0.139194 0.039032 -0.989496
vn -0.098751 -0.014294 -0.995010
vn -0.555930 -0.717482 -0.419716
vn -0.147590 0.250031 0.956923
vn -0.460358 -0.521435 0.718454
vn -0.067577 0.179409 0.981451
vn 0.183790 0.906281 0.380626
vn 0.353397 0.898712 -0.259668
vn 0.056243 0.976224 -0.209341
vn 0.045817 0.941425 0.334095
vn 0.342095 0.629610 -0.697540
vn 0.392757 0.826781 0.402710
vn -0.570672 -0.284184 0.770437
vn -0.884057 -0.341467 0.319130
vn -0.848319 -0.429742 0.309316
vn -0.523058 -0.398302 0.753502
vn -0.628640 -0.172967 0.758218
vn -0.913373 -0.257089 0.315681
vn 0.950802 -0.010106 -0.309635
vn 0.944790 0.095807 -0.313357
vn 0.927016 0.188732 -0.324071
vn -0.586285 -0.417943 0.693970
vn -0.662513 -0.299607 0.686521
vn -0.763719 -0.623961 0.165545
vn -0.699186 -0.693545 0.173596
vn -0.754735 -0.154034 0.637690
vn -0.958364 -0.268469 0.097276
vn -0.748937 -0.418234 -0.513979
vn -0.667992 -0.556214 -0.494381
vn -0.628508 -0.621606 -0.467530
vn -0.502828 -0.520407 0.690174
vn -0.531883 -0.497818 0.685039
vn -0.655840 -0.734371 0.174849
vn -0.637267 -0.751100 0.172455
vn -0.608767 -0.654013 -0.449076
vn -0.591429 -0.653571 -0.472289
vn 0.524180 0.834127 -0.171662
vn 0.451314 0.875214 -0.174117
vn 0.278760 0.864797 0.417636
vn 0.324566 0.652064 -0.685179
vn 0.589352 0.788646 -0.175219
vn 0.570423 0.803053 -0.172407
vn -0.666975 -0.151359 0.729544
vn -0.955865 -0.180068 0.232158
vn -0.934340 -0.269589 0.233089
vn -0.630044 -0.273493 0.726805
vn -0.777688 -0.596812 0.197526
vn -0.583805 -0.423324 0.692797
vn 0.101619 -0.264028 0.959147
vn -0.089338 -0.298768 -0.950135
vn -0.706214 -0.031930 0.707278
vn -0.970403 -0.096963 0.221171
vn 0.977237 -0.054145 -0.205127
vn 0.974847 0.032268 -0.220527
vn -0.604012 -0.453714 0.655220
vn -0.678833 -0.334276 0.653793
vn -0.785698 -0.610914 0.097277
vn -0.723288 -0.683226 0.100283
vn -0.767051 -0.184014 0.614631
vn -0.965179 -0.253739 0.063609
vn -0.524323 -0.562292 0.639464
vn -0.549930 -0.534235 0.642004
vn -0.680691 -0.725900 0.098636
vn -0.662442 -0.743154 0.094300
vn 0.548612 0.831336 -0.088915
vn 0.474021 0.876006 -0.088980
vn 0.295700 0.815536 0.497456
vn 0.614469 0.783063 -0.096131
vn 0.595414 0.798180 -0.091598
vn -0.756948 -0.089717 0.647287
vn -0.983922 0.112287 0.138884
vn -0.992881 0.020205 0.117383
vn -0.755617 -0.219740 0.617055
vn -0.938136 -0.346267 -0.000433
vn -0.749434 -0.372757 0.547175
vn -0.830122 0.094565 -0.549505
vn -0.815892 -0.051824 -0.575877
vn -0.838086 0.166186 -0.519610
vn -0.064807 -0.516895 0.853592
vn -0.058503 -0.009514 -0.998242
vn -0.753987 0.041343 0.655587
vn -0.968990 0.196799 0.149425
vn -0.973842 0.171422 0.149151
vn -0.755069 0.003144 0.655637
vn -0.842982 0.202391 -0.498416
vn -0.834069 0.215872 -0.507669
vn 0.886751 -0.422959 -0.186487
vn 0.925055 -0.339075 -0.171178
vn 0.945245 -0.282447 -0.163512
vn 0.952299 -0.257465 -0.163824
vn -0.724852 -0.550733 0.413863
vn -0.770688 -0.437594 0.463197
vn -0.885794 -0.449729 -0.114510
vn -0.846383 -0.514336 -0.138181
vn -0.824425 -0.290174 0.485925
vn -0.991662 -0.128795 -0.004410
vn -0.820771 -0.027971 -0.570572
vn -0.775186 -0.148180 -0.614108
vn -0.755784 -0.215126 -0.618475
vn -0.674871 -0.648691 0.351779
vn -0.690749 -0.621815 0.369070
vn -0.818927 -0.552578 -0.154974
vn -0.807032 -0.567088 -0.164655
vn -0.746981 -0.250516 -0.615842
vn -0.735464 -0.249553 -0.629934
vn 0.730377 0.652332 0.202517
vn 0.677488 0.701430 0.221372
vn 0.488579 0.491663 0.720803
vn 0.528161 0.792750 -0.304291
vn 0.775289 0.605987 0.178063
vn 0.762418 0.619362 0.187375
vn -0.793089 -0.149283 0.590529
vn -0.983830 0.140999 0.110449
vn -0.995709 0.055873 0.073772
vn -0.797785 -0.270331 0.538944
vn -0.955013 -0.279630 -0.098779
vn -0.796449 -0.408599 0.445775
vn -0.130469 -0.640130 0.757107
vn -0.019444 0.154894 -0.987740
vn -0.787757 -0.020364 0.615650
vn -0.965942 0.220842 0.134849
vn -0.971777 0.196269 0.130872
vn -0.786498 -0.060634 0.614609
vn 0.916973 -0.354494 -0.183013
vn 0.939239 -0.301014 -0.164990
vn 0.947352 -0.276500 -0.161468
vn -0.708423 -0.470251 0.526309
vn -0.751106 -0.335530 0.568559
vn -0.925340 -0.375885 -0.049572
vn -0.882029 -0.464914 -0.076684
vn -0.796240 -0.155894 0.584551
vn -0.998282 0.025137 0.052934
vn -0.656218 -0.590418 0.469878
vn -0.675041 -0.557502 0.483229
vn -0.850006 -0.517851 -0.096538
vn -0.835821 -0.538224 -0.108247
vn 0.741642 0.653112 0.153009
vn 0.676079 0.716004 0.173939
vn 0.467670 0.499778 0.729045
vn 0.797110 0.590942 0.124111
vn 0.781360 0.609240 0.135290
vn -0.725487 -0.159556 0.669485
vn -0.972502 0.199858 0.119566
vn -0.990486 0.109184 0.083767
vn -0.729495 -0.305441 0.611999
vn -0.838731 0.325073 -0.436873
vn -0.837854 0.262604 -0.478581
vn -0.706863 -0.013815 0.707216
vn -0.949061 0.282191 0.140186
vn -0.819554 0.368341 -0.438925
vn 0.850584 -0.478696 -0.217616
vn 0.893369 -0.407963 -0.188305
vn 0.926731 -0.335362 -0.169418
vn -0.737052 -0.283014 0.613724
vn -0.789420 -0.102896 0.605168
vn -0.998684 -0.007565 0.050735
vn -0.904711 -0.425957 0.007700
vn -0.630174 -0.544399 0.553635
vn -0.653990 -0.512715 0.556256
vn -0.822656 -0.568252 -0.018096
vn -0.807576 -0.589180 -0.026221
vn 0.645202 0.761273 0.064641
vn 0.447997 0.624498 0.639766
vn 0.767343 0.640285 0.034927
vn 0.751180 0.658714 0.042717
vn -0.714406 -0.026600 0.699226
vn -0.977913 0.072147 0.196164
vn -0.981604 -0.015917 0.190265
vn -0.708132 -0.153357 0.689225
vn -0.919239 -0.369754 0.135209
vn -0.699476 -0.306111 0.645779
vn -0.882916 -0.041080 -0.467731
vn -0.863531 -0.179415 -0.471300
vn -0.893009 0.029233 -0.449088
vn 0.021054 -0.371455 0.928212
vn -0.133750 -0.173988 -0.975622
vn -0.723687 0.099216 0.682959
vn -0.969457 0.152433 0.192139
vn -0.972025 0.128738 0.196454
vn -0.717392 0.062341 0.693875
vn -0.898787 0.065726 -0.433430
vn -0.894228 0.078076 -0.440751
vn 0.906915 -0.376429 -0.189227
vn 0.937562 -0.291546 -0.189678
vn 0.952636 -0.235837 -0.192007
vn 0.957216 -0.212030 -0.196927
vn -0.757618 0.089716 0.646503
vn -0.785284 0.249486 0.566644
vn -0.988435 0.148780 0.029341
vn -0.958422 -0.240376 0.153772
vn -0.707980 -0.145355 0.691113
vn -0.901808 -0.388847 0.188525
vn 0.756256 0.613310 -0.227877
vn 0.552407 0.752198 0.359227
vn 0.846375 0.491921 -0.204117
vn -0.817422 0.262585 0.512709
vn -0.977990 0.178820 -0.107515
vn -0.994098 0.079271 -0.074069
vn -0.822514 0.111172 0.557774
vn -0.948957 -0.309609 0.060200
vn -0.816418 -0.079710 0.571934
vn -0.775657 -0.177519 -0.605676
vn -0.772306 -0.329194 -0.543301
vn -0.778254 -0.096691 -0.620461
vn -0.798448 0.403576 0.446775
vn -0.953375 0.264656 -0.145032
vn -0.961691 0.240573 -0.131436
vn -0.807087 0.363630 0.465171
vn -0.779905 -0.053387 -0.623617
vn -0.765556 -0.049819 -0.641437
vn 0.582081 -0.322997 0.746227
vn 0.841443 -0.491862 0.223711
vn 0.891103 -0.408294 0.198071
vn 0.677186 -0.636085 -0.369886
vn 0.919030 -0.352158 0.177112
vn 0.929814 -0.329358 0.164222
vn -0.750872 0.184971 0.634017
vn -0.780367 0.323329 0.535244
vn -0.992901 0.118191 0.013332
vn -0.951415 -0.236242 0.197480
vn -0.703085 -0.029440 0.710496
vn -0.895775 -0.365004 0.253690
vn 0.760676 0.560451 -0.327518
vn 0.566033 0.794039 0.221604
vn 0.843654 0.455068 -0.284889
vn -0.781545 0.418126 0.462987
vn -0.903936 0.375855 -0.204042
vn -0.998772 0.000248 -0.049541
vn -0.832652 0.243404 0.497439
vn -0.693771 0.626047 0.356015
vn -0.823938 0.504468 -0.258144
vn 0.417956 -0.398316 0.816491
vn 0.713597 -0.625355 0.315771
vn 0.753445 -0.585948 0.298305
vn -0.778180 -0.140081 0.612220
vn -0.813009 -0.003944 0.582238
vn -0.935629 -0.349488 0.049557
vn -0.900014 -0.429917 0.071738
vn -0.848673 0.151461 0.506769
vn -0.998306 0.028656 -0.050644
vn -0.732681 -0.268974 0.625165
vn -0.749728 -0.235129 0.618565
vn -0.873754 -0.479303 0.082597
vn -0.861871 -0.500186 0.083621
vn 0.785395 0.609236 -0.109478
vn 0.731939 0.669264 -0.127870
vn 0.501343 0.766718 0.400998
vn 0.830746 0.547794 -0.098906
vn 0.817690 0.566960 -0.099700
vn -0.785941 0.175792 0.592785
vn -0.935899 0.341765 -0.085377
vn -0.993945 -0.093477 -0.057749
vn -0.823768 -0.013978 0.566754
vn -0.708295 0.422924 0.565202
vn -0.858008 0.504557 -0.096152
vn 0.416843 -0.606620 0.676945
vn 0.741367 -0.661566 0.112720
vn 0.784084 -0.611017 0.108951
vn -0.755762 -0.130571 0.641697
vn -0.790492 0.056103 0.609897
vn -0.991970 0.113737 0.055317
vn -0.948536 -0.312883 0.048825
vn -0.672851 -0.419766 0.609153
vn -0.690461 -0.381609 0.614523
vn -0.879506 -0.474537 0.035838
vn -0.866010 -0.499196 0.028801
vn 0.708305 0.705886 -0.005394
vn 0.499060 0.640182 0.584042
vn 0.828448 0.559474 -0.025743
vn 0.813060 0.581878 -0.018746
vn -0.814064 0.052279 0.578417
vn -0.929839 0.367927 -0.005366
vn -0.996687 -0.041143 -0.070156
vn -0.854471 -0.121719 0.505038
vn -0.732759 0.303969 0.608824
vn -0.854586 0.518955 0.019210
vn 0.429635 -0.761606 0.485149
vn 0.743794 -0.667340 -0.037782
vn 0.784359 -0.619560 -0.030430
vn -0.730716 -0.309791 0.608345
vn -0.767078 -0.174012 0.617504
vn -0.929538 -0.368415 0.015191
vn -0.890847 -0.454099 0.013638
vn -0.806842 -0.003831 0.590755
vn -0.999272 0.035795 0.013168
vn -0.791677 -0.087053 -0.604706
vn -0.759735 -0.234522 -0.606467
vn -0.745272 -0.308183 -0.591264
vn -0.683381 -0.433081 0.587733
vn -0.702357 -0.400758 0.588292
vn -0.862673 -0.505672 0.009591
vn -0.850127 -0.526557 0.004585
vn -0.738589 -0.345948 -0.578625
vn -0.721720 -0.348020 -0.598333
vn 0.768711 0.639581 0.004411
vn 0.712179 0.701976 0.005590
vn 0.499679 0.642875 0.580545
vn 0.547397 0.610808 -0.572076
vn 0.816652 0.577115 -0.004246
vn 0.802966 0.596025 0.000644
vn -0.825044 -0.101800 0.555823
vn -0.968463 0.247588 -0.027933
vn -0.974211 -0.189461 -0.122546
vn -0.840433 -0.286091 0.460243
vn -0.769294 0.175366 0.614356
vn -0.905491 0.424187 0.012260
vn 0.467675 -0.754411 0.460591
vn 0.799039 -0.599407 -0.047403
vn 0.838903 -0.543194 -0.034377
vn -0.547356 -0.514114 0.660370
vn -0.636398 -0.408322 0.654424
vn -0.694561 -0.707799 0.128862
vn -0.625253 -0.768698 0.134764
vn -0.742957 -0.277036 0.609316
vn -0.916057 -0.393286 0.078526
vn -0.455365 -0.609466 0.648995
vn -0.483850 -0.585372 0.650560
vn -0.578830 -0.804203 0.134956
vn -0.559077 -0.818625 0.131481
vn 0.438106 0.889537 -0.129563
vn 0.360269 0.923571 -0.131236
vn 0.186349 0.872795 0.451114
vn 0.507837 0.850843 -0.134789
vn 0.487521 0.863231 -0.130975
vn -0.489826 0.302068 0.817818
vn -0.900674 0.251153 0.354553
vn -0.907567 0.154530 0.390439
vn -0.489513 0.163268 0.856575
vn -0.400554 -0.496652 -0.769995
vn -0.491878 0.432555 0.755614
vn -0.889398 0.334996 0.311044
vn 0.847567 -0.475547 -0.235554
vn 0.581959 -0.813146 -0.010804
vn 0.872653 -0.397885 -0.283134
vn -0.164481 0.321415 0.932544
vn -0.205053 0.472418 0.857190
vn -0.676369 0.405264 0.615050
vn -0.645238 0.034691 0.763194
vn -0.135351 0.092949 0.986428
vn -0.607176 -0.121411 0.785237
vn 0.511955 0.376936 -0.771895
vn 0.749595 0.617592 -0.238093
vn 0.573705 0.235563 -0.784457
vn -0.715319 -0.698680 -0.012843
vn -0.239523 -0.970795 -0.013641
vn -0.456589 -0.854574 -0.247447
vn -0.591938 -0.341421 0.730096
vn 0.073737 -0.992821 -0.094176
vn -0.977582 -0.162044 0.134448
vn -0.959880 0.145661 0.239610
vn -0.576043 0.344170 0.741432
vn -0.718544 0.691240 0.076695
vn -0.687600 0.673054 0.272407
vn -0.558184 -0.381852 0.736627
vn -0.474751 -0.719890 0.506330
vn -0.827508 0.447338 0.339292
vn -0.535372 0.667854 -0.517058
vn -0.631124 0.726304 -0.272333
vn -0.716496 0.175033 -0.675275
vn 0.675898 -0.734409 -0.061681
vn 0.941751 -0.334884 -0.030944
vn 0.002079 -0.017396 0.999847
vn -0.508031 0.637261 -0.579485
vn -0.241774 -0.304345 -0.921368
vn -0.663206 -0.413635 -0.623750
vn 0.290269 -0.179378 -0.939983
vn 0.648888 0.080660 -0.756596
vn -0.963367 0.217303 0.157175
vn -0.609507 0.613559 -0.502044
vn 0.625160 -0.004086 -0.780486
vn -0.819203 0.570269 0.060831
vn 0.662053 -0.076372 -0.745556
vn 0.985880 0.151434 0.071474
vn -0.534762 0.494461 -0.685229
vn -0.330821 0.270652 -0.904049
vn -0.702843 0.663472 -0.256548
vn -0.583917 0.811415 0.025446
vn -0.183182 0.917336 0.353468
vn 0.220700 0.914998 0.337742
vn 0.929642 0.314588 0.191832
vn -0.995390 -0.073136 -0.062047
vn -0.609613 -0.790061 0.064617
vn 0.226095 -0.938403 -0.261305
vn 0.325711 -0.280706 -0.902838
vn 0.108665 -0.309041 -0.944820
vn 0.445083 -0.858394 -0.255071
vn 0.603168 -0.744295 -0.286727
vn 0.012024 -0.021400 -0.999699
vn -0.325227 0.656881 -0.680246
vn -0.413312 0.706316 -0.574710
vn -0.589588 0.486599 -0.644677
vn -0.920869 0.386283 0.052783
vn -0.654869 0.734088 0.179612
vn -0.640864 0.753377 0.147364
vn -0.641423 0.345112 0.685182
vn -0.966726 0.154872 0.203607
vn -0.652226 -0.528017 0.543875
vn -0.779340 0.623773 0.059469
vn -0.731968 0.665896 0.144241
vn -0.777955 0.065186 0.624930
vn -0.567770 -0.679854 0.464151
vn -0.722455 0.179825 0.667624
vn -0.060726 -0.902175 0.427074
vn -0.750303 0.152238 0.643326
vn -0.790788 0.608572 0.065539
vn -0.659458 0.283486 0.696240
vn 0.427257 -0.814830 0.391795
vn -0.664464 0.643168 -0.380557
vn -0.719803 0.667787 0.189589
vn -0.212408 0.100259 -0.972024
vn 0.610777 -0.726531 -0.314807
vn -0.721247 0.616920 -0.314981
vn -0.360483 -0.127209 -0.924051
vn -0.778149 0.594757 -0.201861
vn -0.643271 0.680395 0.351090
vn -0.524867 0.783151 0.333450
vn 0.209959 0.500103 0.840127
vn -0.271436 0.193920 0.942718
vn 0.747564 -0.647772 0.146765
vn 0.630505 -0.734901 0.249767
vn 0.544021 -0.780170 -0.308830
vn -0.006154 -0.312422 -0.949924
vn -0.798103 0.295340 -0.525172
vn -0.037471 -0.904303 -0.425243
vn -0.674585 0.738084 -0.012882
vn -0.804689 0.356970 -0.474391
vn -0.471975 0.862347 0.183298
vn -0.273442 -0.913751 -0.300482
vn -0.762429 -0.467106 -0.447789
vn -0.702538 0.705337 -0.094552
vn -0.612631 -0.732712 0.296337
vn -0.227641 -0.972860 -0.041503
vn -0.762947 0.644714 -0.047498
vn -0.884667 -0.447320 -0.131416
vn -0.905280 0.366761 -0.214369
vn -0.195384 0.924432 0.327491
vn -0.403763 0.851951 0.333400
vn -0.471598 0.867673 0.157287
vn 0.293716 0.495546 0.817414
vn -0.958489 -0.161294 0.235125
vn 0.414367 -0.619936 0.666317
vn -0.083917 -0.989530 0.117426
vn -0.906771 -0.373656 0.195313
vn -0.917010 0.393900 0.062728
vn -0.863836 -0.137852 0.484545
vn -0.475886 0.798403 0.368898
vn -0.238842 0.807090 0.539963
vn 0.824088 0.317529 0.469100
vn 0.831840 -0.431823 0.348670
vn 0.022339 -0.988504 0.149534
vn -0.799849 -0.507285 0.320786
vn -0.893722 0.307401 0.326751
vn 0.669544 -0.076907 0.738780
vn 0.156912 0.921620 0.354958
vn 0.307223 0.902135 0.302930
vn 0.882550 0.422454 0.206488
vn 0.865077 -0.361283 0.348017
vn 0.269282 -0.952908 0.139479
vn -0.445072 -0.606394 0.658937
vn 0.154819 0.895249 0.417805
vn -0.608691 0.410330 0.679062
vn 0.458946 -0.586829 0.667084
vn 0.116853 0.923195 0.366137
vn 0.944231 0.314080 -0.098904
vn 0.903893 -0.412651 -0.112675
vn 0.952882 0.261228 -0.154194
vn 0.567231 -0.822681 -0.038012
vn 0.998009 -0.058198 0.024306
vn 0.971975 -0.234351 -0.018547
vn 0.449389 -0.866102 -0.218901
vn 0.599661 -0.620415 -0.505462
vn 0.061071 -0.997799 -0.025843
vn 0.015712 -0.960762 -0.276929
vn -0.557049 0.404278 -0.725435
vn -0.053783 -0.984649 -0.166051
vn -0.459888 -0.753791 -0.469363
vn -0.592418 0.749920 -0.294383
vn -0.496552 -0.854457 0.152770
vn -0.141130 -0.987906 -0.064219
vn -0.649338 0.725335 -0.228580
vn -0.759884 -0.550450 -0.345806
vn -0.768840 0.460603 -0.443543
vn -0.962862 -0.268988 0.023293
vn -0.451471 0.891758 0.030693
vn -0.430388 0.879236 0.204234
vn 0.006586 0.600396 0.799676
vn 0.127030 -0.748497 0.650858
vn -0.089998 -0.994335 0.056545
vn -0.918074 -0.394266 -0.041172
vn -0.843759 0.523228 -0.119595
vn -0.678219 -0.268389 0.684095
vn -0.473518 0.852372 0.221908
vn -0.253275 0.885870 0.388698
vn 0.585094 0.426136 0.689981
vn 0.500758 -0.676978 0.539391
vn -0.006962 -0.996141 0.087487
vn -0.746101 -0.643537 0.170859
vn -0.898451 0.409025 0.159641
vn -0.628078 -0.397263 0.669104
vn -0.012132 0.951521 0.307345
vn 0.112221 0.938116 0.327634
vn 0.703813 0.606216 0.370337
vn 0.688343 -0.599533 0.408344
vn 0.162432 -0.980055 0.114488
vn -0.589460 -0.683939 0.429842
vn -0.764794 0.420812 0.487859
vn 0.266618 -0.611783 0.744739
vn -0.051168 0.920359 0.387713
vn 0.898492 0.436975 0.042006
vn 0.986140 0.069151 0.150820
vn 0.859562 -0.509678 0.037170
vn 0.490957 -0.869712 0.050613
vn 0.429926 -0.899379 -0.079250
vn 0.048492 -0.998797 -0.007273
vn 0.000000 -0.999402 0.034588
vn -0.000000 -0.995427 -0.095522
vn -0.523895 -0.842259 -0.127020
vn -0.535955 -0.843363 -0.038606
vn -0.971951 -0.034895 -0.232581
vn -0.908877 -0.054254 -0.413520
vn -0.721729 0.641748 -0.259359
vn -0.823406 0.340737 -0.453763
vn -0.000000 -0.996051 -0.088784
vn -0.322198 -0.940862 -0.104727
vn -0.292566 -0.940880 -0.170731
vn 0.000000 -0.999898 0.014305
vn -0.276768 -0.959815 0.046427
vn -0.321015 -0.944115 0.074809
vn 0.000000 -0.998875 0.047428
vn -0.411534 -0.897124 0.160652
vn -0.832248 -0.546467 0.093471
vn -0.992384 -0.068178 0.102593
vn -0.799360 -0.581644 0.150712
vn -0.981792 -0.018903 0.189016
vn -0.946235 0.304793 0.108353
vn -0.953151 0.229660 0.196876
vn -0.693580 0.484679 -0.532948
vn -0.700702 -0.686316 0.194904
vn -0.718241 0.673808 0.173531
vn -0.708474 0.685329 0.168489
vn -0.725805 0.677736 0.117816
vn -0.600118 0.799778 -0.014589
vn -0.531129 0.808933 -0.252051
vn -0.400204 0.913928 0.067621
vn -0.428209 0.872420 -0.235630
vn -0.253794 0.842012 -0.476030
vn -0.428796 0.877118 0.216331
vn -0.418101 0.885621 0.202156
vn -0.530765 0.847378 0.015439
vn -0.402035 0.907929 0.118462
vn -0.388072 0.907587 0.160270
vn 0.000000 0.999704 -0.024324
vn -0.605406 0.722209 -0.334512
vn -0.000000 0.806033 -0.591870
vn -0.000000 0.890593 -0.454801
vn 0.000000 0.962081 -0.272763
vn 0.000000 0.480955 -0.876745
vn 0.000000 0.969628 -0.244585
vn -0.000000 0.787051 -0.616888
vn -0.000000 0.900201 -0.435474
vn 0.000000 0.935803 -0.352523
vn 0.000000 0.999902 -0.013982
vn 0.000000 0.999661 -0.026023
vn 0.000000 0.999560 0.029681
vn 0.000000 0.990735 0.135811
vn 0.000000 0.985614 0.169015
vn -0.000000 0.989731 0.142941
vn 0.000000 0.979702 0.200458
vn -0.000000 0.987800 0.155726
vn 0.000000 0.979289 0.202470
vn -0.000000 0.990773 0.135529
vn -0.000000 0.918587 -0.395219
vn 0.000000 -0.986647 0.162872
vn -0.000000 0.966801 -0.255531
vn -0.718234 0.683504 -0.130241
vn -0.000000 0.969208 -0.246244
vn -0.993534 -0.028850 -0.109810
vn -0.570913 -0.820877 -0.014828
vn 0.000000 -0.999923 0.012407
vn -0.537519 -0.843222 -0.007103
vn -0.997815 -0.010703 -0.065190
vn 0.000000 -0.999946 0.010413
vn -0.669194 0.742073 -0.038826
vn -0.000000 0.988291 -0.152581
vn -0.876529 0.476643 -0.067152
vn -0.709173 -0.702837 -0.055622
vn 0.000000 -0.999965 0.008343
vn -0.605027 -0.795863 -0.023326
vn -0.000000 0.995641 -0.093269
vn -0.000000 0.997369 -0.072499
vn 0.000000 -0.999986 0.005364
vn -0.000000 0.974349 -0.225041
vn -0.850307 0.523682 -0.052301
vn 0.000000 0.992825 -0.119574
vn -0.602823 -0.796996 -0.037429
vn 0.000000 -0.999055 -0.043462
vn -0.883587 0.465365 -0.052042
vn 0.000000 0.979617 -0.200876
vn -0.983233 0.171149 -0.062942
vn 0.000000 -0.999405 -0.034479
vn 0.000000 0.994973 -0.100140
vn -0.000000 0.976522 -0.215418
vn -0.000000 0.992819 -0.119630
vn 0.000000 -0.999746 0.022532
vn -0.996547 0.075385 -0.034800
vn -0.000000 0.979283 -0.202498
vn -0.000000 0.994349 -0.106157
vn 0.000000 -1.000000 0.000190
vn -0.992930 0.068603 -0.096869
vn 0.000000 0.978691 -0.205338
vn -0.000000 0.992672 -0.120843
vn -0.000001 0.839909 -0.542727
vn -0.000000 0.942725 -0.333571
vn -0.000000 0.819732 -0.572747
vn 0.000000 -0.995544 -0.094297
vn 1.000000 0.000000 0.000000
vn 1.000000 0.000000 0.000000
vn 1.000000 0.000000 0.000000
vn -1.000000 0.000000 0.000000
vn -1.000000 0.000000 0.000000
vn -1.000000 0.000000 0.000000
vn 0.824515 0.183560 0.535240
vn 0.515384 0.820393 0.247660
vn 0.510830 0.730964 0.452487
vn 0.853770 0.154802 0.497105
vn 0.523531 0.053797 0.850306
vn 0.536428 -0.417735 0.733309
vn 0.873558 -0.384897 0.297910
vn 0.796742 0.260024 0.545517
vn 0.693129 -0.207786 0.690215
vn 0.315743 -0.154731 0.936144
vn 0.362205 -0.442068 0.820600
vn 0.629183 -0.382363 0.676703
vn 0.887570 0.233775 0.396949
vn 0.976569 0.037121 0.211977
vn 0.961820 0.185104 0.201593
vn 0.809038 -0.148943 0.568571
vn 0.839484 0.016188 0.543143
vn 0.724724 0.663617 0.185441
vn 0.784320 0.004615 0.620340
vn 0.363533 0.242511 0.899462
vn 0.473929 0.493735 0.729121
vn 0.834431 0.092588 0.543279
vn 0.852574 0.521759 0.029749
vn 0.978964 0.090615 -0.182808
vn 0.856205 0.485762 0.175924
vn 0.966253 -0.174144 -0.189813
vn 0.387406 -0.240321 0.890035
vn 0.446562 -0.216618 0.868135
vn 0.150327 -0.083205 0.985129
vn 0.206811 -0.289311 0.934627
vn 0.213390 -0.101900 0.971638
vn 0.095303 -0.090611 0.991316
vn 0.910100 -0.336227 0.242216
vn 0.847669 0.275111 0.453620
vn 0.911891 0.365525 0.186671
vn 0.971695 -0.173600 -0.160223
vn 0.037526 0.982298 0.183525
vn -0.359405 0.917926 0.168046
vn -0.604536 0.714180 0.352822
vn -0.207593 0.773338 0.599044
vn 0.890410 0.407514 -0.202736
vn 0.721611 0.532747 -0.442106
vn 0.346970 0.908152 -0.234248
vn 0.524766 0.850311 -0.039913
vn 0.127752 -0.410920 0.902676
vn -0.018348 -0.204105 0.978777
vn 0.229531 0.097129 0.968443
vn 0.317590 -0.140217 0.937804
vn -0.048980 -0.147857 0.987795
vn -0.357777 0.005757 0.933789
vn -0.129824 0.254277 0.958378
vn -0.592245 0.442044 0.673679
vn 0.249815 0.967540 0.038189
vn 0.033126 0.999352 -0.014073
vn 0.999983 0.000284 -0.005904
vn 0.959348 0.120965 -0.254988
vn 0.989050 0.136591 -0.055887
vn 0.969536 0.242540 0.034271
vn 0.641889 -0.237486 0.729095
vn 0.618886 0.317732 0.718350
vn 0.388521 0.090852 0.916950
vn 0.429105 0.414254 0.802660
vn 0.319596 0.399611 0.859168
vn 0.317996 0.240584 0.917059
vn 0.957078 0.286389 -0.044532
vn 0.732210 0.680649 -0.024222
vn -0.048709 0.066956 0.996566
vn 0.129501 0.292357 0.947500
vn -0.011805 0.998446 0.054467
vn -0.334772 0.872054 0.357002
vn 0.677210 0.564704 0.471694
vn 0.783857 0.565902 0.255586
vn 0.903696 0.421641 0.074518
vn 0.543799 0.565947 0.619666
vn 0.407555 0.581647 0.703979
vn 0.270148 0.543902 0.794475
vn -0.514097 0.763264 0.391321
vn -0.323566 0.261200 0.909439
vn -0.505339 0.642350 0.576210
vn 0.316331 0.945032 -0.082764
vn 0.885144 -0.411453 -0.217316
vn 0.960496 0.058826 0.272004
vn 0.968634 0.197047 -0.151398
vn 0.758261 -0.059763 -0.649207
vn 0.917379 -0.391518 0.071617
vn 0.908341 0.239551 0.342830
vn 0.906422 -0.389678 0.162939
vn 0.941733 0.335275 0.027016
vn 0.781823 -0.406476 0.472789
vn 0.999864 0.000465 -0.016504
vn 0.706127 -0.124598 0.697037
vn 0.957272 -0.035271 0.287030
vn 0.545461 0.407430 0.732443
vn 0.836283 0.279290 0.471835
vn 0.881677 0.383457 -0.274965
vn 0.722360 0.091699 -0.685411
vn 0.567282 0.658598 0.494409
vn 0.734095 0.535464 0.417592
vn 0.937295 0.341950 -0.067440
vn 0.833083 -0.008471 -0.553083
vn 0.800365 0.510912 0.313664
vn 0.872699 0.424369 0.241469
vn 0.997532 -0.068333 0.016168
vn 0.845318 -0.388051 -0.367224
vn 0.936204 0.171607 0.306712
vn 0.970441 0.044642 0.237175
vn 0.955089 -0.287795 0.070562
vn 0.692143 -0.699370 -0.178381
vn 0.924053 -0.362393 0.121646
vn 0.638724 -0.765089 -0.081670
vn 0.894230 -0.391124 0.217657
vn 0.923747 -0.246176 0.293408
vn 0.626802 -0.740084 0.243709
vn 0.559813 -0.825943 0.066538
vn 0.951905 -0.107200 0.287030
vn 0.934693 -0.158523 0.318149
vn 0.967839 -0.160545 0.193683
vn 0.945732 -0.243869 0.214752
vn 0.984065 -0.067746 0.164395
vn 0.981739 0.070435 0.176714
vn 0.954418 -0.243707 0.172318
vn 0.930280 -0.342302 0.131940
vn 0.966384 -0.146873 0.211023
vn 0.687117 -0.707090 0.167015
vn 0.953028 0.234620 0.191548
vn 0.984954 -0.108884 0.134200
vn 0.968770 -0.190934 0.158204
vn 0.701948 -0.710274 -0.052723
vn 0.881050 0.390074 0.267568
vn 0.984912 -0.028645 0.170671
vn 0.866288 0.349983 0.356450
vn 0.974725 -0.023590 0.222161
vn 0.953459 -0.247320 0.172480
vn 0.683029 -0.717632 -0.135923
vn 0.941004 -0.270937 0.202745
vn 0.682226 -0.729844 -0.043540
vn 0.847944 0.422574 0.320033
vn 0.972579 0.061018 0.224426
vn 0.904128 -0.345469 0.251404
vn 0.638213 -0.751131 0.168778
vn 0.854753 0.448882 0.260580
vn 0.955431 0.195495 0.221208
vn 0.911596 -0.251468 0.325203
vn 0.586803 -0.722158 0.366265
vn 0.920273 0.390085 0.030531
vn 0.939491 0.341329 0.029182
vn 0.958477 -0.009515 0.285011
vn 0.626447 -0.648359 0.432660
vn 0.869544 0.473240 -0.141198
vn 0.908164 0.388342 -0.156297
vn 0.942298 0.326138 0.075556
vn 0.752730 -0.570569 0.328403
vn 0.819245 0.539780 -0.193584
vn 0.874624 0.461172 -0.149510
vn 0.859997 0.510027 0.016668
vn 0.891166 -0.445419 0.086172
vn 0.855043 0.518556 -0.001122
vn 0.888126 0.459483 0.010344
vn 0.900025 0.426763 -0.088479
vn 0.882907 -0.465079 -0.064627
vn 0.833052 0.542616 0.107669
vn 0.861443 0.505104 0.052785
vn 0.904293 0.129079 -0.406932
vn 0.788670 -0.549867 -0.275037
vn 0.755560 0.654846 0.017466
vn 0.833949 0.551295 0.024570
vn 0.902436 -0.386271 -0.190801
vn 0.689721 -0.698244 -0.191678
vn 0.761173 0.646287 0.054125
vn 0.901398 0.412796 0.130698
vn 0.850350 -0.410060 0.329782
vn 0.682116 -0.700275 0.210553
vn 0.803712 0.594872 0.013213
vn 0.986675 0.109978 0.119908
vn 0.700691 -0.270186 0.660327
vn 0.632981 -0.511751 0.580902
vn 0.683714 0.702157 0.198775
vn 0.860751 0.137210 0.490186
vn 0.490433 -0.207000 0.846538
vn 0.460339 -0.400038 0.792501
vn 0.422895 0.756608 0.498702
vn 0.555031 0.232044 0.798809
vn 0.158813 -0.073251 0.984588
vn 0.203603 -0.263429 0.942948
vn 0.293045 0.703907 0.647023
vn 0.376437 0.248891 0.892384
vn 0.557398 -0.078476 -0.826528
vn 0.523135 -0.147687 -0.839356
vn 0.919752 -0.368244 0.135840
vn 0.625660 -0.219569 -0.748558
vn 0.602124 -0.573401 -0.555570
vn 0.501606 -0.793133 -0.345446
vn 0.393069 -0.894986 -0.210941
vn 0.982827 0.116617 0.143011
vn 0.352428 -0.919757 0.172750
vn 0.439194 -0.892007 0.106918
vn 0.467960 -0.866506 -0.173729
vn 0.462652 -0.872382 0.157805
vn 0.483024 -0.869710 -0.101446
vn 0.471338 -0.848832 -0.239427
vn 0.184496 -0.056941 0.981183
vn 0.387924 -0.838624 0.382393
vn 0.395922 -0.805281 0.441325
vn 0.399370 -0.863193 0.308872
vn 0.464817 -0.879000 0.106325
vn 0.540636 -0.836348 -0.090742
vn 0.562285 -0.794168 -0.230505
vn 0.527003 -0.805527 -0.270914
vn 0.432242 -0.884352 0.176321
vn 0.454378 -0.674835 0.581496
vn 0.380788 -0.411496 0.828053
vn 0.321978 0.553374 0.768184
vn 0.806726 0.324340 0.493960
vn 0.705148 0.688985 0.167530
vn 0.327443 0.586620 0.740714
vn 0.361014 0.600959 0.713104
vn 0.770088 0.023083 0.637519
vn 0.556512 0.621369 0.551539
vn 0.729937 0.011556 0.683416
vn 0.645534 0.693378 0.320177
vn 0.119535 0.774612 0.621038
vn 0.174537 0.447255 0.877211
vn 0.529728 0.661991 0.530243
vn 0.726774 0.554502 0.405372
vn 0.139713 0.848782 0.509951
vn 0.362902 0.925791 0.105894
vn 0.229570 0.570692 0.788422
vn 0.584298 0.584871 0.562602
vn 0.497246 0.150425 0.854470
vn 0.041928 0.984910 0.167910
vn 0.225409 0.510296 0.829933
vn 0.092460 0.626833 0.773648
vn 0.241988 0.718981 0.651543
vn 0.420001 0.695376 0.583139
vn 0.566765 0.614141 0.549189
vn 0.715743 0.572031 0.400614
vn 0.814007 0.569142 0.116059
vn 0.872691 0.488250 -0.004695
vn 0.072938 0.854709 0.513957
vn 0.252998 0.838052 0.483385
vn 0.414411 0.785639 0.459385
vn 0.638734 0.634695 0.434950
vn 0.825332 0.478932 0.299083
vn 0.177168 0.951969 0.249734
vn -0.050080 0.867111 0.495592
vn 0.294159 0.939706 0.174425
vn 0.942488 0.307494 0.131008
vn 0.834524 0.360827 0.416381
vn 0.941763 0.251608 0.223104
vn 0.920495 0.258677 0.292875
vn 0.916648 0.253813 0.308765
vn 0.611836 0.700482 0.367399
vn 0.069629 0.944321 0.321573
vn 0.225225 0.915453 0.333496
vn 0.385804 0.860587 0.332483
vn 0.637109 0.660645 0.397039
vn 0.600188 0.788143 -0.136399
vn 0.791858 0.453318 -0.409224
vn 0.942894 0.252302 -0.217476
vn 0.953521 0.296269 0.054980
vn 0.928193 0.368297 0.053058
vn 0.974556 0.223355 0.018798
vn 0.980412 -0.175592 0.089215
vn 0.850383 -0.497714 0.170672
vn 0.802711 -0.587209 0.104117
vn 0.818090 -0.569509 0.079927
vn 0.853636 -0.505249 0.126606
vn 0.911809 -0.405279 0.065978
vn 0.929649 -0.364287 0.055202
vn 0.924962 -0.371953 0.078083
vn 0.928210 -0.353511 0.116004
vn 0.969157 -0.198242 0.146405
vn 0.999294 0.030754 0.021584
vn 0.972712 0.195594 -0.124797
vn 0.899892 -0.397521 0.179363
vn 0.994734 -0.078760 0.065587
vn 0.973941 0.220760 0.051992
vn 0.958817 0.277053 0.062540
vn 0.964754 0.249402 -0.083957
vn 0.749254 -0.616690 0.241478
vn 0.646080 -0.634588 0.424122
vn 0.501757 -0.526504 0.686319
vn 0.323811 -0.392214 0.860996
vn 0.399203 0.858493 0.321910
vn 0.254270 0.966907 0.020922
vn 0.266646 0.957189 0.112645
vn 0.235632 0.966012 0.106296
vn 0.210480 0.975543 -0.063351
vn 0.279189 0.952181 -0.124114
vn 0.294206 0.911683 -0.286841
vn 0.411214 0.826459 -0.384537
vn 0.657530 0.692066 -0.297825
vn 0.427185 0.903002 0.045828
vn 0.407171 0.885228 0.224907
vn 0.889778 0.417128 -0.185201
vn 0.953359 0.243770 -0.177997
vn 0.951815 0.141963 -0.271834
vn 0.960903 -0.040953 -0.273840
vn 0.916038 -0.391589 -0.086785
vn 0.805160 -0.587901 0.078036
vn 0.775874 -0.620412 0.114491
vn 0.782324 -0.617271 0.083338
vn 0.772873 -0.626761 0.099183
vn 0.787197 -0.616284 0.022693
vn 0.784685 -0.618330 -0.044015
vn 0.754536 -0.655499 -0.031560
vn 0.695534 -0.716920 0.047518
vn 0.683931 -0.723191 0.096090
vn 0.793288 -0.601778 0.092513
vn 0.864874 -0.496861 0.071574
vn 0.889338 -0.449364 0.084554
vn 0.457427 -0.875850 0.153776
vn 0.620506 -0.773313 0.130226
vn 0.774902 -0.619052 0.127681
vn 0.885067 -0.442626 0.144007
vn 0.307917 -0.931580 0.193249
vn 0.216628 -0.952248 0.215163
vn 0.240174 -0.901651 0.359640
vn 0.150513 -0.782821 0.603769
vn 0.076929 0.976920 0.199270
vn 0.184539 0.960567 0.207984
vn 0.354255 0.911219 0.210200
vn 0.629648 0.722295 0.286065
vn 0.923987 0.179539 0.337658
vn 0.515449 0.755717 -0.403985
vn 0.406491 0.904521 -0.128869
vn 0.371284 0.927819 -0.036057
vn 0.522145 0.852334 -0.029858
vn 0.731071 0.678338 0.073442
vn 0.889124 0.417532 0.187418
vn 0.908502 0.343211 0.238389
vn 0.855392 0.368768 0.363751
vn 0.833229 0.355930 0.423135
vn 0.865859 0.399315 0.301390
vn 0.874506 0.442806 0.197896
vn 0.906186 0.318579 0.278089
vn 0.598891 0.782748 0.169217
vn 0.298985 0.941231 0.157136
vn 0.111706 0.958661 0.261706
vn 0.274344 0.930814 0.241497
vn 0.563686 0.797474 0.215161
vn 0.114768 0.904268 0.411252
vn 0.259327 0.873331 0.412363
vn 0.541713 0.741876 0.395180
vn 0.135713 0.878015 0.458989
vn 0.245567 0.836331 0.490151
vn 0.484403 0.718499 0.499113
vn 0.466853 0.791434 0.394563
vn 0.226259 0.966470 0.121421
vn 0.513067 0.843481 0.159066
vn 0.087758 0.895819 -0.435669
vn 0.014320 0.981355 -0.191668
vn 0.008769 0.999787 -0.018661
vn 0.135969 0.990707 -0.003348
vn 0.278679 0.959943 -0.029121
vn 0.530700 0.845466 0.059530
vn 0.089427 0.777217 -0.622845
vn 0.028171 0.885543 -0.463702
vn 0.423787 0.757046 -0.497279
vn 0.801928 0.520819 -0.292676
vn 0.987319 0.016244 0.157915
vn 0.449157 0.633472 -0.630057
vn 0.966952 -0.039182 -0.251929
vn 0.796306 0.313823 -0.517119
vn 0.212087 0.645762 0.733492
vn 0.332038 0.859252 0.389149
vn 0.102163 0.339050 0.935205
vn 0.918319 0.034076 0.394373
vn 0.979014 -0.138751 -0.149267
vn 0.894451 -0.429955 -0.122869
vn 0.812696 -0.575551 0.090925
vn 0.703223 -0.698058 0.134879
vn 0.657542 -0.746213 0.103950
vn 0.636457 -0.765908 0.091142
vn 0.654492 -0.755954 0.013192
vn 0.634905 -0.770566 -0.055884
vn 0.566492 -0.823476 -0.031220
vn 0.487358 -0.872684 0.030095
vn 0.345299 -0.933495 0.096722
vn 0.348933 -0.925528 0.147117
vn 0.349538 -0.914287 0.204702
vn 0.364282 -0.904223 0.222889
vn 0.354429 -0.912479 0.204359
vn 0.308993 -0.930508 0.196668
vn 0.230439 -0.951145 0.205480
vn 0.140594 -0.972376 0.186330
vn 0.054146 -0.983888 0.170392
vn 0.206944 -0.976226 0.064483
vn 0.245259 -0.969132 0.025121
vn 0.275774 -0.961142 -0.012421
vn 0.311675 -0.948983 -0.047859
vn 0.334210 -0.933762 0.128035
vn 0.370401 -0.917442 0.145272
vn 0.322634 -0.946293 -0.020899
vn 0.302556 -0.950383 0.072332
vn 0.340570 -0.927841 0.152064
vn 0.651751 -0.748815 0.120405
vn 0.337980 -0.938393 0.072024
vn 0.667287 -0.744445 0.023005
vn 0.818426 -0.572837 0.045142
vn 0.862942 -0.504795 -0.022649
vn 0.901506 -0.432454 -0.016446
vn 0.696545 -0.717087 -0.024714
vn 0.397450 -0.916906 0.036290
vn 0.983018 -0.043862 0.178188
vn 0.900152 -0.374414 0.222579
vn 0.498067 -0.800114 0.334286
vn 0.266287 0.383358 0.884380
vn 0.054396 0.821095 0.568194
vn -0.018806 0.940343 0.339707
vn -0.094189 0.913912 0.394833
vn 0.498039 -0.252543 0.829565
vn 0.961849 -0.169330 -0.214880
vn 0.962689 -0.202840 -0.179126
vn 0.795026 -0.569515 0.208776
vn 0.654096 -0.605130 0.453845
vn 0.909650 -0.413625 -0.038100
vn 0.008286 0.942536 0.334002
vn 0.004251 0.952355 0.304962
vn 0.583533 -0.542974 0.603878
vn 0.672974 0.725245 0.145346
vn 0.987254 0.022316 -0.157579
vn 0.027321 0.924601 0.379956
vn -0.031236 0.852925 -0.521098
vn -0.277505 0.800024 -0.531933
vn -0.346034 0.922046 -0.173472
vn -0.026653 0.986333 -0.162592
vn -0.018202 0.975661 0.218528
vn -0.363275 0.907136 0.212450
vn -0.326226 0.756649 0.566621
vn -0.007103 0.823090 0.567866
vn 0.005066 0.549799 0.835282
vn -0.240917 0.494515 0.835113
vn -0.120615 0.160983 0.979559
vn 0.016558 0.193751 0.980911
vn -0.031234 0.592811 -0.804736
vn -0.168526 0.561020 -0.810466
vn 0.026111 -0.218027 0.975593
vn -0.026112 0.218027 -0.975593
vn -0.285427 0.475643 -0.832043
vn -0.493562 0.654471 -0.572770
vn -0.634562 0.741113 -0.219277
vn -0.678664 0.712693 0.177438
vn -0.614088 0.570145 0.545739
vn -0.456253 0.342968 0.821101
vn -0.237233 0.073214 0.968690
vn -0.824656 0.267676 0.498290
vn -0.606709 0.107952 0.787560
vn -0.315236 -0.057644 0.947261
vn -0.363723 0.347223 -0.864374
vn -0.644777 0.425817 -0.634777
vn -0.845870 0.444816 -0.294350
vn -0.914086 0.389865 0.111594
vn -0.389590 0.194369 -0.900244
vn -0.696630 0.144406 -0.702747
vn -0.921239 0.068576 -0.382904
vn -0.999493 -0.023464 0.021508
vn -0.899694 -0.111323 0.422087
vn -0.658233 -0.176212 0.731901
vn -0.340980 -0.211520 0.915965
vn -0.596209 -0.454949 0.661480
vn -0.309539 -0.363028 0.878861
vn -0.358028 0.041839 -0.932773
vn -0.634277 -0.137084 -0.760855
vn -0.831853 -0.306563 -0.462644
vn -0.898745 -0.432422 -0.072584
vn -0.810638 -0.483703 0.329995
vn -0.274964 -0.085236 -0.957669
vn -0.474547 -0.364817 -0.801070
vn -0.609565 -0.598871 -0.519408
vn -0.651490 -0.743919 -0.148815
vn -0.589088 -0.769839 0.245609
vn -0.437239 -0.676322 0.592799
vn -0.226766 -0.487668 0.843064
vn -0.107022 -0.567489 0.816396
vn -0.154934 -0.167452 -0.973630
vn -0.253135 -0.506114 -0.824482
vn -0.314433 -0.771689 -0.552835
vn -0.329126 -0.923390 -0.197551
vn -0.294627 -0.937086 0.187258
vn -0.216547 -0.811623 0.542564
vn -0.005065 -0.549800 -0.835281
vn 0.007103 -0.823089 -0.567868
vn 0.018202 -0.975661 -0.218529
vn 0.026653 -0.986333 0.162592
vn 0.031236 -0.852925 0.521099
vn 0.031234 -0.592810 0.804736
vn -0.016558 -0.193754 -0.980911
vn 0.120614 -0.160983 -0.979559
vn 0.240915 -0.494516 -0.835113
vn 0.326225 -0.756649 -0.566622
vn 0.363277 -0.907135 -0.212450
vn 0.346036 -0.922045 0.173472
vn 0.277505 -0.800025 0.531932
vn 0.168524 -0.561020 0.810466
vn 0.614089 -0.570144 -0.545738
vn 0.678666 -0.712691 -0.177437
vn 0.634564 -0.741111 0.219278
vn 0.493562 -0.654471 0.572769
vn 0.285425 -0.475644 0.832043
vn 0.237229 -0.073214 -0.968691
vn 0.456254 -0.342967 -0.821100
vn 0.315235 0.057644 -0.947261
vn 0.606709 -0.107951 -0.787560
vn 0.824656 -0.267675 -0.498289
vn 0.914086 -0.389863 -0.111593
vn 0.845871 -0.444815 0.294349
vn 0.644779 -0.425817 0.634776
vn 0.363723 -0.347224 0.864373
vn 0.999493 0.023464 -0.021508
vn 0.921240 -0.068574 0.382903
vn 0.696631 -0.144404 0.702747
vn 0.389589 -0.194369 0.900245
vn 0.340979 0.211519 -0.915965
vn 0.658232 0.176213 -0.731901
vn 0.899694 0.111325 -0.422087
vn 0.309538 0.363028 -0.878861
vn 0.596208 0.454949 -0.661481
vn 0.810638 0.483704 -0.329996
vn 0.898745 0.432423 0.072584
vn 0.831852 0.306565 0.462645
vn 0.634275 0.137085 0.760857
vn 0.358025 -0.041838 0.932774
vn 0.609564 0.598872 0.519408
vn 0.474545 0.364818 0.801071
vn 0.274966 0.085238 0.957668
vn 0.226768 0.487668 -0.843064
vn 0.437239 0.676322 -0.592799
vn 0.589088 0.769839 -0.245609
vn 0.651489 0.743920 0.148815
vn 0.107025 0.567488 -0.816396
vn 0.216548 0.811623 -0.542564
vn 0.294627 0.937086 -0.187258
vn 0.329125 0.923391 0.197551
vn 0.314436 0.771689 0.552834
vn 0.253138 0.506113 0.824482
vn 0.154934 0.167451 0.973630
vn 0.886871 -0.226682 0.402586
vn 0.904340 -0.310033 0.293340
vn 0.961166 0.274296 0.030363
vn 0.939432 0.326458 0.104369
vn -0.116422 0.624335 -0.772433
vn 0.860018 -0.128781 0.493745
vn 0.911208 0.377212 0.165565
vn -0.848399 -0.453636 -0.272825
vn -0.550194 -0.610015 -0.570236
vn -0.887393 -0.407847 -0.214929
vn -0.012875 0.174880 0.984506
vn -0.007348 0.051391 0.998652
vn 0.455009 0.132186 0.880621
vn 0.447392 0.226589 0.865158
vn 0.737905 -0.338773 -0.583720
vn 0.444818 0.311317 0.839773
vn -0.424255 -0.457883 -0.781250
vn -0.307446 -0.830289 -0.464863
vn 0.802650 -0.595681 0.030292
vn 0.854437 -0.247130 -0.457017
vn 0.897453 -0.188549 -0.398782
vn 0.852091 -0.507654 0.127390
vn -0.027995 0.881867 -0.470666
vn 0.745965 -0.661759 -0.074909
vn 0.808450 -0.291959 -0.511047
vn -0.717034 0.369149 0.591263
vn -0.361444 0.559897 0.745569
vn -0.771585 0.329485 0.544147
vn 0.734474 -0.433815 0.521874
vn 0.750957 -0.505983 0.424317
vn 0.953908 0.014398 0.299753
vn 0.932157 0.053261 0.358116
vn 0.168884 0.713837 -0.679643
vn 0.721742 -0.375498 0.581455
vn 0.916185 0.079574 0.392775
vn -0.860143 -0.155555 -0.485753
vn -0.616757 -0.336044 -0.711818
vn -0.881244 -0.130268 -0.454355
vn 0.645614 -0.696091 0.314068
vn 0.794696 -0.560938 -0.231964
vn 0.954711 -0.296160 -0.028579
vn 0.724528 -0.572247 0.384179
vn 0.537814 -0.825591 0.170753
vn 0.706519 -0.637342 -0.307612
vn -0.396247 0.322021 0.859821
vn -0.530537 0.733040 0.425656
vn -0.635130 0.681545 0.363464
vn 0.620803 -0.661517 0.420713
vn 0.586645 -0.761667 0.275155
vn 0.827468 -0.518140 -0.216398
vn 0.964904 -0.251650 0.075050
vn 0.661953 -0.480130 0.575581
vn 0.974993 -0.118371 0.188086
vn -0.952987 -0.041024 -0.300221
vn -0.790141 -0.602232 0.113993
vn -0.964914 0.012942 -0.262248
vn 0.571445 -0.742133 0.350270
vn 0.735138 -0.636411 -0.233566
vn 0.793500 -0.577261 -0.192684
vn 0.642634 -0.643517 0.415821
vn 0.247944 0.597283 -0.762743
vn 0.499676 -0.823813 0.267686
vn 0.678135 -0.681304 -0.275604
vn -0.568735 0.750344 0.336935
vn -0.178529 0.873500 0.452907
vn -0.632097 0.714767 0.299267
vn 0.624010 -0.545024 0.559965
vn 0.597183 -0.666038 0.446952
vn 0.849653 -0.525151 -0.048029
vn 0.964358 -0.215557 0.153455
vn 0.665110 -0.307953 0.680289
vn 0.663865 -0.342668 0.664727
vn 0.971205 -0.080024 0.224402
vn 0.971153 -0.055725 0.231853
vn -0.953656 -0.077152 -0.290840
vn -0.833674 -0.514820 0.199873
vn -0.965269 0.000361 -0.261259
vn -0.963107 -0.023697 -0.268074
vn 0.621699 -0.522060 0.583905
vn 0.781320 -0.623790 0.020635
vn 0.957558 -0.271420 0.097029
vn 0.708123 -0.371462 0.600482
vn 0.502986 -0.702597 0.503351
vn 0.679198 -0.733602 -0.022749
vn -0.339347 0.640613 0.688809
vn -0.476891 0.873119 0.101190
vn -0.596425 0.800378 0.060602
vn 0.696499 -0.314350 0.645038
vn 0.671328 -0.441524 0.595294
vn 0.982181 -0.155359 0.105760
vn 0.988211 -0.070098 0.136110
vn 0.642388 -0.578523 0.502642
vn 0.868435 -0.495345 -0.021329
vn 0.714547 -0.182223 0.675439
vn 0.712417 -0.220155 0.666328
vn 0.988248 -0.014423 0.152177
vn 0.987822 0.010038 0.155266
vn -0.970216 -0.145197 -0.193904
vn -0.948860 -0.226791 -0.219614
vn -0.817544 -0.478256 0.320769
vn -0.982055 -0.067024 -0.176283
vn -0.979611 -0.091018 -0.179105
vn 0.599795 -0.339667 0.724481
vn 0.691401 -0.670364 0.269400
vn 0.929909 -0.327514 0.167343
vn 0.704919 -0.203747 0.679394
vn 0.745744 0.650203 -0.145269
vn 0.486710 0.586182 0.647691
vn 0.139194 0.039032 -0.989496
vn 0.555930 -0.717482 -0.419716
vn 0.098751 -0.014294 -0.995010
vn 0.147590 0.250031 0.956923
vn 0.067577 0.179409 0.981451
vn 0.460358 -0.521435 0.718454
vn -0.183790 0.906281 0.380626
vn -0.045817 0.941425 0.334095
vn -0.056243 0.976224 -0.209341
vn -0.353397 0.898712 -0.259668
vn -0.342095 0.629610 -0.697540
vn -0.392757 0.826781 0.402710
vn 0.570672 -0.284184 0.770437
vn 0.523058 -0.398302 0.753502
vn 0.848319 -0.429742 0.309316
vn 0.884057 -0.341467 0.319130
vn 0.628640 -0.172967 0.758218
vn 0.913373 -0.257089 0.315681
vn -0.944790 0.095807 -0.313357
vn -0.950802 -0.010106 -0.309635
vn -0.927016 0.188732 -0.324071
vn 0.586285 -0.417943 0.693970
vn 0.699186 -0.693545 0.173596
vn 0.763719 -0.623961 0.165545
vn 0.662513 -0.299607 0.686521
vn 0.958364 -0.268469 0.097276
vn 0.754735 -0.154034 0.637690
vn 0.667992 -0.556214 -0.494381
vn 0.748937 -0.418234 -0.513979
vn 0.628508 -0.621606 -0.467530
vn 0.502828 -0.520407 0.690174
vn 0.637267 -0.751100 0.172455
vn 0.655840 -0.734371 0.174849
vn 0.531883 -0.497818 0.685039
vn 0.608767 -0.654013 -0.449076
vn 0.591429 -0.653571 -0.472289
vn -0.278760 0.864797 0.417636
vn -0.451314 0.875214 -0.174116
vn -0.524180 0.834127 -0.171662
vn -0.324566 0.652064 -0.685179
vn -0.570423 0.803053 -0.172407
vn -0.589352 0.788646 -0.175219
vn 0.666975 -0.151359 0.729544
vn 0.630044 -0.273493 0.726805
vn 0.934340 -0.269589 0.233089
vn 0.955865 -0.180068 0.232158
vn 0.583805 -0.423324 0.692797
vn 0.777688 -0.596812 0.197526
vn -0.101619 -0.264028 0.959147
vn 0.089338 -0.298768 -0.950135
vn 0.706214 -0.031930 0.707278
vn 0.970403 -0.096963 0.221171
vn -0.977237 -0.054145 -0.205127
vn -0.974847 0.032268 -0.220527
vn 0.604012 -0.453714 0.655220
vn 0.723288 -0.683226 0.100283
vn 0.785698 -0.610914 0.097277
vn 0.678833 -0.334276 0.653793
vn 0.965179 -0.253739 0.063609
vn 0.767051 -0.184014 0.614631
vn 0.524323 -0.562292 0.639464
vn 0.662442 -0.743154 0.094300
vn 0.680691 -0.725900 0.098636
vn 0.549930 -0.534235 0.642004
vn -0.295700 0.815536 0.497456
vn -0.474021 0.876006 -0.088980
vn -0.548612 0.831336 -0.088915
vn -0.595414 0.798180 -0.091598
vn -0.614469 0.783063 -0.096130
vn 0.756948 -0.089717 0.647287
vn 0.755617 -0.219740 0.617055
vn 0.992881 0.020205 0.117383
vn 0.983922 0.112287 0.138884
vn 0.749434 -0.372757 0.547175
vn 0.938136 -0.346267 -0.000433
vn 0.815892 -0.051824 -0.575877
vn 0.830122 0.094565 -0.549505
vn 0.838086 0.166186 -0.519610
vn 0.064807 -0.516895 0.853592
vn 0.058503 -0.009514 -0.998242
vn 0.753987 0.041343 0.655587
vn 0.755069 0.003144 0.655637
vn 0.973842 0.171422 0.149151
vn 0.968990 0.196799 0.149425
vn 0.842982 0.202391 -0.498416
vn 0.834069 0.215872 -0.507669
vn -0.925055 -0.339075 -0.171178
vn -0.886751 -0.422959 -0.186487
vn -0.952299 -0.257465 -0.163824
vn -0.945245 -0.282447 -0.163512
vn 0.724852 -0.550733 0.413863
vn 0.846383 -0.514336 -0.138181
vn 0.885794 -0.449729 -0.114510
vn 0.770688 -0.437594 0.463197
vn 0.991662 -0.128795 -0.004410
vn 0.824425 -0.290174 0.485925
vn 0.775186 -0.148180 -0.614108
vn 0.820771 -0.027971 -0.570572
vn 0.755784 -0.215126 -0.618475
vn 0.674871 -0.648691 0.351779
vn 0.807032 -0.567088 -0.164655
vn 0.818927 -0.552578 -0.154974
vn 0.690749 -0.621815 0.369070
vn 0.746981 -0.250516 -0.615842
vn 0.735464 -0.249553 -0.629934
vn -0.488579 0.491663 0.720803
vn -0.677488 0.701430 0.221372
vn -0.730377 0.652332 0.202517
vn -0.528161 0.792750 -0.304291
vn -0.762418 0.619362 0.187375
vn -0.775289 0.605987 0.178063
vn 0.793089 -0.149283 0.590528
vn 0.797785 -0.270331 0.538944
vn 0.995709 0.055873 0.073772
vn 0.983829 0.140999 0.110449
vn 0.796449 -0.408599 0.445775
vn 0.955013 -0.279630 -0.098779
vn 0.130469 -0.640130 0.757107
vn 0.019444 0.154894 -0.987740
vn 0.787757 -0.020364 0.615650
vn 0.786498 -0.060634 0.614609
vn 0.971777 0.196269 0.130872
vn 0.965942 0.220842 0.134849
vn -0.916973 -0.354494 -0.183013
vn -0.947352 -0.276500 -0.161468
vn -0.939239 -0.301014 -0.164990
vn 0.708423 -0.470251 0.526309
vn 0.882029 -0.464914 -0.076684
vn 0.925340 -0.375884 -0.049572
vn 0.751106 -0.335530 0.568559
vn 0.998282 0.025137 0.052934
vn 0.796240 -0.155894 0.584551
vn 0.656218 -0.590418 0.469878
vn 0.835821 -0.538224 -0.108247
vn 0.850006 -0.517851 -0.096538
vn 0.675041 -0.557502 0.483229
vn -0.467670 0.499778 0.729045
vn -0.676079 0.716004 0.173939
vn -0.741642 0.653112 0.153009
vn -0.781360 0.609240 0.135290
vn -0.797110 0.590942 0.124111
vn 0.725487 -0.159556 0.669485
vn 0.729495 -0.305441 0.611999
vn 0.990486 0.109184 0.083767
vn 0.972502 0.199858 0.119566
vn 0.837854 0.262604 -0.478581
vn 0.838731 0.325073 -0.436873
vn 0.706863 -0.013815 0.707216
vn 0.949061 0.282191 0.140186
vn 0.819554 0.368341 -0.438925
vn -0.893369 -0.407963 -0.188305
vn -0.850584 -0.478696 -0.217616
vn -0.926731 -0.335362 -0.169418
vn 0.737052 -0.283014 0.613724
vn 0.904711 -0.425957 0.007700
vn 0.998684 -0.007565 0.050735
vn 0.789420 -0.102896 0.605168
vn 0.630174 -0.544399 0.553635
vn 0.807576 -0.589180 -0.026221
vn 0.822656 -0.568252 -0.018096
vn 0.653990 -0.512715 0.556256
vn -0.447997 0.624498 0.639766
vn -0.645202 0.761273 0.064641
vn -0.751180 0.658714 0.042717
vn -0.767343 0.640285 0.034927
vn 0.714406 -0.026600 0.699226
vn 0.708132 -0.153357 0.689225
vn 0.981604 -0.015917 0.190265
vn 0.977913 0.072147 0.196164
vn 0.699476 -0.306111 0.645779
vn 0.919239 -0.369754 0.135209
vn 0.863531 -0.179415 -0.471300
vn 0.882916 -0.041080 -0.467731
vn 0.893009 0.029233 -0.449088
vn -0.021054 -0.371455 0.928212
vn 0.133750 -0.173988 -0.975622
vn 0.723687 0.099216 0.682959
vn 0.717392 0.062341 0.693875
vn 0.972025 0.128738 0.196454
vn 0.969457 0.152433 0.192139
vn 0.898787 0.065726 -0.433430
vn 0.894228 0.078076 -0.440750
vn -0.937562 -0.291546 -0.189678
vn -0.906915 -0.376429 -0.189227
vn -0.957216 -0.212030 -0.196927
vn -0.952635 -0.235837 -0.192007
vn 0.757618 0.089716 0.646503
vn 0.958422 -0.240376 0.153772
vn 0.988435 0.148780 0.029341
vn 0.785284 0.249486 0.566644
vn 0.707980 -0.145355 0.691113
vn 0.901807 -0.388847 0.188525
vn -0.552407 0.752198 0.359227
vn -0.756256 0.613310 -0.227877
vn -0.846375 0.491921 -0.204117
vn 0.817422 0.262585 0.512709
vn 0.822514 0.111172 0.557774
vn 0.994098 0.079271 -0.074069
vn 0.977990 0.178820 -0.107515
vn 0.816418 -0.079710 0.571934
vn 0.948957 -0.309609 0.060200
vn 0.772306 -0.329194 -0.543301
vn 0.775657 -0.177519 -0.605676
vn 0.778254 -0.096691 -0.620461
vn 0.798447 0.403576 0.446775
vn 0.807087 0.363630 0.465171
vn 0.961691 0.240573 -0.131436
vn 0.953375 0.264656 -0.145032
vn 0.779905 -0.053387 -0.623617
vn 0.765556 -0.049819 -0.641437
vn -0.891103 -0.408294 0.198071
vn -0.841442 -0.491862 0.223711
vn -0.582081 -0.322997 0.746227
vn -0.677186 -0.636085 -0.369886
vn -0.929814 -0.329358 0.164222
vn -0.919030 -0.352158 0.177112
vn 0.750872 0.184971 0.634017
vn 0.951415 -0.236242 0.197480
vn 0.992901 0.118191 0.013332
vn 0.780367 0.323329 0.535244
vn 0.703085 -0.029440 0.710496
vn 0.895775 -0.365004 0.253690
vn -0.566033 0.794039 0.221604
vn -0.760676 0.560451 -0.327518
vn -0.843654 0.455068 -0.284889
vn 0.781545 0.418126 0.462987
vn 0.832652 0.243404 0.497439
vn 0.998772 0.000248 -0.049541
vn 0.903936 0.375855 -0.204042
vn 0.693771 0.626047 0.356015
vn 0.823938 0.504468 -0.258144
vn -0.713597 -0.625355 0.315771
vn -0.417956 -0.398316 0.816491
vn -0.753445 -0.585948 0.298305
vn 0.778180 -0.140081 0.612220
vn 0.900014 -0.429917 0.071738
vn 0.935629 -0.349488 0.049557
vn 0.813009 -0.003944 0.582238
vn 0.998306 0.028656 -0.050644
vn 0.848673 0.151461 0.506769
vn 0.732681 -0.268974 0.625165
vn 0.861871 -0.500186 0.083621
vn 0.873754 -0.479303 0.082597
vn 0.749728 -0.235129 0.618565
vn -0.501343 0.766718 0.400998
vn -0.731939 0.669264 -0.127870
vn -0.785395 0.609236 -0.109478
vn -0.817690 0.566960 -0.099700
vn -0.830746 0.547794 -0.098906
vn 0.785941 0.175792 0.592785
vn 0.823768 -0.013978 0.566754
vn 0.993945 -0.093477 -0.057749
vn 0.935899 0.341765 -0.085377
vn 0.708295 0.422924 0.565202
vn 0.858008 0.504557 -0.096152
vn -0.741367 -0.661566 0.112720
vn -0.416843 -0.606620 0.676945
vn -0.784084 -0.611017 0.108951
vn 0.755762 -0.130571 0.641697
vn 0.948536 -0.312883 0.048825
vn 0.991970 0.113737 0.055317
vn 0.790492 0.056103 0.609897
vn 0.672851 -0.419766 0.609153
vn 0.866010 -0.499196 0.028801
vn 0.879506 -0.474537 0.035838
vn 0.690461 -0.381609 0.614523
vn -0.499060 0.640182 0.584042
vn -0.708305 0.705886 -0.005394
vn -0.813060 0.581878 -0.018746
vn -0.828448 0.559474 -0.025743
vn 0.814064 0.052279 0.578417
vn 0.854472 -0.121719 0.505038
vn 0.996687 -0.041143 -0.070156
vn 0.929839 0.367927 -0.005366
vn 0.732759 0.303969 0.608824
vn 0.854586 0.518955 0.019210
vn -0.743794 -0.667340 -0.037782
vn -0.429635 -0.761606 0.485149
vn -0.784359 -0.619560 -0.030430
vn 0.730716 -0.309791 0.608345
vn 0.890847 -0.454099 0.013638
vn 0.929538 -0.368415 0.015191
vn 0.767078 -0.174012 0.617504
vn 0.999272 0.035795 0.013168
vn 0.806842 -0.003831 0.590755
vn 0.759735 -0.234522 -0.606467
vn 0.791677 -0.087053 -0.604706
vn 0.745272 -0.308183 -0.591264
vn 0.683381 -0.433081 0.587733
vn 0.850127 -0.526557 0.004585
vn 0.862673 -0.505672 0.009591
vn 0.702357 -0.400758 0.588292
vn 0.738589 -0.345948 -0.578625
vn 0.721720 -0.348020 -0.598333
vn -0.499679 0.642875 0.580545
vn -0.712179 0.701976 0.005590
vn -0.768711 0.639581 0.004411
vn -0.547397 0.610808 -0.572076
vn -0.802966 0.596024 0.000644
vn -0.816652 0.577115 -0.004246
vn 0.825044 -0.101800 0.555823
vn 0.840434 -0.286091 0.460243
vn 0.974211 -0.189461 -0.122546
vn 0.968463 0.247588 -0.027933
vn 0.769294 0.175366 0.614356
vn 0.905491 0.424187 0.012260
vn -0.799039 -0.599407 -0.047403
vn -0.467674 -0.754411 0.460591
vn -0.838903 -0.543194 -0.034377
vn 0.547356 -0.514114 0.660370
vn 0.625253 -0.768698 0.134764
vn 0.694561 -0.707799 0.128862
vn 0.636398 -0.408322 0.654424
vn 0.916057 -0.393286 0.078526
vn 0.742957 -0.277036 0.609316
vn 0.455365 -0.609466 0.648995
vn 0.559077 -0.818624 0.131481
vn 0.578830 -0.804203 0.134956
vn 0.483850 -0.585372 0.650560
vn -0.186349 0.872795 0.451114
vn -0.360269 0.923571 -0.131236
vn -0.438106 0.889537 -0.129563
vn -0.487521 0.863231 -0.130975
vn -0.507837 0.850843 -0.134789
vn 0.489826 0.302068 0.817818
vn 0.489513 0.163268 0.856575
vn 0.907567 0.154530 0.390439
vn 0.900674 0.251153 0.354553
vn 0.400554 -0.496652 -0.769995
vn 0.491878 0.432555 0.755614
vn 0.889398 0.334996 0.311044
vn -0.847567 -0.475547 -0.235554
vn -0.581959 -0.813146 -0.010804
vn -0.872653 -0.397885 -0.283134
vn 0.164481 0.321415 0.932544
vn 0.645238 0.034691 0.763194
vn 0.676369 0.405264 0.615050
vn 0.205053 0.472418 0.857190
vn 0.135351 0.092949 0.986428
vn 0.607176 -0.121411 0.785237
vn -0.749595 0.617592 -0.238093
vn -0.511955 0.376936 -0.771895
vn -0.573705 0.235563 -0.784457
vn 0.715319 -0.698680 -0.012843
vn 0.456589 -0.854574 -0.247447
vn 0.239523 -0.970795 -0.013641
vn -0.073737 -0.992821 -0.094176
vn 0.591938 -0.341421 0.730096
vn 0.977582 -0.162044 0.134448
vn 0.576043 0.344170 0.741432
vn 0.959880 0.145661 0.239610
vn 0.687600 0.673054 0.272407
vn 0.718544 0.691240 0.076695
vn 0.474751 -0.719890 0.506330
vn 0.558185 -0.381852 0.736627
vn 0.827508 0.447338 0.339292
vn 0.535372 0.667854 -0.517058
vn 0.631124 0.726304 -0.272333
vn 0.716496 0.175033 -0.675275
vn -0.675899 -0.734409 -0.061680
vn -0.941751 -0.334884 -0.030944
vn -0.002080 -0.017396 0.999847
vn 0.508031 0.637261 -0.579485
vn 0.241774 -0.304345 -0.921368
vn 0.663206 -0.413635 -0.623750
vn -0.290269 -0.179378 -0.939983
vn -0.648888 0.080660 -0.756596
vn 0.963367 0.217304 0.157175
vn 0.609506 0.613559 -0.502044
vn -0.625160 -0.004086 -0.780486
vn 0.819203 0.570269 0.060831
vn -0.662053 -0.076372 -0.745556
vn -0.985880 0.151434 0.071474
vn 0.534762 0.494461 -0.685228
vn 0.330821 0.270652 -0.904049
vn 0.702843 0.663472 -0.256549
vn 0.583917 0.811415 0.025446
vn 0.183182 0.917336 0.353468
vn -0.220700 0.914998 0.337742
vn -0.929643 0.314588 0.191832
vn 0.995390 -0.073136 -0.062047
vn -0.226095 -0.938403 -0.261305
vn 0.609613 -0.790061 0.064617
vn -0.325711 -0.280706 -0.902838
vn -0.108665 -0.309041 -0.944820
vn -0.445083 -0.858394 -0.255071
vn -0.012024 -0.021400 -0.999699
vn -0.603168 -0.744295 -0.286727
vn 0.413312 0.706316 -0.574710
vn 0.325227 0.656881 -0.680246
vn 0.589588 0.486599 -0.644677
vn 0.920869 0.386283 0.052783
vn 0.640864 0.753377 0.147364
vn 0.654869 0.734089 0.179612
vn 0.966726 0.154872 0.203607
vn 0.641422 0.345112 0.685183
vn 0.652226 -0.528017 0.543875
vn 0.779340 0.623773 0.059469
vn 0.731968 0.665896 0.144241
vn 0.777955 0.065186 0.624930
vn 0.567769 -0.679854 0.464151
vn 0.722455 0.179825 0.667624
vn 0.060726 -0.902175 0.427074
vn 0.750303 0.152238 0.643326
vn 0.790788 0.608572 0.065539
vn 0.659458 0.283486 0.696240
vn -0.427257 -0.814830 0.391795
vn 0.664464 0.643168 -0.380557
vn 0.719803 0.667787 0.189589
vn 0.212408 0.100259 -0.972024
vn -0.610777 -0.726531 -0.314807
vn 0.721247 0.616920 -0.314981
vn 0.360483 -0.127209 -0.924051
vn 0.778149 0.594757 -0.201861
vn 0.643272 0.680395 0.351090
vn 0.524867 0.783151 0.333449
vn -0.209959 0.500103 0.840127
vn 0.271436 0.193920 0.942718
vn -0.747564 -0.647772 0.146765
vn -0.630505 -0.734901 0.249767
vn -0.544021 -0.780170 -0.308829
vn 0.798103 0.295340 -0.525172
vn 0.006154 -0.312422 -0.949924
vn 0.037471 -0.904303 -0.425243
vn 0.674585 0.738084 -0.012882
vn 0.804690 0.356970 -0.474391
vn 0.471975 0.862347 0.183298
vn 0.762429 -0.467106 -0.447789
vn 0.273441 -0.913751 -0.300482
vn 0.702538 0.705337 -0.094552
vn 0.612631 -0.732713 0.296337
vn 0.227641 -0.972860 -0.041503
vn 0.762947 0.644714 -0.047498
vn 0.905280 0.366760 -0.214369
vn 0.884667 -0.447320 -0.131416
vn 0.195384 0.924432 0.327491
vn 0.403763 0.851951 0.333400
vn -0.293716 0.495545 0.817414
vn 0.471598 0.867673 0.157287
vn 0.958489 -0.161294 0.235125
vn -0.414368 -0.619936 0.666317
vn 0.083917 -0.989530 0.117426
vn 0.917010 0.393900 0.062728
vn 0.906771 -0.373656 0.195313
vn 0.475886 0.798402 0.368899
vn 0.863836 -0.137852 0.484546
vn 0.238842 0.807090 0.539963
vn -0.824088 0.317529 0.469100
vn -0.831840 -0.431823 0.348670
vn -0.022338 -0.988504 0.149534
vn 0.893722 0.307401 0.326752
vn 0.799849 -0.507285 0.320787
vn -0.669543 -0.076907 0.738781
vn -0.156912 0.921620 0.354958
vn -0.307222 0.902135 0.302930
vn -0.882550 0.422454 0.206488
vn -0.865077 -0.361283 0.348017
vn -0.269282 -0.952908 0.139479
vn 0.445072 -0.606394 0.658937
vn -0.154819 0.895249 0.417805
vn 0.608690 0.410330 0.679062
vn -0.458948 -0.586827 0.667083
vn -0.116854 0.923195 0.366137
vn -0.944231 0.314080 -0.098904
vn -0.952882 0.261228 -0.154194
vn -0.903894 -0.412651 -0.112675
vn -0.998009 -0.058198 0.024306
vn -0.567231 -0.822681 -0.038012
vn -0.971975 -0.234351 -0.018547
vn -0.449389 -0.866102 -0.218901
vn -0.599661 -0.620415 -0.505462
vn -0.061071 -0.997799 -0.025843
vn -0.015712 -0.960762 -0.276929
vn 0.557049 0.404278 -0.725435
vn 0.053782 -0.984650 -0.166051
vn 0.459888 -0.753791 -0.469363
vn 0.592418 0.749920 -0.294383
vn 0.496551 -0.854458 0.152770
vn 0.141130 -0.987906 -0.064219
vn 0.649338 0.725336 -0.228580
vn 0.768840 0.460603 -0.443543
vn 0.759884 -0.550450 -0.345806
vn 0.451471 0.891758 0.030693
vn 0.962862 -0.268987 0.023292
vn 0.430387 0.879236 0.204234
vn -0.006585 0.600396 0.799676
vn -0.127029 -0.748497 0.650858
vn 0.089998 -0.994335 0.056545
vn 0.843759 0.523228 -0.119595
vn 0.918074 -0.394265 -0.041172
vn 0.473518 0.852372 0.221908
vn 0.678219 -0.268388 0.684096
vn 0.253274 0.885870 0.388698
vn -0.585094 0.426136 0.689980
vn -0.500758 -0.676978 0.539391
vn 0.006962 -0.996141 0.087486
vn 0.746101 -0.643537 0.170859
vn 0.898451 0.409025 0.159641
vn 0.628078 -0.397262 0.669104
vn 0.012131 0.951521 0.307345
vn -0.112221 0.938116 0.327635
vn -0.703813 0.606216 0.370337
vn -0.688343 -0.599533 0.408343
vn -0.162432 -0.980055 0.114488
vn 0.589460 -0.683939 0.429842
vn 0.764795 0.420812 0.487859
vn -0.266618 -0.611783 0.744739
vn 0.051168 0.920359 0.387713
vn -0.898492 0.436975 0.042006
vn -0.986140 0.069151 0.150820
vn -0.859562 -0.509678 0.037170
vn -0.490957 -0.869712 0.050613
vn -0.429926 -0.899379 -0.079250
vn -0.048492 -0.998797 -0.007273
vn 0.535955 -0.843363 -0.038606
vn 0.523895 -0.842259 -0.127020
vn 0.971951 -0.034895 -0.232581
vn 0.908877 -0.054254 -0.413520
vn 0.721729 0.641748 -0.259359
vn 0.823406 0.340737 -0.453763
vn 0.292566 -0.940880 -0.170731
vn 0.322197 -0.940862 -0.104727
vn 0.276768 -0.959815 0.046427
vn 0.321015 -0.944115 0.074809
vn 0.411534 -0.897124 0.160652
vn 0.832248 -0.546467 0.093471
vn 0.992384 -0.068178 0.102593
vn 0.799360 -0.581644 0.150712
vn 0.981792 -0.018903 0.189016
vn 0.946235 0.304793 0.108353
vn 0.953151 0.229660 0.196876
vn 0.693580 0.484679 -0.532948
vn 0.700702 -0.686316 0.194904
vn 0.718241 0.673808 0.173531
vn 0.708474 0.685329 0.168489
vn 0.725805 0.677736 0.117816
vn 0.600118 0.799778 -0.014589
vn 0.531129 0.808933 -0.252051
vn 0.428209 0.872420 -0.235630
vn 0.400204 0.913928 0.067621
vn 0.253794 0.842012 -0.476030
vn 0.418101 0.885621 0.202155
vn 0.428796 0.877118 0.216331
vn 0.530765 0.847378 0.015439
vn 0.402035 0.907929 0.118462
vn 0.388072 0.907587 0.160270
vn 0.605406 0.722209 -0.334512
vn 0.718234 0.683504 -0.130241
vn 0.993534 -0.028850 -0.109810
vn 0.570913 -0.820877 -0.014828
vn 0.537519 -0.843222 -0.007103
vn 0.997815 -0.010703 -0.065190
vn 0.669194 0.742073 -0.038826
vn 0.876529 0.476643 -0.067152
vn 0.709173 -0.702837 -0.055622
vn 0.605027 -0.795863 -0.023326
vn 0.850307 0.523682 -0.052301
vn 0.602824 -0.796996 -0.037429
vn 0.883588 0.465365 -0.052042
vn 0.983233 0.171149 -0.062942
vn 0.996547 0.075385 -0.034800
vn 0.992930 0.068603 -0.096868
vn -1.000000 0.000000 0.000000
vn -1.000000 0.000000 0.000000
vn -1.000000 0.000000 0.000000
vn 1.000000 0.000000 0.000000
vn 1.000000 0.000000 0.000000
vn 1.000000 0.000000 0.000000
s off
g Croco
usemtl blinn1SG
f 6/1/1 22/2/2 20/3/3 4/4/4
f 22/2/5 5/5/6 3/6/7 20/3/8
f 6/1/9 17/7/10 14/8/11 2/9/12
f 18/10/13 5/5/14 1/11/15 13/12/16
f 4/4/17 20/3/18 21/13/19 12/14/20
f 20/3/21 3/6/22 11/15/23 21/13/24
f 11/15/25 3/6/26 5/5/27 18/10/28
f 4/4/29 12/14/30 17/7/31 6/1/32
f 2/9/33 19/16/34 22/2/35 6/1/36
f 9/17/37 15/18/38 25/19/39 24/20/40
f 19/16/41 1/11/42 5/5/43 22/2/44
f 25/19/45 16/21/46 10/22/47 24/20/48
f 17/23/49 16/21/50 8/24/51 14/25/52
f 15/18/53 18/26/54 13/27/55 7/28/56
f 11/29/57 9/17/58 24/20/59 21/30/60
f 24/20/61 10/22/62 12/31/63 21/30/64
f 9/17/65 11/29/66 18/26/67 15/18/68
f 12/31/69 10/22/70 16/21/71 17/23/72
f 15/18/73 7/28/74 23/32/75 25/19/76
f 23/32/77 8/24/78 16/21/79 25/19/80
f 31/33/81 47/34/82 45/35/83 29/36/84
f 47/34/85 30/37/86 28/38/87 45/35/88
f 31/33/89 42/39/90 39/40/91 27/41/92
f 43/42/93 30/37/94 26/43/95 38/44/96
f 29/36/97 45/35/98 46/45/99 37/46/100
f 45/35/101 28/38/102 36/47/103 46/45/104
f 36/47/105 28/38/106 30/37/107 43/42/108
f 29/36/109 37/46/110 42/39/111 31/33/112
f 27/41/113 44/48/114 47/34/115 31/33/116
f 34/49/117 40/50/118 50/51/119 49/52/120
f 44/48/121 26/43/122 30/37/123 47/34/124
f 50/51/125 41/53/126 35/54/127 49/52/128
f 42/55/129 41/53/130 33/56/131 39/57/132
f 40/50/133 43/58/134 38/59/135 32/60/136
f 36/61/137 34/49/138 49/52/139 46/62/140
f 49/52/141 35/54/142 37/63/143 46/62/144
f 34/49/145 36/61/146 43/58/147 40/50/148
f 37/63/149 35/54/150 41/53/151 42/55/152
f 40/50/153 32/60/154 48/64/155 50/51/156
f 48/64/157 33/56/158 41/53/159 50/51/160
f 56/65/161 54/66/162 70/67/163 72/68/164
f 72/68/165 70/67/166 53/69/167 55/70/168
f 56/65/169 52/71/170 64/72/171 67/73/172
f 68/74/173 63/75/174 51/76/175 55/70/176
f 54/66/177 62/77/178 71/78/179 70/67/180
f 70/67/181 71/78/182 61/79/183 53/69/184
f 61/79/185 68/74/186 55/70/187 53/69/188
f 54/66/189 56/65/190 67/73/191 62/77/192
f 52/71/193 56/65/194 72/68/195 69/80/196
f 59/81/197 74/82/198 75/83/199 65/84/200
f 69/80/201 72/68/202 55/70/203 51/76/204
f 75/83/205 74/82/206 60/85/207 66/86/208
f 67/87/209 64/88/210 58/89/211 66/86/212
f 65/84/213 57/90/214 63/91/215 68/92/216
f 61/93/217 71/94/218 74/82/219 59/81/220
f 74/82/221 71/94/222 62/95/223 60/85/224
f 59/81/225 65/84/226 68/92/227 61/93/228
f 62/95/229 67/87/230 66/86/231 60/85/232
f 65/84/233 75/83/234 73/96/235 57/90/236
f 73/96/237 75/83/238 66/86/239 58/89/240
f 81/97/241 97/98/242 95/99/243 79/100/244
f 97/98/245 80/101/246 78/102/247 95/99/248
f 81/97/249 92/103/250 89/104/251 77/105/252
f 93/106/253 80/101/254 76/107/255 88/108/256
f 79/100/257 95/99/258 96/109/259 87/110/260
f 95/99/261 78/102/262 86/111/263 96/109/264
f 86/111/265 78/102/266 80/101/267 93/106/268
f 79/100/269 87/110/270 92/103/271 81/97/272
f 77/105/273 94/112/274 97/98/275 81/97/276
f 84/113/277 90/114/278 100/115/279 99/116/280
f 94/112/281 76/107/282 80/101/283 97/98/284
f 100/115/285 91/117/286 85/118/287 99/116/288
f 92/119/289 91/117/290 83/120/291 89/121/292
f 90/114/293 93/122/294 88/123/295 82/124/296
f 86/125/297 84/113/298 99/116/299 96/126/300
f 99/116/301 85/118/302 87/127/303 96/126/304
f 84/113/305 86/125/306 93/122/307 90/114/308
f 87/127/309 85/118/310 91/117/311 92/119/312
f 90/114/313 82/124/314 98/128/315 100/115/316
f 98/128/317 83/120/318 91/117/319 100/115/320
f 106/129/321 104/130/322 120/131/323 122/132/324
f 122/132/325 120/131/326 103/133/327 105/134/328
f 106/129/329 102/135/330 114/136/331 117/137/332
f 118/138/333 113/139/334 101/140/335 105/134/336
f 104/130/337 112/141/338 121/142/339 120/131/340
f 120/131/341 121/142/342 111/143/343 103/133/344
f 111/143/345 118/138/346 105/134/347 103/133/348
f 104/130/349 106/129/350 117/137/351 112/141/352
f 102/135/353 106/129/354 122/132/355 119/144/356
f 109/145/357 124/146/358 125/147/359 115/148/360
f 119/144/361 122/132/362 105/134/363 101/140/364
f 125/147/365 124/146/366 110/149/367 116/150/368
f 117/151/369 114/152/370 108/153/371 116/150/372
f 115/148/373 107/154/374 113/155/375 118/156/376
f 111/157/377 121/158/378 124/146/379 109/145/380
f 124/146/381 121/158/382 112/159/383 110/149/384
f 109/145/385 115/148/386 118/156/387 111/157/388
f 112/159/389 117/151/390 116/150/391 110/149/392
f 115/148/393 125/147/394 123/160/395 107/154/396
f 123/160/397 125/147/398 116/150/399 108/153/400
f 131/161/401 147/162/402 145/163/403 129/164/404
f 147/162/405 130/165/406 128/166/407 145/163/408
f 131/161/409 142/167/410 139/168/411 127/169/412
f 143/170/413 130/165/414 126/171/415 138/172/416
f 129/164/417 145/163/418 146/173/419 137/174/420
f 145/163/421 128/166/422 136/175/423 146/173/424
f 136/175/425 128/166/426 130/165/427 143/170/428
f 129/164/429 137/174/430 142/167/431 131/161/432
f 127/169/433 144/176/434 147/162/435 131/161/436
f 134/177/437 140/178/438 150/179/439 149/180/440
f 144/176/441 126/171/442 130/165/443 147/162/444
f 150/179/445 141/181/446 135/182/447 149/180/448
f 142/183/449 141/181/450 133/184/451 139/185/452
f 140/178/453 143/186/454 138/187/455 132/188/456
f 136/189/457 134/177/458 149/180/459 146/190/460
f 149/180/461 135/182/462 137/191/463 146/190/464
f 134/177/465 136/189/466 143/186/467 140/178/468
f 137/191/469 135/182/470 141/181/471 142/183/472
f 140/178/473 132/188/474 148/192/475 150/179/476
f 148/192/477 133/184/478 141/181/479 150/179/480
f 156/193/481 154/194/482 170/195/483 172/196/484
f 172/196/485 170/195/486 153/197/487 155/198/488
f 156/193/489 152/199/490 164/200/491 167/201/492
f 168/202/493 163/203/494 151/204/495 155/198/496
f 154/194/497 162/205/498 171/206/499 170/195/500
f 170/195/501 171/206/502 161/207/503 153/197/504
f 161/207/505 168/202/506 155/198/507 153/197/508
f 154/194/509 156/193/510 167/201/511 162/205/512
f 152/199/513 156/193/514 172/196/515 169/208/516
f 159/209/517 174/210/518 175/211/519 165/212/520
f 169/208/521 172/196/522 155/198/523 151/204/524
f 175/211/525 174/210/526 160/213/527 166/214/528
f 167/215/529 164/216/530 158/217/531 166/214/532
f 165/212/533 157/218/534 163/219/535 168/220/536
f 161/221/537 171/222/538 174/210/539 159/209/540
f 174/210/541 171/222/542 162/223/543 160/213/544
f 159/209/545 165/212/546 168/220/547 161/221/548
f 162/223/549 167/215/550 166/214/551 160/213/552
f 165/212/553 175/211/554 173/224/555 157/218/556
f 173/224/557 175/211/558 166/214/559 158/217/560
f 181/225/561 179/226/562 195/227/563 197/228/564
f 197/228/565 195/227/566 178/229/567 180/230/568
f 181/225/569 177/231/570 189/232/571 192/233/572
f 193/234/573 188/235/574 176/236/575 180/230/576
f 179/226/577 187/237/578 196/238/579 195/227/580
f 195/227/581 196/238/582 186/239/583 178/229/584
f 186/239/585 193/234/586 180/230/587 178/229/588
f 179/226/589 181/225/590 192/233/591 187/237/592
f 177/231/593 181/225/594 197/228/595 194/240/596
f 184/241/597 199/242/598 200/243/599 190/244/600
f 194/240/601 197/228/602 180/230/603 176/236/604
f 200/243/605 199/242/606 185/245/607 191/246/608
f 192/247/609 189/248/610 183/249/611 191/246/612
f 190/244/613 182/250/614 188/251/615 193/252/616
f 186/253/617 196/254/618 199/242/619 184/241/620
f 199/242/621 196/254/622 187/255/623 185/245/624
f 184/241/625 190/244/626 193/252/627 186/253/628
f 187/255/629 192/247/630 191/246/631 185/245/632
f 190/244/633 200/243/634 198/256/635 182/250/636
f 198/256/637 200/243/638 191/246/639 183/249/640
f 206/257/641 222/258/642 220/259/643 204/260/644
f 222/258/645 205/261/646 203/262/647 220/259/648
f 206/257/649 217/263/650 214/264/651 202/265/652
f 218/266/653 205/261/654 201/267/655 213/268/656
f 204/260/657 220/259/658 221/269/659 212/270/660
f 220/259/661 203/262/662 211/271/663 221/269/664
f 211/271/665 203/262/666 205/261/667 218/266/668
f 204/260/669 212/270/670 217/263/671 206/257/672
f 202/265/673 219/272/674 222/258/675 206/257/676
f 209/273/677 215/274/678 225/275/679 224/276/680
f 219/272/681 201/267/682 205/261/683 222/258/684
f 225/275/685 216/277/686 210/278/687 224/276/688
f 217/279/689 216/277/690 208/280/691 214/281/692
f 215/274/693 218/282/694 213/283/695 207/284/696
f 211/285/697 209/273/698 224/276/699 221/286/700
f 224/276/701 210/278/702 212/287/703 221/286/704
f 209/273/705 211/285/706 218/282/707 215/274/708
f 212/287/709 210/278/710 216/277/711 217/279/712
f 215/274/713 207/284/714 223/288/715 225/275/716
f 223/288/717 208/280/718 216/277/719 225/275/720
f 247/289/721 230/290/722 228/291/723 245/292/724
f 231/293/725 242/294/726 239/295/727 227/296/728
f 243/297/729 230/290/730 226/298/731 238/299/732
f 229/300/733 245/292/734 246/301/735 237/302/736
f 245/292/737 228/291/738 236/303/739 246/301/740
f 236/303/741 228/291/742 230/290/743 243/297/744
f 229/300/745 237/302/746 242/294/747 231/293/748
f 227/296/749 244/304/750 247/289/751 231/293/752
f 234/305/753 240/306/754 250/307/755 249/308/756
f 244/304/757 226/298/758 230/290/759 247/289/760
f 250/307/761 241/309/762 235/310/763 249/308/764
f 242/311/765 241/309/766 233/312/767 239/313/768
f 240/306/769 243/314/770 238/315/771 232/316/772
f 236/317/773 234/305/774 249/308/775 246/318/776
f 249/308/777 235/310/778 237/319/779 246/318/780
f 234/305/781 236/317/782 243/314/783 240/306/784
f 237/319/785 235/310/786 241/309/787 242/311/788
f 240/306/789 232/316/790 248/320/791 250/307/792
f 248/320/793 233/312/794 241/309/795 250/307/796
f 231/293/797 247/289/798 245/292/799 229/300/800
f 256/321/801 254/322/802 270/323/803 272/324/804
f 272/324/805 270/323/806 253/325/807 255/326/808
f 256/321/809 252/327/810 264/328/811 267/329/812
f 268/330/813 263/331/814 251/332/815 255/326/816
f 254/322/817 262/333/818 271/334/819 270/323/820
f 270/323/821 271/334/822 261/335/823 253/325/824
f 261/335/825 268/330/826 255/326/827 253/325/828
f 254/322/829 256/321/830 267/329/831 262/333/832
f 252/327/833 256/321/834 272/324/835 269/336/836
f 259/337/837 274/338/838 275/339/839 265/340/840
f 269/336/841 272/324/842 255/326/843 251/332/844
f 275/339/845 274/338/846 260/341/847 266/342/848
f 267/343/849 264/344/850 258/345/851 266/342/852
f 265/340/853 257/346/854 263/347/855 268/348/856
f 261/349/857 271/350/858 274/338/859 259/337/860
f 274/338/861 271/350/862 262/351/863 260/341/864
f 259/337/865 265/340/866 268/348/867 261/349/868
f 262/351/869 267/343/870 266/342/871 260/341/872
f 265/340/873 275/339/874 273/352/875 257/346/876
f 273/352/877 275/339/878 266/342/879 258/345/880
f 281/353/881 297/354/882 295/355/883 279/356/884
f 297/354/885 280/357/886 278/358/887 295/355/888
f 281/353/889 292/359/890 289/360/891 277/361/892
f 293/362/893 280/357/894 276/363/895 288/364/896
f 279/356/897 295/355/898 296/365/899 287/366/900
f 295/355/901 278/358/902 286/367/903 296/365/904
f 286/367/905 278/358/906 280/357/907 293/362/908
f 279/356/909 287/366/910 292/359/911 281/353/912
f 277/361/913 294/368/914 297/354/915 281/353/916
f 284/369/917 290/370/918 300/371/919 299/372/920
f 294/368/921 276/363/922 280/357/923 297/354/924
f 300/371/925 291/373/926 285/374/927 299/372/928
f 292/375/929 291/373/930 283/376/931 289/377/932
f 290/370/933 293/378/934 288/379/935 282/380/936
f 286/381/937 284/369/938 299/372/939 296/382/940
f 299/372/941 285/374/942 287/383/943 296/382/944
f 284/369/945 286/381/946 293/378/947 290/370/948
f 287/383/949 285/374/950 291/373/951 292/375/952
f 290/370/953 282/380/954 298/384/955 300/371/956
f 298/384/957 283/376/958 291/373/959 300/371/960
f 306/385/961 322/386/962 320/387/963 304/388/964
f 322/386/965 305/389/966 303/390/967 320/387/968
f 306/385/969 317/391/970 314/392/971 302/393/972
f 318/394/973 305/389/974 301/395/975 313/396/976
f 304/388/977 320/387/978 321/397/979 312/398/980
f 320/387/981 303/390/982 311/399/983 321/397/984
f 311/399/985 303/390/986 305/389/987 318/394/988
f 304/388/989 312/398/990 317/391/991 306/385/992
f 302/393/993 319/400/994 322/386/995 306/385/996
f 309/401/997 315/402/998 325/403/999 324/404/1000
f 319/400/1001 301/395/1002 305/389/1003 322/386/1004
f 325/403/1005 316/405/1006 310/406/1007 324/404/1008
f 317/407/1009 316/405/1010 308/408/1011 314/409/1012
f 315/402/1013 318/410/1014 313/411/1015 307/412/1016
f 311/413/1017 309/401/1018 324/404/1019 321/414/1020
f 324/404/1021 310/406/1022 312/415/1023 321/414/1024
f 309/401/1025 311/413/1026 318/410/1027 315/402/1028
f 312/415/1029 310/406/1030 316/405/1031 317/407/1032
f 315/402/1033 307/412/1034 323/416/1035 325/403/1036
f 323/416/1037 308/408/1038 316/405/1039 325/403/1040
f 331/417/1041 329/418/1042 345/419/1043 347/420/1044
f 347/420/1045 345/419/1046 328/421/1047 330/422/1048
f 331/417/1049 327/423/1050 339/424/1051 342/425/1052
f 343/426/1053 338/427/1054 326/428/1055 330/422/1056
f 329/418/1057 337/429/1058 346/430/1059 345/419/1060
f 345/419/1061 346/430/1062 336/431/1063 328/421/1064
f 336/431/1065 343/426/1066 330/422/1067 328/421/1068
f 329/418/1069 331/417/1070 342/425/1071 337/429/1072
f 327/423/1073 331/417/1074 347/420/1075 344/432/1076
f 334/433/1077 349/434/1078 350/435/1079 340/436/1080
f 344/432/1081 347/420/1082 330/422/1083 326/428/1084
f 350/435/1085 349/434/1086 335/437/1087 341/438/1088
f 342/439/1089 339/440/1090 333/441/1091 341/438/1092
f 340/436/1093 332/442/1094 338/443/1095 343/444/1096
f 336/445/1097 346/446/1098 349/434/1099 334/433/1100
f 349/434/1101 346/446/1102 337/447/1103 335/437/1104
f 334/433/1105 340/436/1106 343/444/1107 336/445/1108
f 337/447/1109 342/439/1110 341/438/1111 335/437/1112
f 340/436/1113 350/435/1114 348/448/1115 332/442/1116
f 348/448/1117 350/435/1118 341/438/1119 333/441/1120
f 356/449/1121 354/450/1122 370/451/1123 372/452/1124
f 372/452/1125 370/451/1126 353/453/1127 355/454/1128
f 356/449/1129 352/455/1130 364/456/1131 367/457/1132
f 368/458/1133 363/459/1134 351/460/1135 355/454/1136
f 354/450/1137 362/461/1138 371/462/1139 370/451/1140
f 370/451/1141 371/462/1142 361/463/1143 353/453/1144
f 361/463/1145 368/458/1146 355/454/1147 353/453/1148
f 354/450/1149 356/449/1150 367/457/1151 362/461/1152
f 352/455/1153 356/449/1154 372/452/1155 369/464/1156
f 359/465/1157 374/466/1158 375/467/1159 365/468/1160
f 369/464/1161 372/452/1162 355/454/1163 351/460/1164
f 375/467/1165 374/466/1166 360/469/1167 366/470/1168
f 367/471/1169 364/472/1170 358/473/1171 366/470/1172
f 365/468/1173 357/474/1174 363/475/1175 368/476/1176
f 361/477/1177 371/478/1178 374/466/1179 359/465/1180
f 374/466/1181 371/478/1182 362/479/1183 360/469/1184
f 359/465/1185 365/468/1186 368/476/1187 361/477/1188
f 362/479/1189 367/471/1190 366/470/1191 360/469/1192
f 365/468/1193 375/467/1194 373/480/1195 357/474/1196
f 373/480/1197 375/467/1198 366/470/1199 358/473/1200
f 381/481/1201 397/482/1202 395/483/1203 379/484/1204
f 397/482/1205 380/485/1206 378/486/1207 395/483/1208
f 381/481/1209 392/487/1210 389/488/1211 377/489/1212
f 393/490/1213 380/485/1214 376/491/1215 388/492/1216
f 379/484/1217 395/483/1218 396/493/1219 387/494/1220
f 395/483/1221 378/486/1222 386/495/1223 396/493/1224
f 386/495/1225 378/486/1226 380/485/1227 393/490/1228
f 379/484/1229 387/494/1230 392/487/1231 381/481/1232
f 377/489/1233 394/496/1234 397/482/1235 381/481/1236
f 384/497/1237 390/498/1238 400/499/1239 399/500/1240
f 394/496/1241 376/491/1242 380/485/1243 397/482/1244
f 400/499/1245 391/501/1246 385/502/1247 399/500/1248
f 392/503/1249 391/501/1250 383/504/1251 389/505/1252
f 390/498/1253 393/506/1254 388/507/1255 382/508/1256
f 386/509/1257 384/497/1258 399/500/1259 396/510/1260
f 399/500/1261 385/502/1262 387/511/1263 396/510/1264
f 384/497/1265 386/509/1266 393/506/1267 390/498/1268
f 387/511/1269 385/502/1270 391/501/1271 392/503/1272
f 390/498/1273 382/508/1274 398/512/1275 400/499/1276
f 398/512/1277 383/504/1278 391/501/1279 400/499/1280
f 406/513/1281 422/514/1282 420/515/1283 404/516/1284
f 422/514/1285 405/517/1286 403/518/1287 420/515/1288
f 406/513/1289 417/519/1290 414/520/1291 402/521/1292
f 418/522/1293 405/517/1294 401/523/1295 413/524/1296
f 404/516/1297 420/515/1298 421/525/1299 412/526/1300
f 420/515/1301 403/518/1302 411/527/1303 421/525/1304
f 411/527/1305 403/518/1306 405/517/1307 418/522/1308
f 404/516/1309 412/526/1310 417/519/1311 406/513/1312
f 402/521/1313 419/528/1314 422/514/1315 406/513/1316
f 409/529/1317 415/530/1318 425/531/1319 424/532/1320
f 419/528/1321 401/523/1322 405/517/1323 422/514/1324
f 425/531/1325 416/533/1326 410/534/1327 424/532/1328
f 417/535/1329 416/533/1330 408/536/1331 414/537/1332
f 415/530/1333 418/538/1334 413/539/1335 407/540/1336
f 411/541/1337 409/529/1338 424/532/1339 421/542/1340
f 424/532/1341 410/534/1342 412/543/1343 421/542/1344
f 409/529/1345 411/541/1346 418/538/1347 415/530/1348
f 412/543/1349 410/534/1350 416/533/1351 417/535/1352
f 415/530/1353 407/540/1354 423/544/1355 425/531/1356
f 423/544/1357 408/536/1358 416/533/1359 425/531/1360
f 431/545/1361 429/546/1362 445/547/1363 447/548/1364
f 447/548/1365 445/547/1366 428/549/1367 430/550/1368
f 431/545/1369 427/551/1370 439/552/1371 442/553/1372
f 443/554/1373 438/555/1374 426/556/1375 430/550/1376
f 429/546/1377 437/557/1378 446/558/1379 445/547/1380
f 445/547/1381 446/558/1382 436/559/1383 428/549/1384
f 436/559/1385 443/554/1386 430/550/1387 428/549/1388
f 429/546/1389 431/545/1390 442/553/1391 437/557/1392
f 427/551/1393 431/545/1394 447/548/1395 444/560/1396
f 434/561/1397 449/562/1398 450/563/1399 440/564/1400
f 444/560/1401 447/548/1402 430/550/1403 426/556/1404
f 450/563/1405 449/562/1406 435/565/1407 441/566/1408
f 442/567/1409 439/568/1410 433/569/1411 441/566/1412
f 440/564/1413 432/570/1414 438/571/1415 443/572/1416
f 436/573/1417 446/574/1418 449/562/1419 434/561/1420
f 449/562/1421 446/574/1422 437/575/1423 435/565/1424
f 434/561/1425 440/564/1426 443/572/1427 436/573/1428
f 437/575/1429 442/567/1430 441/566/1431 435/565/1432
f 440/564/1433 450/563/1434 448/576/1435 432/570/1436
f 448/576/1437 450/563/1438 441/566/1439 433/569/1440
f 456/577/1441 454/578/1442 470/579/1443 472/580/1444
f 472/580/1445 470/579/1446 453/581/1447 455/582/1448
f 456/577/1449 452/583/1450 464/584/1451 467/585/1452
f 468/586/1453 463/587/1454 451/588/1455 455/582/1456
f 454/578/1457 462/589/1458 471/590/1459 470/579/1460
f 470/579/1461 471/590/1462 461/591/1463 453/581/1464
f 461/591/1465 468/586/1466 455/582/1467 453/581/1468
f 454/578/1469 456/577/1470 467/585/1471 462/589/1472
f 452/583/1473 456/577/1474 472/580/1475 469/592/1476
f 459/593/1477 474/594/1478 475/595/1479 465/596/1480
f 469/592/1481 472/580/1482 455/582/1483 451/588/1484
f 475/595/1485 474/594/1486 460/597/1487 466/598/1488
f 467/599/1489 464/600/1490 458/601/1491 466/598/1492
f 465/596/1493 457/602/1494 463/603/1495 468/604/1496
f 461/605/1497 471/606/1498 474/594/1499 459/593/1500
f 474/594/1501 471/606/1502 462/607/1503 460/597/1504
f 459/593/1505 465/596/1506 468/604/1507 461/605/1508
f 462/607/1509 467/599/1510 466/598/1511 460/597/1512
f 465/596/1513 475/595/1514 473/608/1515 457/602/1516
f 473/608/1517 475/595/1518 466/598/1519 458/601/1520
f 481/609/1521 497/610/1522 495/611/1523 479/612/1524
f 497/610/1525 480/613/1526 478/614/1527 495/611/1528
f 481/609/1529 492/615/1530 489/616/1531 477/617/1532
f 493/618/1533 480/613/1534 476/619/1535 488/620/1536
f 479/612/1537 495/611/1538 496/621/1539 487/622/1540
f 495/611/1541 478/614/1542 486/623/1543 496/621/1544
f 486/623/1545 478/614/1546 480/613/1547 493/618/1548
f 479/612/1549 487/622/1550 492/615/1551 481/609/1552
f 477/617/1553 494/624/1554 497/610/1555 481/609/1556
f 484/625/1557 490/626/1558 500/627/1559 499/628/1560
f 494/624/1561 476/619/1562 480/613/1563 497/610/1564
f 500/627/1565 491/629/1566 485/630/1567 499/628/1568
f 492/631/1569 491/629/1570 483/632/1571 489/633/1572
f 490/626/1573 493/634/1574 488/635/1575 482/636/1576
f 486/637/1577 484/625/1578 499/628/1579 496/638/1580
f 499/628/1581 485/630/1582 487/639/1583 496/638/1584
f 484/625/1585 486/637/1586 493/634/1587 490/626/1588
f 487/639/1589 485/630/1590 491/629/1591 492/631/1592
f 490/626/1593 482/636/1594 498/640/1595 500/627/1596
f 498/640/1597 483/632/1598 491/629/1599 500/627/1600
f 506/641/1601 504/642/1602 520/643/1603 522/644/1604
f 522/644/1605 520/643/1606 503/645/1607 505/646/1608
f 506/641/1609 502/647/1610 514/648/1611 517/649/1612
f 518/650/1613 513/651/1614 501/652/1615 505/646/1616
f 504/642/1617 512/653/1618 521/654/1619 520/643/1620
f 520/643/1621 521/654/1622 511/655/1623 503/645/1624
f 511/655/1625 518/650/1626 505/646/1627 503/645/1628
f 504/642/1629 506/641/1630 517/649/1631 512/653/1632
f 502/647/1633 506/641/1634 522/644/1635 519/656/1636
f 509/657/1637 524/658/1638 525/659/1639 515/660/1640
f 519/656/1641 522/644/1642 505/646/1643 501/652/1644
f 525/659/1645 524/658/1646 510/661/1647 516/662/1648
f 517/663/1649 514/664/1650 508/665/1651 516/662/1652
f 515/660/1653 507/666/1654 513/667/1655 518/668/1656
f 511/669/1657 521/670/1658 524/658/1659 509/657/1660
f 524/658/1661 521/670/1662 512/671/1663 510/661/1664
f 509/657/1665 515/660/1666 518/668/1667 511/669/1668
f 512/671/1669 517/663/1670 516/662/1671 510/661/1672
f 515/660/1673 525/659/1674 523/672/1675 507/666/1676
f 523/672/1677 525/659/1678 516/662/1679 508/665/1680
f 531/673/1681 529/674/1682 545/675/1683 547/676/1684
f 547/676/1685 545/675/1686 528/677/1687 530/678/1688
f 531/673/1689 527/679/1690 539/680/1691 542/681/1692
f 543/682/1693 538/683/1694 526/684/1695 530/678/1696
f 529/674/1697 537/685/1698 546/686/1699 545/675/1700
f 545/675/1701 546/686/1702 536/687/1703 528/677/1704
f 536/687/1705 543/682/1706 530/678/1707 528/677/1708
f 529/674/1709 531/673/1710 542/681/1711 537/685/1712
f 527/679/1713 531/673/1714 547/676/1715 544/688/1716
f 534/689/1717 549/690/1718 550/691/1719 540/692/1720
f 544/688/1721 547/676/1722 530/678/1723 526/684/1724
f 550/691/1725 549/690/1726 535/693/1727 541/694/1728
f 542/695/1729 539/696/1730 533/697/1731 541/694/1732
f 540/692/1733 532/698/1734 538/699/1735 543/700/1736
f 536/701/1737 546/702/1738 549/690/1739 534/689/1740
f 549/690/1741 546/702/1742 537/703/1743 535/693/1744
f 534/689/1745 540/692/1746 543/700/1747 536/701/1748
f 537/703/1749 542/695/1750 541/694/1751 535/693/1752
f 540/692/1753 550/691/1754 548/704/1755 532/698/1756
f 548/704/1757 550/691/1758 541/694/1759 533/697/1760
f 556/705/1761 554/706/1762 570/707/1763 572/708/1764
f 572/708/1765 570/707/1766 553/709/1767 555/710/1768
f 556/705/1769 552/711/1770 564/712/1771 567/713/1772
f 568/714/1773 563/715/1774 551/716/1775 555/710/1776
f 554/706/1777 562/717/1778 571/718/1779 570/707/1780
f 570/707/1781 571/718/1782 561/719/1783 553/709/1784
f 561/719/1785 568/714/1786 555/710/1787 553/709/1788
f 554/706/1789 556/705/1790 567/713/1791 562/717/1792
f 552/711/1793 556/705/1794 572/708/1795 569/720/1796
f 559/721/1797 574/722/1798 575/723/1799 565/724/1800
f 569/720/1801 572/708/1802 555/710/1803 551/716/1804
f 575/723/1805 574/722/1806 560/725/1807 566/726/1808
f 567/727/1809 564/728/1810 558/729/1811 566/726/1812
f 565/724/1813 557/730/1814 563/731/1815 568/732/1816
f 561/733/1817 571/734/1818 574/722/1819 559/721/1820
f 574/722/1821 571/734/1822 562/735/1823 560/725/1824
f 559/721/1825 565/724/1826 568/732/1827 561/733/1828
f 562/735/1829 567/727/1830 566/726/1831 560/725/1832
f 565/724/1833 575/723/1834 573/736/1835 557/730/1836
f 573/736/1837 575/723/1838 566/726/1839 558/729/1840
f 597/737/1841 595/738/1842 578/739/1843 580/740/1844
f 581/741/1845 577/742/1846 589/743/1847 592/744/1848
f 593/745/1849 588/746/1850 576/747/1851 580/740/1852
f 579/748/1853 587/749/1854 596/750/1855 595/738/1856
f 595/738/1857 596/750/1858 586/751/1859 578/739/1860
f 586/751/1861 593/745/1862 580/740/1863 578/739/1864
f 579/748/1865 581/741/1866 592/744/1867 587/749/1868
f 577/742/1869 581/741/1870 597/737/1871 594/752/1872
f 584/753/1873 599/754/1874 600/755/1875 590/756/1876
f 594/752/1877 597/737/1878 580/740/1879 576/747/1880
f 600/755/1881 599/754/1882 585/757/1883 591/758/1884
f 592/759/1885 589/760/1886 583/761/1887 591/758/1888
f 590/756/1889 582/762/1890 588/763/1891 593/764/1892
f 586/765/1893 596/766/1894 599/754/1895 584/753/1896
f 599/754/1897 596/766/1898 587/767/1899 585/757/1900
f 584/753/1901 590/756/1902 593/764/1903 586/765/1904
f 587/767/1905 592/759/1906 591/758/1907 585/757/1908
f 590/756/1909 600/755/1910 598/768/1911 582/762/1912
f 598/768/1913 600/755/1914 591/758/1915 583/761/1916
f 581/741/1917 579/748/1918 595/738/1919 597/737/1920
f 606/769/1921 622/770/1922 620/771/1923 604/772/1924
f 622/770/1925 605/773/1926 603/774/1927 620/771/1928
f 606/769/1929 617/775/1930 614/776/1931 602/777/1932
f 618/778/1933 605/773/1934 601/779/1935 613/780/1936
f 604/772/1937 620/771/1938 621/781/1939 612/782/1940
f 620/771/1941 603/774/1942 611/783/1943 621/781/1944
f 611/783/1945 603/774/1946 605/773/1947 618/778/1948
f 604/772/1949 612/782/1950 617/775/1951 606/769/1952
f 602/777/1953 619/784/1954 622/770/1955 606/769/1956
f 609/785/1957 615/786/1958 625/787/1959 624/788/1960
f 619/784/1961 601/779/1962 605/773/1963 622/770/1964
f 625/787/1965 616/789/1966 610/790/1967 624/788/1968
f 617/791/1969 616/789/1970 608/792/1971 614/793/1972
f 615/786/1973 618/794/1974 613/795/1975 607/796/1976
f 611/797/1977 609/785/1978 624/788/1979 621/798/1980
f 624/788/1981 610/790/1982 612/799/1983 621/798/1984
f 609/785/1985 611/797/1986 618/794/1987 615/786/1988
f 612/799/1989 610/790/1990 616/789/1991 617/791/1992
f 615/786/1993 607/796/1994 623/800/1995 625/787/1996
f 623/800/1997 608/792/1998 616/789/1999 625/787/2000
f 631/801/2001 629/802/2002 645/803/2003 647/804/2004
f 647/804/2005 645/803/2006 628/805/2007 630/806/2008
f 631/801/2009 627/807/2010 639/808/2011 642/809/2012
f 643/810/2013 638/811/2014 626/812/2015 630/806/2016
f 629/802/2017 637/813/2018 646/814/2019 645/803/2020
f 645/803/2021 646/814/2022 636/815/2023 628/805/2024
f 636/815/2025 643/810/2026 630/806/2027 628/805/2028
f 629/802/2029 631/801/2030 642/809/2031 637/813/2032
f 627/807/2033 631/801/2034 647/804/2035 644/816/2036
f 634/817/2037 649/818/2038 650/819/2039 640/820/2040
f 644/816/2041 647/804/2042 630/806/2043 626/812/2044
f 650/819/2045 649/818/2046 635/821/2047 641/822/2048
f 642/823/2049 639/824/2050 633/825/2051 641/822/2052
f 640/820/2053 632/826/2054 638/827/2055 643/828/2056
f 636/829/2057 646/830/2058 649/818/2059 634/817/2060
f 649/818/2061 646/830/2062 637/831/2063 635/821/2064
f 634/817/2065 640/820/2066 643/828/2067 636/829/2068
f 637/831/2069 642/823/2070 641/822/2071 635/821/2072
f 640/820/2073 650/819/2074 648/832/2075 632/826/2076
f 648/832/2077 650/819/2078 641/822/2079 633/825/2080
f 656/833/2081 672/834/2082 670/835/2083 654/836/2084
f 672/834/2085 655/837/2086 653/838/2087 670/835/2088
f 656/833/2089 667/839/2090 664/840/2091 652/841/2092
f 668/842/2093 655/837/2094 651/843/2095 663/844/2096
f 654/836/2097 670/835/2098 671/845/2099 662/846/2100
f 670/835/2101 653/838/2102 661/847/2103 671/845/2104
f 661/847/2105 653/838/2106 655/837/2107 668/842/2108
f 654/836/2109 662/846/2110 667/839/2111 656/833/2112
f 652/841/2113 669/848/2114 672/834/2115 656/833/2116
f 659/849/2117 665/850/2118 675/851/2119 674/852/2120
f 669/848/2121 651/843/2122 655/837/2123 672/834/2124
f 675/851/2125 666/853/2126 660/854/2127 674/852/2128
f 667/855/2129 666/853/2130 658/856/2131 664/857/2132
f 665/850/2133 668/858/2134 663/859/2135 657/860/2136
f 661/861/2137 659/849/2138 674/852/2139 671/862/2140
f 674/852/2141 660/854/2142 662/863/2143 671/862/2144
f 659/849/2145 661/861/2146 668/858/2147 665/850/2148
f 662/863/2149 660/854/2150 666/853/2151 667/855/2152
f 665/850/2153 657/860/2154 673/864/2155 675/851/2156
f 673/864/2157 658/856/2158 666/853/2159 675/851/2160
f 681/865/2161 697/866/2162 695/867/2163 679/868/2164
f 697/866/2165 680/869/2166 678/870/2167 695/867/2168
f 681/865/2169 692/871/2170 689/872/2171 677/873/2172
f 693/874/2173 680/869/2174 676/875/2175 688/876/2176
f 679/868/2177 695/867/2178 696/877/2179 687/878/2180
f 695/867/2181 678/870/2182 686/879/2183 696/877/2184
f 686/879/2185 678/870/2186 680/869/2187 693/874/2188
f 679/868/2189 687/878/2190 692/871/2191 681/865/2192
f 677/873/2193 694/880/2194 697/866/2195 681/865/2196
f 684/881/2197 690/882/2198 700/883/2199 699/884/2200
f 694/880/2201 676/875/2202 680/869/2203 697/866/2204
f 700/883/2205 691/885/2206 685/886/2207 699/884/2208
f 692/887/2209 691/885/2210 683/888/2211 689/889/2212
f 690/882/2213 693/890/2214 688/891/2215 682/892/2216
f 686/893/2217 684/881/2218 699/884/2219 696/894/2220
f 699/884/2221 685/886/2222 687/895/2223 696/894/2224
f 684/881/2225 686/893/2226 693/890/2227 690/882/2228
f 687/895/2229 685/886/2230 691/885/2231 692/887/2232
f 690/882/2233 682/892/2234 698/896/2235 700/883/2236
f 698/896/2237 683/888/2238 691/885/2239 700/883/2240
s 1
f 704/897/2241 703/898/2242 717/899/2243 718/900/2244
f 713/901/2245 712/902/2246 719/903/2247 720/904/2248
f 702/905/2249 708/906/2250 722/907/2251 721/908/2252
f 707/909/2253 706/910/2254 723/911/2255 724/912/2256
f 705/913/2257 704/897/2241 718/900/2244 725/914/2258
f 706/910/2254 705/913/2257 725/914/2258 723/911/2255
f 716/915/2259 702/905/2249 721/908/2252 726/916/2260
f 703/898/2242 701/917/2261 727/918/2262 717/899/2243
f 701/917/2261 716/915/2259 726/916/2260 727/918/2262
f 709/919/2263 707/909/2253 724/912/2256 728/920/2264
f 711/921/2265 709/919/2263 728/920/2264 729/922/2266
f 712/902/2246 711/921/2265 729/922/2266 719/903/2247
f 708/906/2250 710/923/2267 730/924/2268 722/907/2251
f 714/925/2269 713/901/2245 720/904/2248 731/926/2270
f 710/923/2267 715/927/2271 732/928/2272 730/924/2268
f 715/927/2271 714/925/2269 731/926/2270 732/928/2272
f 780/929/2273 765/930/2274 733/931/2275 734/932/2276
f 771/933/2277 772/934/2278 735/935/2279 736/936/2280
f 768/937/2281 769/938/2282 737/939/2283 738/940/2284
f 775/941/2285 776/942/2286 740/943/2287 739/944/2288
f 774/945/2289 775/941/2285 739/944/2288 741/946/2290
f 773/947/2291 774/945/2289 741/946/2290 742/948/2292
f 772/934/2278 773/947/2291 742/948/2292 735/935/2279
f 770/949/2293 771/933/2277 736/936/2280 743/950/2294
f 769/938/2282 770/949/2293 743/950/2294 737/939/2283
f 767/951/2295 768/937/2281 738/940/2284 744/952/2296
f 766/953/2297 767/951/2295 744/952/2296 745/954/2298
f 765/930/2274 766/953/2297 745/954/2298 733/931/2275
f 779/955/2299 780/929/2273 734/932/2276 746/956/2300
f 778/957/2301 779/955/2299 746/956/2300 747/958/2302
f 776/942/2286 777/959/2303 748/960/2304 740/943/2287
f 777/959/2303 778/957/2301 747/958/2302 748/960/2304
f 744/952/2296 738/940/2284 749/961/2305 750/962/2306
f 739/944/2288 740/943/2287 752/963/2307 751/964/2308
f 743/950/2294 736/936/2280 753/965/2309 754/966/2310
f 734/932/2276 733/931/2275 755/967/2311 756/968/2312
f 745/954/2298 744/952/2296 750/962/2306 757/969/2313
f 733/931/2275 745/954/2298 757/969/2313 755/967/2311
f 746/956/2300 734/932/2276 756/968/2312 758/970/2314
f 747/958/2302 746/956/2300 758/970/2314 759/971/2315
f 740/943/2287 748/960/2304 760/972/2316 752/963/2307
f 748/960/2304 747/958/2302 759/971/2315 760/972/2316
f 736/936/2280 735/935/2279 761/973/2317 753/965/2309
f 741/946/2290 739/944/2288 751/964/2308 762/974/2318
f 742/948/2292 741/946/2290 762/974/2318 763/975/2319
f 735/935/2279 742/948/2292 763/975/2319 761/973/2317
f 738/940/2284 737/939/2283 764/976/2320 749/961/2305
f 737/939/2283 743/950/2294 754/966/2310 764/976/2320
f 729/922/2266 728/920/2264 766/953/2297 765/930/2274
f 728/920/2264 724/912/2256 767/951/2295 766/953/2297
f 724/912/2256 723/911/2255 768/937/2281 767/951/2295
f 723/911/2255 725/914/2258 769/938/2282 768/937/2281
f 725/914/2258 718/900/2244 770/949/2293 769/938/2282
f 718/900/2244 717/899/2243 771/933/2277 770/949/2293
f 717/899/2243 727/918/2262 772/934/2278 771/933/2277
f 727/918/2262 726/916/2260 773/947/2291 772/934/2278
f 726/916/2260 721/908/2252 774/945/2289 773/947/2291
f 721/908/2252 722/907/2251 775/941/2285 774/945/2289
f 722/907/2251 730/924/2268 776/942/2286 775/941/2285
f 730/924/2268 732/928/2272 777/959/2303 776/942/2286
f 732/928/2272 731/926/2270 778/957/2301 777/959/2303
f 731/926/2270 720/904/2248 779/955/2299 778/957/2301
f 720/904/2248 719/903/2247 780/929/2273 779/955/2299
f 719/903/2247 729/922/2266 765/930/2274 780/929/2273
f 784/977/2321 781/978/2322 782/979/2323 783/980/2324
f 783/980/2324 785/981/2325 786/982/2326 784/977/2321
f 785/981/2325 787/983/2327 788/984/2328 786/982/2326
f 788/984/2328 787/983/2327 789/985/2329 790/986/2330
f 792/987/2331 790/986/2330 789/985/2329 791/988/2332
f 794/989/2333 792/987/2331 791/988/2332 793/990/2334
f 782/979/2323 781/978/2322 795/991/2335 796/992/2336
f 794/989/2333 793/990/2334 797/993/2337 798/994/2338
f 800/995/2339 796/992/2336 795/991/2335 799/996/2340
f 802/997/2341 798/994/2338 797/993/2337 801/998/2342
f 800/995/2339 799/996/2340 803/999/2343 804/1000/2344
f 802/997/2341 801/998/2342 805/1001/2345 806/1002/2346
f 804/1000/2344 803/999/2343 807/1003/2347 808/1004/2348
f 808/1004/2348 807/1003/2347 883/1005/2349 884/1006/2350
f 810/1007/2351 809/1008/2352 811/1009/2353 812/1010/2354
f 806/1002/2346 805/1001/2345 813/1011/2355 814/1012/2356
f 814/1012/2356 813/1011/2355 885/1013/2357 886/1014/2358
f 816/1015/2359 815/1016/2360 817/1017/2361 818/1018/2362
f 812/1010/2354 811/1009/2353 819/1019/2363 820/1020/2364
f 818/1018/2362 817/1017/2361 821/1021/2365 822/1022/2366
f 820/1020/2364 819/1019/2363 823/1023/2367 824/1024/2368
f 822/1022/2366 821/1021/2365 825/1025/2369 826/1026/2370
f 828/1027/2371 826/1026/2370 825/1025/2369 827/1028/2372
f 830/1029/2373 824/1024/2368 823/1023/2367 829/1030/2374
f 830/1029/2373 829/1030/2374 831/1031/2375 832/1032/2376
f 828/1027/2371 827/1028/2372 833/1033/2377 834/1034/2378
f 832/1032/2376 831/1031/2375 835/1035/2379 836/1036/2380
f 834/1034/2378 833/1033/2377 837/1037/2381 838/1038/2382
f 836/1036/2380 835/1035/2379 839/1039/2383 840/1040/2384
f 838/1038/2382 837/1037/2381 841/1041/2385 842/1042/2386
f 840/1040/2384 839/1039/2383 843/1043/2387 844/1044/2388
f 842/1042/2386 841/1041/2385 845/1045/2389 846/1046/2390
f 844/1044/2388 843/1043/2387 847/1047/2391 848/1048/2392
f 846/1046/2390 845/1045/2389 849/1049/2393 850/1050/2394
f 848/1048/2392 847/1047/2391 851/1051/2395 852/1052/2396
f 850/1050/2394 849/1049/2393 853/1053/2397 854/1054/2398
f 852/1052/2396 851/1051/2395 855/1055/2399 856/1056/2400
f 854/1054/2398 853/1053/2397 857/1057/2401 858/1058/2402
f 856/1056/2400 855/1055/2399 859/1059/2403 860/1060/2404
f 858/1058/2402 857/1057/2401 861/1061/2405 862/1062/2406
f 860/1060/2404 859/1059/2403 863/1063/2407 864/1064/2408
f 862/1062/2406 861/1061/2405 865/1065/2409 866/1066/2410
f 864/1064/2408 863/1063/2407 867/1067/2411 868/1068/2412
f 866/1066/2410 865/1065/2409 869/1069/2413 870/1070/2414
f 868/1068/2412 867/1067/2411 871/1071/2415 872/1072/2416
f 870/1070/2414 869/1069/2413 873/1073/2417 874/1074/2418
f 872/1072/2416 871/1071/2415 875/1075/2419 876/1076/2420
f 874/1074/2418 873/1073/2417 877/1077/2421 878/1078/2422
f 876/1076/2420 875/1075/2419 879/1079/2423 880/1080/2424
f 878/1078/2422 877/1077/2421 881/1081/2425 882/1082/2426
f 880/1080/2424 879/1079/2423 1239/1083/2427 1240/1084/2428
f 882/1082/2426 881/1081/2425 1241/1085/2429 1242/1086/2430
f 884/1006/2350 883/1005/2349 809/1008/2352 810/1007/2351
f 886/1014/2358 885/1013/2357 815/1016/2360 816/1015/2359
f 795/991/2335 781/978/2322 887/1087/2431 888/1088/2432
f 888/1088/2432 887/1087/2431 794/989/2333 798/994/2338
f 781/978/2322 784/977/2321 889/1089/2433 887/1087/2431
f 887/1087/2431 889/1089/2433 792/987/2331 794/989/2333
f 799/996/2340 795/991/2335 888/1088/2432 890/1090/2434
f 798/994/2338 802/997/2341 890/1090/2434 888/1088/2432
f 803/999/2343 799/996/2340 890/1090/2434 891/1091/2435
f 891/1091/2435 890/1090/2434 802/997/2341 806/1002/2346
f 807/1003/2347 803/999/2343 891/1091/2435 892/1092/2436
f 892/1092/2436 891/1091/2435 806/1002/2346 814/1012/2356
f 883/1005/2349 807/1003/2347 892/1092/2436 893/1093/2437
f 893/1093/2437 892/1092/2436 814/1012/2356 886/1014/2358
f 886/1014/2358 816/1015/2359 894/1094/2438 893/1093/2437
f 893/1093/2437 894/1094/2438 809/1008/2352 883/1005/2349
f 811/1009/2353 809/1008/2352 894/1094/2438 895/1095/2439
f 816/1015/2359 818/1018/2362 895/1095/2439 894/1094/2438
f 819/1019/2363 811/1009/2353 895/1095/2439 896/1096/2440
f 896/1096/2440 895/1095/2439 818/1018/2362 822/1022/2366
f 823/1023/2367 819/1019/2363 896/1096/2440 897/1097/2441
f 822/1022/2366 826/1026/2370 897/1097/2441 896/1096/2440
f 835/1035/2379 831/1031/2375 899/1098/2442 900/1099/2443
f 831/1031/2375 829/1030/2374 898/1100/2444 899/1098/2442
f 899/1098/2442 898/1100/2444 828/1027/2371 834/1034/2378
f 900/1099/2443 899/1098/2442 834/1034/2378 838/1038/2382
f 826/1026/2370 828/1027/2371 898/1100/2444 897/1097/2441
f 829/1030/2374 823/1023/2367 897/1097/2441 898/1100/2444
f 1239/1083/2427 879/1079/2423 911/1101/2445 1243/1102/2446
f 901/1103/2447 902/1104/2448 843/1043/2387 839/1039/2383
f 847/1047/2391 843/1043/2387 902/1104/2448 903/1105/2449
f 903/1105/2449 904/1106/2450 851/1051/2395 847/1047/2391
f 855/1055/2399 851/1051/2395 904/1106/2450 905/1107/2451
f 905/1107/2451 906/1108/2452 859/1059/2403 855/1055/2399
f 863/1063/2407 859/1059/2403 906/1108/2452 907/1109/2453
f 907/1109/2453 908/1110/2454 867/1067/2411 863/1063/2407
f 871/1071/2415 867/1067/2411 908/1110/2454 909/1111/2455
f 875/1075/2419 871/1071/2415 909/1111/2455 910/1112/2456
f 910/1112/2456 911/1101/2445 879/1079/2423 875/1075/2419
f 842/1042/2386 846/1046/2390 902/1104/2448 901/1103/2447
f 903/1105/2449 902/1104/2448 846/1046/2390 850/1050/2394
f 850/1050/2394 854/1054/2398 904/1106/2450 903/1105/2449
f 905/1107/2451 904/1106/2450 854/1054/2398 858/1058/2402
f 858/1058/2402 862/1062/2406 906/1108/2452 905/1107/2451
f 907/1109/2453 906/1108/2452 862/1062/2406 866/1066/2410
f 866/1066/2410 870/1070/2414 908/1110/2454 907/1109/2453
f 909/1111/2455 908/1110/2454 870/1070/2414 874/1074/2418
f 910/1112/2456 909/1111/2455 874/1074/2418 878/1078/2422
f 878/1078/2422 882/1082/2426 911/1101/2445 910/1112/2456
f 1243/1102/2446 911/1101/2445 882/1082/2426 1242/1086/2430
f 839/1039/2383 835/1035/2379 900/1099/2443 901/1103/2447
f 901/1103/2447 900/1099/2443 838/1038/2382 842/1042/2386
f 784/977/2321 786/982/2326 788/984/2328 889/1089/2433
f 790/986/2330 792/987/2331 889/1089/2433 788/984/2328
f 1060/1113/2457 1061/1114/2458 912/1115/2459 913/1116/2460
f 913/1116/2460 914/1117/2461 915/1118/2462 1060/1113/2457
f 1065/1119/2463 915/1118/2462 914/1117/2461 916/1120/2464
f 1059/1121/2465 1063/1122/2466 917/1123/2467 918/1124/2468
f 918/1124/2468 919/1125/2469 920/1126/2470 1059/1121/2465
f 1061/1114/2458 1062/1127/2471 923/1128/2472 912/1115/2459
f 1065/1119/2463 916/1120/2464 922/1129/2473 1064/1130/2474
f 1064/1130/2474 922/1129/2473 917/1123/2467 1063/1122/2466
f 923/1128/2472 1062/1127/2471 921/1131/2475 1056/1132/2476
f 922/1129/2473 916/1120/2464 872/1072/2416 876/1076/2420
f 919/1125/2469 918/1124/2468 1244/1133/2477 1245/1134/2478
f 1246/1135/2479 1244/1133/2477 918/1124/2468 917/1123/2467
f 880/1080/2424 1240/1084/2428 1246/1135/2479 917/1123/2467
f 876/1076/2420 880/1080/2424 917/1123/2467 922/1129/2473
f 916/1120/2464 914/1117/2461 868/1068/2412 872/1072/2416
f 763/975/2319 762/974/2318 1247/1136/2480 1248/1137/2481
f 751/964/2308 1249/1138/2482 1247/1136/2480 762/974/2318
f 1251/1139/2483 1250/1140/2484 753/965/2309 761/973/2317
f 1248/1137/2481 1251/1139/2483 761/973/2317 763/975/2319
f 1249/1138/2482 751/964/2308 752/963/2307 1252/1141/2485
f 1252/1141/2485 752/963/2307 924/1142/2486 1253/1143/2487
f 925/1144/2488 924/1142/2486 752/963/2307 760/972/2316
f 760/972/2316 759/971/2315 926/1145/2489 925/1144/2488
f 759/971/2315 758/970/2314 927/1146/2490 926/1145/2489
f 758/970/2314 756/968/2312 928/1147/2491 927/1146/2490
f 756/968/2312 755/967/2311 929/1148/2492 928/1147/2491
f 755/967/2311 757/969/2313 930/1149/2493 929/1148/2492
f 924/1142/2486 931/1150/2494 1254/1151/2495 1253/1143/2487
f 925/1144/2488 932/1152/2496 931/1150/2494 924/1142/2486
f 925/1144/2488 926/1145/2489 933/1153/2497 932/1152/2496
f 934/1154/2498 933/1153/2497 926/1145/2489 927/1146/2490
f 935/1155/2499 934/1154/2498 927/1146/2490 928/1147/2491
f 754/966/2310 753/965/2309 936/1156/2500 937/1157/2501
f 1255/1158/2502 936/1156/2500 753/965/2309 1250/1140/2484
f 937/1157/2501 938/1159/2503 764/976/2320 754/966/2310
f 940/1160/2504 939/1161/2505 783/980/2324 782/979/2323
f 929/1148/2492 930/1149/2493 796/992/2336 800/995/2339
f 757/969/2313 750/962/2306 940/1160/2504 930/1149/2493
f 782/979/2323 796/992/2336 930/1149/2493 940/1160/2504
f 928/1147/2491 929/1148/2492 800/995/2339 935/1155/2499
f 935/1155/2499 800/995/2339 804/1000/2344 941/1162/2506
f 941/1162/2506 942/1163/2507 934/1154/2498 935/1155/2499
f 942/1163/2507 941/1162/2506 804/1000/2344 808/1004/2348
f 808/1004/2348 884/1006/2350 943/1164/2508 942/1163/2507
f 943/1164/2508 944/1165/2509 934/1154/2498 942/1163/2507
f 931/1150/2494 945/1166/2510 1256/1167/2511 1254/1151/2495
f 931/1150/2494 932/1152/2496 946/1168/2512 945/1166/2510
f 947/1169/2513 946/1168/2512 932/1152/2496 933/1153/2497
f 944/1165/2509 947/1169/2513 933/1153/2497 934/1154/2498
f 939/1161/2505 948/1170/2514 785/981/2325 783/980/2324
f 948/1170/2514 949/1171/2515 787/983/2327 785/981/2325
f 789/985/2329 787/983/2327 949/1171/2515 950/1172/2516
f 950/1172/2516 951/1173/2517 791/988/2332 789/985/2329
f 793/990/2334 791/988/2332 951/1173/2517 952/1174/2518
f 952/1174/2518 953/1175/2519 797/993/2337 793/990/2334
f 953/1175/2519 954/1176/2520 801/998/2342 797/993/2337
f 954/1176/2520 955/1177/2521 805/1001/2345 801/998/2342
f 955/1177/2521 956/1178/2522 813/1011/2355 805/1001/2345
f 956/1178/2522 957/1179/2523 885/1013/2357 813/1011/2355
f 957/1179/2523 958/1180/2524 815/1016/2360 885/1013/2357
f 958/1180/2524 959/1181/2525 817/1017/2361 815/1016/2360
f 959/1181/2525 960/1182/2526 821/1021/2365 817/1017/2361
f 960/1182/2526 961/1183/2527 825/1025/2369 821/1021/2365
f 961/1183/2527 962/1184/2528 827/1028/2372 825/1025/2369
f 833/1033/2377 827/1028/2372 962/1184/2528 963/1185/2529
f 963/1185/2529 964/1186/2530 837/1037/2381 833/1033/2377
f 841/1041/2385 837/1037/2381 964/1186/2530 965/1187/2531
f 965/1187/2531 966/1188/2532 845/1045/2389 841/1041/2385
f 865/1065/2409 861/1061/2405 967/1189/2533 968/1190/2534
f 969/1191/2535 967/1189/2533 861/1061/2405 857/1057/2401
f 857/1057/2401 853/1053/2397 970/1192/2536 969/1191/2535
f 853/1053/2397 849/1049/2393 971/1193/2537 970/1192/2536
f 966/1188/2532 971/1193/2537 849/1049/2393 845/1045/2389
f 968/1190/2534 972/1194/2538 869/1069/2413 865/1065/2409
f 972/1194/2538 973/1195/2539 873/1073/2417 869/1069/2413
f 973/1195/2539 974/1196/2540 877/1077/2421 873/1073/2417
f 975/1197/2541 1257/1198/2542 1241/1085/2429 881/1081/2425
f 974/1196/2540 975/1197/2541 881/1081/2425 877/1077/2421
f 749/961/2305 976/1199/2543 948/1170/2514 939/1161/2505
f 939/1161/2505 940/1160/2504 750/962/2306 749/961/2305
f 949/1171/2515 948/1170/2514 976/1199/2543 977/1200/2544
f 749/961/2305 764/976/2320 938/1159/2503 976/1199/2543
f 936/1156/2500 1255/1158/2502 1258/1201/2545 937/1157/2501
f 937/1157/2501 1258/1201/2545 1259/1202/2546 978/1203/2547
f 938/1159/2503 937/1157/2501 978/1203/2547 979/1204/2548
f 979/1204/2548 977/1200/2544 976/1199/2543 938/1159/2503
f 978/1203/2547 1259/1202/2546 1260/1205/2549 980/1206/2550
f 979/1204/2548 978/1203/2547 980/1206/2550 981/1207/2551
f 977/1200/2544 979/1204/2548 981/1207/2551 982/1208/2552
f 949/1171/2515 977/1200/2544 982/1208/2552 983/1209/2553
f 950/1172/2516 949/1171/2515 983/1209/2553 984/1210/2554
f 980/1206/2550 1260/1205/2549 985/1211/2555
f 981/1207/2551 980/1206/2550 985/1211/2555 986/1212/2556
f 982/1208/2552 981/1207/2551 986/1212/2556
f 983/1209/2553 982/1208/2552 986/1212/2556 987/1213/2557
f 984/1210/2554 983/1209/2553 987/1213/2557
f 951/1173/2517 950/1172/2516 984/1210/2554 988/1214/2558
f 988/1214/2558 989/1215/2559 952/1174/2518 951/1173/2517
f 989/1215/2559 990/1216/2560 953/1175/2519 952/1174/2518
f 990/1216/2560 991/1217/2561 954/1176/2520 953/1175/2519
f 991/1217/2561 992/1218/2562 955/1177/2521 954/1176/2520
f 956/1178/2522 955/1177/2521 992/1218/2562 993/1219/2563
f 993/1219/2563 994/1220/2564 957/1179/2523 956/1178/2522
f 958/1180/2524 957/1179/2523 994/1220/2564 995/1221/2565
f 959/1181/2525 958/1180/2524 995/1221/2565 996/1222/2566
f 996/1222/2566 997/1223/2567 960/1182/2526 959/1181/2525
f 961/1183/2527 960/1182/2526 997/1223/2567 998/1224/2568
f 998/1224/2568 999/1225/2569 962/1184/2528 961/1183/2527
f 999/1225/2569 1000/1226/2570 963/1185/2529 962/1184/2528
f 964/1186/2530 963/1185/2529 1000/1226/2570 1001/1227/2571
f 965/1187/2531 964/1186/2530 1001/1227/2571 1002/1228/2572
f 966/1188/2532 965/1187/2531 1002/1228/2572 1003/1229/2573
f 971/1193/2537 966/1188/2532 1003/1229/2573 1004/1230/2574
f 968/1190/2534 967/1189/2533 1005/1231/2575 1006/1232/2576
f 967/1189/2533 969/1191/2535 1007/1233/2577 1005/1231/2575
f 969/1191/2535 970/1192/2536 1008/1234/2578 1007/1233/2577
f 972/1194/2538 968/1190/2534 1006/1232/2576 1009/1235/2579
f 973/1195/2539 972/1194/2538 1009/1235/2579 1010/1236/2580
f 974/1196/2540 973/1195/2539 1010/1236/2580 1011/1237/2581
f 1257/1198/2542 975/1197/2541 1012/1238/2582 1261/1239/2583
f 975/1197/2541 974/1196/2540 1011/1237/2581 1012/1238/2582
f 1004/1230/2574 1008/1234/2578 970/1192/2536 971/1193/2537
f 1013/1240/2584 1262/1241/2585 1256/1167/2511 945/1166/2510
f 1014/1242/2586 1013/1240/2584 945/1166/2510 946/1168/2512
f 946/1168/2512 947/1169/2513 1015/1243/2587 1014/1242/2586
f 1016/1244/2588 1015/1243/2587 947/1169/2513 944/1165/2509
f 943/1164/2508 1017/1245/2589 1016/1244/2588 944/1165/2509
f 884/1006/2350 810/1007/2351 1017/1245/2589 943/1164/2508
f 1019/1246/2590 1018/1247/2591 856/1056/2400 860/1060/2404
f 852/1052/2396 856/1056/2400 1018/1247/2591 1020/1248/2592
f 1020/1248/2592 1021/1249/2593 848/1048/2392 852/1052/2396
f 844/1044/2388 848/1048/2392 1021/1249/2593 1022/1250/2594
f 1022/1250/2594 1023/1251/2595 840/1040/2384 844/1044/2388
f 1023/1251/2595 1024/1252/2596 836/1036/2380 840/1040/2384
f 832/1032/2376 836/1036/2380 1024/1252/2596 1025/1253/2597
f 830/1029/2373 832/1032/2376 1025/1253/2597 1026/1254/2598
f 1026/1254/2598 1027/1255/2599 824/1024/2368 830/1029/2373
f 820/1020/2364 824/1024/2368 1027/1255/2599 1028/1256/2600
f 812/1010/2354 820/1020/2364 1028/1256/2600 1029/1257/2601
f 1029/1257/2601 1017/1245/2589 810/1007/2351 812/1010/2354
f 1030/1258/2602 1016/1244/2588 1017/1245/2589 1029/1257/2601
f 1030/1258/2602 1031/1259/2603 1015/1243/2587 1016/1244/2588
f 1015/1243/2587 1031/1259/2603 1013/1240/2584 1014/1242/2586
f 1262/1241/2585 1013/1240/2584 1032/1260/2604 1263/1261/2605
f 1033/1262/2606 1032/1260/2604 1013/1240/2584 1031/1259/2603
f 1034/1263/2607 1033/1262/2606 1031/1259/2603 1030/1258/2602
f 1030/1258/2602 1029/1257/2601 1028/1256/2600 1034/1263/2607
f 1263/1261/2605 1032/1260/2604 1035/1264/2608 1264/1265/2609
f 1032/1260/2604 1033/1262/2606 1036/1266/2610 1035/1264/2608
f 1036/1266/2610 1033/1262/2606 1034/1263/2607 1037/1267/2611
f 1037/1267/2611 1034/1263/2607 1028/1256/2600 1027/1255/2599
f 1264/1265/2609 1035/1264/2608 1038/1268/2612 1265/1269/2613
f 1035/1264/2608 1036/1266/2610 1039/1270/2614 1038/1268/2612
f 1026/1254/2598 1025/1253/2597 1040/1271/2615 1041/1272/2616
f 1038/1268/2612 1039/1270/2614 1041/1272/2616 1040/1271/2615
f 1039/1270/2614 1036/1266/2610 1037/1267/2611 1041/1272/2616
f 1041/1272/2616 1037/1267/2611 1027/1255/2599 1026/1254/2598
f 1265/1269/2613 1038/1268/2612 1042/1273/2617 1266/1274/2618
f 1043/1275/2619 1042/1273/2617 1038/1268/2612 1040/1271/2615
f 1025/1253/2597 1024/1252/2596 1043/1275/2619 1040/1271/2615
f 1045/1276/2620 1044/1277/2621 1018/1247/2591 1019/1246/2590
f 1044/1277/2621 1046/1278/2622 1020/1248/2592 1018/1247/2591
f 1021/1249/2593 1020/1248/2592 1046/1278/2622 1047/1279/2623
f 1047/1279/2623 1048/1280/2624 1022/1250/2594 1021/1249/2593
f 1048/1280/2624 1049/1281/2625 1023/1251/2595 1022/1250/2594
f 1024/1252/2596 1023/1251/2595 1049/1281/2625 1043/1275/2619
f 1042/1273/2617 1043/1275/2619 1049/1281/2625 1048/1280/2624
f 1266/1274/2618 1042/1273/2617 1048/1280/2624 1267/1282/2626
f 1047/1279/2623 1268/1283/2627 1267/1282/2626 1048/1280/2624
f 1047/1279/2623 1046/1278/2622 1269/1284/2628 1268/1283/2627
f 1270/1285/2629 1269/1284/2628 1046/1278/2622 1044/1277/2621
f 1270/1285/2629 1044/1277/2621 1045/1276/2620 1271/1286/2630
f 1271/1286/2630 1045/1276/2620 1050/1287/2631 1272/1288/2632
f 1272/1288/2632 1050/1287/2631 1051/1289/2633 1273/1290/2634
f 1273/1290/2634 1051/1289/2633 1056/1132/2476 1274/1291/2635
f 1052/1292/2636 923/1128/2472 1056/1132/2476 1051/1289/2633
f 912/1115/2459 923/1128/2472 1052/1292/2636 1053/1293/2637
f 1053/1293/2637 1054/1294/2638 913/1116/2460 912/1115/2459
f 914/1117/2461 913/1116/2460 1054/1294/2638 868/1068/2412
f 1052/1292/2636 1051/1289/2633 1050/1287/2631 1055/1295/2639
f 1045/1276/2620 1019/1246/2590 1055/1295/2639 1050/1287/2631
f 1056/1132/2476 921/1131/2475 920/1126/2470 919/1125/2469
f 1245/1134/2478 1274/1291/2635 1056/1132/2476 919/1125/2469
f 868/1068/2412 1054/1294/2638 1057/1296/2640 864/1064/2408
f 1058/1297/2641 1057/1296/2640 1054/1294/2638 1053/1293/2637
f 1052/1292/2636 1055/1295/2639 1058/1297/2641 1053/1293/2637
f 860/1060/2404 1058/1297/2641 1055/1295/2639 1019/1246/2590
f 860/1060/2404 864/1064/2408 1057/1296/2640 1058/1297/2641
f 915/1118/2462 1066/1298/2642 1067/1299/2643 1060/1113/2457
f 1067/1299/2643 1066/1298/2642 1059/1121/2465 920/1126/2470
f 1063/1122/2466 1059/1121/2465 1066/1298/2642 1064/1130/2474
f 915/1118/2462 1065/1119/2463 1064/1130/2474 1066/1298/2642
f 920/1126/2470 921/1131/2475 1068/1300/2644 1067/1299/2643
f 1060/1113/2457 1067/1299/2643 1068/1300/2644 1061/1114/2458
f 1061/1114/2458 1068/1300/2644 921/1131/2475 1062/1127/2471
f 988/1214/2558 984/1210/2554 987/1213/2557
f 989/1215/2559 988/1214/2558 987/1213/2557 1069/1301/2645
f 1069/1301/2645 990/1216/2560 989/1215/2559
f 1069/1301/2645 1070/1302/2646 991/1217/2561 990/1216/2560
f 992/1218/2562 991/1217/2561 1070/1302/2646 1071/1303/2647
f 993/1219/2563 992/1218/2562 1071/1303/2647 1072/1304/2648
f 994/1220/2564 993/1219/2563 1072/1304/2648 1073/1305/2649
f 1073/1305/2649 1074/1306/2650 995/1221/2565 994/1220/2564
f 1074/1306/2650 1075/1307/2651 996/1222/2566 995/1221/2565
f 997/1223/2567 996/1222/2566 1075/1307/2651 1076/1308/2652
f 998/1224/2568 997/1223/2567 1076/1308/2652 1077/1309/2653
f 1077/1309/2653 1078/1310/2654 999/1225/2569 998/1224/2568
f 1078/1310/2654 1079/1311/2655 1000/1226/2570 999/1225/2569
f 1079/1311/2655 1080/1312/2656 1001/1227/2571 1000/1226/2570
f 1080/1312/2656 1081/1313/2657 1002/1228/2572 1001/1227/2571
f 1003/1229/2573 1002/1228/2572 1081/1313/2657 1082/1314/2658
f 1083/1315/2659 1004/1230/2574 1003/1229/2573 1082/1314/2658
f 1084/1316/2660 1008/1234/2578 1004/1230/2574 1083/1315/2659
f 1007/1233/2577 1008/1234/2578 1084/1316/2660 1085/1317/2661
f 1007/1233/2577 1085/1317/2661 1086/1318/2662 1005/1231/2575
f 1086/1318/2662 1087/1319/2663 1006/1232/2576 1005/1231/2575
f 1087/1319/2663 1088/1320/2664 1009/1235/2579 1006/1232/2576
f 1088/1320/2664 1275/1321/2665 1010/1236/2580 1009/1235/2579
f 1012/1238/2582 1011/1237/2581 1276/1322/2666 1261/1239/2583
f 1275/1321/2665 1276/1322/2666 1011/1237/2581 1010/1236/2580
f 1087/1319/2663 1277/1323/2667 1275/1321/2665 1088/1320/2664
f 1086/1318/2662 1278/1324/2668 1277/1323/2667 1087/1319/2663
f 1278/1324/2668 1086/1318/2662 1085/1317/2661 1279/1325/2669
f 1084/1316/2660 1280/1326/2670 1279/1325/2669 1085/1317/2661
f 1280/1326/2670 1084/1316/2660 1083/1315/2659 1281/1327/2671
f 1281/1327/2671 1083/1315/2659 1082/1314/2658 1282/1328/2672
f 1282/1328/2672 1082/1314/2658 1081/1313/2657 1283/1329/2673
f 1080/1312/2656 1284/1330/2674 1283/1329/2673 1081/1313/2657
f 1284/1330/2674 1080/1312/2656 1089/1331/2675 1285/1332/2676
f 1089/1331/2675 1080/1312/2656 1079/1311/2655 1090/1333/2677
f 1285/1332/2676 1089/1331/2675 1090/1333/2677 1286/1334/2678
f 1090/1333/2677 1079/1311/2655 1078/1310/2654 1091/1335/2679
f 1091/1335/2679 1287/1336/2680 1286/1334/2678 1090/1333/2677
f 1092/1337/2681 1288/1338/2682 1287/1336/2680 1091/1335/2679
f 1091/1335/2679 1078/1310/2654 1077/1309/2653 1092/1337/2681
f 1074/1306/2650 1073/1305/2649 1093/1339/2683 1094/1340/2684
f 1094/1340/2684 1093/1339/2683 1289/1341/2685 1290/1342/2686
f 1288/1338/2682 1092/1337/2681 1095/1343/2687 1291/1344/2688
f 1076/1308/2652 1095/1343/2687 1092/1337/2681 1077/1309/2653
f 1096/1345/2689 1095/1343/2687 1076/1308/2652 1075/1307/2651
f 1096/1345/2689 1292/1346/2690 1291/1344/2688 1095/1343/2687
f 1094/1340/2684 1290/1342/2686 1292/1346/2690 1096/1345/2689
f 1094/1340/2684 1096/1345/2689 1075/1307/2651 1074/1306/2650
f 1093/1339/2683 1073/1305/2649 1097/1347/2691 1098/1348/2692
f 1098/1348/2692 1293/1349/2693 1289/1341/2685 1093/1339/2683
f 1294/1350/2694 1293/1349/2693 1098/1348/2692 1100/1351/2695
f 1097/1347/2691 1099/1352/2696 1100/1351/2695 1098/1348/2692
f 1073/1305/2649 1072/1304/2648 1101/1353/2697 1097/1347/2691
f 1102/1354/2698 1101/1353/2697 1072/1304/2648 1071/1303/2647
f 1101/1353/2697 1102/1354/2698 1099/1352/2696 1097/1347/2691
f 1070/1302/2646 1103/1355/2699 1102/1354/2698 1071/1303/2647
f 1103/1355/2699 1104/1356/2700 1099/1352/2696 1102/1354/2698
f 1104/1356/2700 1105/1357/2701 1100/1351/2695 1099/1352/2696
f 1295/1358/2702 1294/1350/2694 1100/1351/2695 1105/1357/2701
f 1107/1359/2703 1106/1360/2704 1103/1361/2699 1070/1362/2646
f 1105/1363/2701 1108/1364/2705 1296/1365/2706 1295/1366/2702
f 1108/1364/2705 1105/1363/2701 1104/1367/2700
f 1106/1360/2704 1108/1364/2705 1104/1367/2700 1103/1361/2699
f 1107/1359/2703 1070/1362/2646 1069/1368/2645
f 707/909/2253 709/919/2263 1117/1369/2707 1115/1370/2708
f 713/901/2245 714/925/2269 1122/1371/2709 1121/1372/2710
f 706/910/2254 707/909/2253 1115/1370/2708 1114/1373/2711
f 702/905/2249 716/915/2259 1124/1374/2712 1110/1375/2713
f 703/898/2242 704/897/2241 1112/1376/2714 1111/1377/2715
f 716/915/2259 701/917/2261 1109/1378/2716 1124/1374/2712
f 711/921/2265 712/902/2246 1120/1379/2717 1119/1380/2718
f 704/897/2241 705/913/2257 1113/1381/2719 1112/1376/2714
f 710/923/2267 708/906/2250 1116/1382/2720 1118/1383/2721
f 715/927/2271 710/923/2267 1118/1383/2721 1123/1384/2722
f 701/917/2261 703/898/2242 1111/1377/2715 1109/1378/2716
f 708/906/2250 702/905/2249 1110/1375/2713 1116/1382/2720
f 712/902/2246 713/901/2245 1121/1372/2710 1120/1379/2717
f 705/913/2257 706/910/2254 1114/1373/2711 1113/1381/2719
f 714/925/2269 715/927/2271 1123/1384/2722 1122/1371/2709
f 709/919/2263 711/921/2265 1119/1380/2718 1117/1369/2707
s 8
f 1237/1385/2723 1127/1386/2724 1133/1387/2725 1134/1388/2726
f 1236/1389/2727 1126/1390/2728 1131/1391/2729 1132/1392/2730
f 1125/1393/2731 1235/1394/2732 1129/1395/2733 1130/1396/2734
f 1128/1397/2735 1237/1385/2723 1134/1388/2726 1135/1398/2736
f 1127/1386/2724 1236/1399/2727 1132/1400/2730 1133/1387/2725
f 1126/1390/2728 1125/1393/2731 1130/1396/2734 1131/1391/2729
f 1235/1394/2732 1234/1401/2737 1129/1395/2733
f 1238/1402/2738 1128/1397/2735 1135/1398/2736
f 1135/1398/2736 1134/1388/2726 1141/1403/2739 1142/1404/2740
f 1133/1387/2725 1132/1405/2730 1139/1406/2741 1140/1407/2742
f 1131/1391/2729 1130/1396/2734 1137/1408/2743 1138/1409/2744
f 1129/1395/2733 1234/1401/2737 1136/1410/2745
f 1238/1402/2738 1135/1398/2736 1142/1404/2740
f 1134/1388/2726 1133/1387/2725 1140/1407/2742 1141/1403/2739
f 1132/1411/2730 1131/1391/2729 1138/1409/2744 1139/1412/2741
f 1130/1396/2734 1129/1395/2733 1136/1410/2745 1137/1408/2743
f 1138/1409/2744 1137/1408/2743 1144/1413/2746 1145/1414/2747
f 1136/1410/2745 1234/1401/2737 1143/1415/2748
f 1238/1402/2738 1142/1404/2740 1149/1416/2749
f 1141/1403/2739 1140/1407/2742 1147/1417/2750 1148/1418/2751
f 1139/1412/2741 1138/1409/2744 1145/1414/2747 1146/1419/2752
f 1137/1408/2743 1136/1410/2745 1143/1415/2748 1144/1413/2746
f 1142/1404/2740 1141/1403/2739 1148/1418/2751 1149/1416/2749
f 1140/1407/2742 1139/1406/2741 1146/1420/2752 1147/1417/2750
f 1238/1402/2738 1149/1416/2749 1156/1421/2753
f 1148/1418/2751 1147/1417/2750 1154/1422/2754 1155/1423/2755
f 1146/1424/2752 1145/1414/2747 1152/1425/2756 1153/1426/2757
f 1144/1413/2746 1143/1415/2748 1150/1427/2758 1151/1428/2759
f 1149/1416/2749 1148/1418/2751 1155/1423/2755 1156/1421/2753
f 1147/1417/2750 1146/1429/2752 1153/1430/2757 1154/1422/2754
f 1145/1414/2747 1144/1413/2746 1151/1428/2759 1152/1425/2756
f 1143/1415/2748 1234/1401/2737 1150/1427/2758
f 1151/1428/2759 1150/1427/2758 1157/1431/2760 1158/1432/2761
f 1156/1421/2753 1155/1423/2755 1162/1433/2762 1163/1434/2763
f 1154/1422/2754 1153/1435/2757 1160/1436/2764 1161/1437/2765
f 1152/1425/2756 1151/1428/2759 1158/1432/2761 1159/1438/2766
f 1150/1427/2758 1234/1401/2737 1157/1431/2760
f 1238/1402/2738 1156/1421/2753 1163/1434/2763
f 1155/1423/2755 1154/1422/2754 1161/1437/2765 1162/1433/2762
f 1153/1439/2757 1152/1425/2756 1159/1438/2766 1160/1440/2764
f 1163/1434/2763 1162/1433/2762 1169/1441/2767 1170/1442/2768
f 1161/1437/2765 1160/1443/2764 1167/1444/2769 1168/1445/2770
f 1159/1438/2766 1158/1432/2761 1165/1446/2771 1166/1447/2772
f 1157/1431/2760 1234/1401/2737 1164/1448/2773
f 1238/1402/2738 1163/1434/2763 1170/1442/2768
f 1162/1433/2762 1161/1437/2765 1168/1445/2770 1169/1441/2767
f 1160/1449/2764 1159/1438/2766 1166/1447/2772 1167/1450/2769
f 1158/1432/2761 1157/1431/2760 1164/1448/2773 1165/1446/2771
f 1164/1448/2773 1234/1401/2737 1171/1451/2774
f 1238/1402/2738 1170/1442/2768 1177/1452/2775
f 1169/1441/2767 1168/1445/2770 1175/1453/2776 1176/1454/2777
f 1167/1450/2769 1166/1447/2772 1173/1455/2778 1174/1456/2779
f 1165/1446/2771 1164/1448/2773 1171/1451/2774 1172/1457/2780
f 1170/1442/2768 1169/1441/2767 1176/1454/2777 1177/1452/2775
f 1168/1445/2770 1167/1444/2769 1174/1458/2779 1175/1453/2776
f 1166/1447/2772 1165/1446/2771 1172/1457/2780 1173/1455/2778
f 1176/1454/2777 1175/1453/2776 1182/1459/2781 1183/1460/2782
f 1174/1461/2779 1173/1455/2778 1180/1462/2783 1181/1463/2784
f 1172/1457/2780 1171/1451/2774 1178/1464/2785 1179/1465/2786
f 1177/1452/2775 1176/1454/2777 1183/1460/2782 1184/1466/2787
f 1175/1453/2776 1174/1467/2779 1181/1468/2784 1182/1459/2781
f 1173/1455/2778 1172/1457/2780 1179/1465/2786 1180/1462/2783
f 1171/1451/2774 1234/1401/2737 1178/1464/2785
f 1238/1402/2738 1177/1452/2775 1184/1466/2787
f 1184/1466/2787 1183/1460/2782 1190/1469/2788 1191/1470/2789
f 1182/1459/2781 1181/1468/2784 1188/1471/2790 1189/1472/2791
f 1180/1462/2783 1179/1465/2786 1186/1473/2792 1187/1474/2793
f 1178/1464/2785 1234/1401/2737 1185/1475/2794
f 1238/1402/2738 1184/1466/2787 1191/1470/2789
f 1183/1460/2782 1182/1459/2781 1189/1472/2791 1190/1469/2788
f 1181/1463/2784 1180/1462/2783 1187/1474/2793 1188/1476/2790
f 1179/1465/2786 1178/1464/2785 1185/1475/2794 1186/1473/2792
f 1189/1472/2791 1188/1477/2790 1195/1478/2795 1196/1479/2796
f 1187/1474/2793 1186/1473/2792 1193/1480/2797 1194/1481/2798
f 1185/1475/2794 1234/1401/2737 1192/1482/2799
f 1238/1402/2738 1191/1470/2789 1198/1483/2800
f 1190/1469/2788 1189/1472/2791 1196/1479/2796 1197/1484/2801
f 1188/1485/2790 1187/1474/2793 1194/1481/2798 1195/1486/2795
f 1186/1473/2792 1185/1475/2794 1192/1482/2799 1193/1480/2797
f 1191/1470/2789 1190/1469/2788 1197/1484/2801 1198/1483/2800
f 1238/1402/2738 1198/1483/2800 1205/1487/2802
f 1197/1484/2801 1196/1479/2796 1203/1488/2803 1204/1489/2804
f 1195/1486/2795 1194/1481/2798 1201/1490/2805 1202/1491/2806
f 1193/1480/2797 1192/1482/2799 1199/1492/2807 1200/1493/2808
f 1198/1483/2800 1197/1484/2801 1204/1489/2804 1205/1487/2802
f 1196/1479/2796 1195/1478/2795 1202/1494/2806 1203/1488/2803
f 1194/1481/2798 1193/1480/2797 1200/1493/2808 1201/1490/2805
f 1192/1482/2799 1234/1401/2737 1199/1492/2807
f 1202/1495/2806 1201/1490/2805 1208/1496/2809 1209/1497/2810
f 1200/1493/2808 1199/1492/2807 1206/1498/2811 1207/1499/2812
f 1205/1487/2802 1204/1489/2804 1211/1500/2813 1212/1501/2814
f 1203/1488/2803 1202/1502/2806 1209/1503/2810 1210/1504/2815
f 1201/1490/2805 1200/1493/2808 1207/1499/2812 1208/1496/2809
f 1199/1492/2807 1234/1401/2737 1206/1498/2811
f 1238/1402/2738 1205/1487/2802 1212/1501/2814
f 1204/1489/2804 1203/1488/2803 1210/1504/2815 1211/1500/2813
f 1212/1501/2814 1211/1500/2813 1218/1505/2816 1219/1506/2817
f 1210/1504/2815 1209/1503/2810 1216/1507/2818 1217/1508/2819
f 1208/1496/2809 1207/1499/2812 1214/1509/2820 1215/1510/2821
f 1206/1498/2811 1234/1401/2737 1213/1511/2822
f 1238/1402/2738 1212/1501/2814 1219/1506/2817
f 1211/1500/2813 1210/1504/2815 1217/1508/2819 1218/1505/2816
f 1209/1497/2810 1208/1496/2809 1215/1510/2821 1216/1512/2818
f 1207/1499/2812 1206/1498/2811 1213/1511/2822 1214/1509/2820
f 1215/1510/2821 1214/1509/2820 1221/1513/2823 1222/1514/2824
f 1213/1511/2822 1234/1401/2737 1220/1515/2825
f 1238/1402/2738 1219/1506/2817 1226/1516/2826
f 1218/1505/2816 1217/1508/2819 1224/1517/2827 1225/1518/2828
f 1216/1519/2818 1215/1510/2821 1222/1514/2824 1223/1520/2829
f 1214/1509/2820 1213/1511/2822 1220/1515/2825 1221/1513/2823
f 1219/1506/2817 1218/1505/2816 1225/1518/2828 1226/1516/2826
f 1217/1508/2819 1216/1521/2818 1223/1522/2829 1224/1517/2827
f 1238/1402/2738 1226/1516/2826 1233/1523/2830
f 1225/1518/2828 1224/1517/2827 1231/1524/2831 1232/1525/2832
f 1223/1520/2829 1222/1514/2824 1229/1526/2833 1230/1527/2834
f 1221/1513/2823 1220/1515/2825 1227/1528/2835 1228/1529/2836
f 1226/1516/2826 1225/1518/2828 1232/1525/2832 1233/1523/2830
f 1224/1517/2827 1223/1522/2829 1230/1530/2834 1231/1524/2831
f 1222/1514/2824 1221/1513/2823 1228/1529/2836 1229/1526/2833
f 1220/1515/2825 1234/1401/2737 1227/1528/2835
f 1228/1529/2836 1227/1528/2835 1235/1394/2732 1125/1393/2731
f 1233/1523/2830 1232/1525/2832 1237/1385/2723 1128/1397/2735
f 1231/1524/2831 1230/1531/2834 1236/1399/2727 1127/1386/2724
f 1229/1526/2833 1228/1529/2836 1125/1393/2731 1126/1390/2728
f 1227/1528/2835 1234/1401/2737 1235/1394/2732
f 1238/1402/2738 1233/1523/2830 1128/1397/2735
f 1232/1525/2832 1231/1524/2831 1127/1386/2724 1237/1385/2723
f 1230/1532/2834 1229/1526/2833 1126/1390/2728 1236/1389/2727
s 11
f 1301/1533/2837 1298/1534/2838 1299/1535/2839 1303/1536/2840
f 1299/1535/2839 1298/1534/2838 1304/1537/2841
f 1300/1538/2842 1297/1539/2843 1298/1534/2838 1301/1533/2837
f 1301/1540/2837 1303/1541/2840 1304/1542/2841 1305/1543/2844
f 1303/1541/2840 1299/1544/2845 1304/1542/2841
f 1305/1543/2844 1304/1542/2841 1298/1545/2838
f 1300/1546/2842 1301/1540/2837 1305/1543/2844 1302/1547/2846
f 1302/1547/2846 1305/1543/2844 1298/1545/2838 1297/1548/2843
s 12
f 1310/1549/2847 1307/1550/2848 1308/1551/2849 1312/1552/2850
f 1308/1551/2849 1307/1550/2848 1313/1553/2851
f 1309/1554/2852 1306/1555/2853 1307/1550/2848 1310/1549/2847
f 1310/1556/2847 1312/1557/2850 1313/1558/2851 1314/1559/2854
f 1312/1557/2850 1308/1560/2855 1313/1558/2851
f 1314/1559/2854 1313/1558/2851 1307/1561/2848
f 1309/1562/2852 1310/1556/2847 1314/1559/2854 1311/1563/2856
f 1311/1563/2856 1314/1559/2854 1307/1561/2848 1306/1564/2853
s 13
f 1316/1565/2857 1321/1566/2858 1318/1567/2859 1317/1568/2860
f 1318/1567/2859 1322/1569/2861 1317/1568/2860
f 1315/1570/2862 1316/1565/2857 1317/1568/2860 1319/1571/2863
f 1316/1572/2857 1323/1573/2864 1322/1574/2861 1321/1575/2858
f 1321/1575/2858 1322/1574/2861 1318/1576/2865
f 1323/1573/2864 1317/1577/2860 1322/1574/2861
f 1315/1578/2862 1320/1579/2866 1323/1573/2864 1316/1572/2857
f 1320/1579/2866 1319/1580/2863 1317/1577/2860 1323/1573/2864
s 14
f 1327/1581/2867 1324/1582/2868 1325/1583/2869 1329/1584/2870
f 1325/1583/2869 1324/1582/2868 1330/1585/2871
f 1328/1586/2872 1326/1587/2873 1324/1582/2868 1327/1581/2867
f 1327/1588/2867 1329/1589/2870 1330/1590/2871 1331/1591/2874
f 1329/1589/2870 1325/1592/2875 1330/1590/2871
f 1331/1591/2874 1330/1590/2871 1324/1593/2868
f 1328/1594/2872 1327/1588/2867 1331/1591/2874 1332/1595/2876
f 1332/1595/2876 1331/1591/2874 1324/1593/2868 1326/1596/2873
s 15
f 1334/1597/2877 1333/1598/2878 1335/1599/2879 1340/1600/2880
f 1336/1601/2881 1334/1597/2877 1340/1600/2880 1339/1602/2882
f 1334/1603/2877 1341/1604/2883 1338/1605/2884
f 1338/1605/2884 1341/1604/2883 1335/1606/2879 1333/1607/2878
f 1335/1606/2879 1341/1604/2883 1340/1608/2880
f 1336/1609/2881 1337/1610/2885 1341/1604/2883 1334/1603/2877
f 1337/1610/2885 1339/1611/2882 1340/1608/2880 1341/1604/2883
f 1333/1607/2878 1334/1603/2877 1338/1605/2884
s 16
f 1342/1612/2886 1343/1613/2887 1347/1614/2888 1345/1615/2889
f 1348/1616/2890 1344/1617/2891 1343/1613/2887 1342/1612/2886
f 1342/1618/2886 1346/1619/2892 1349/1620/2893
f 1346/1619/2892 1345/1621/2889 1347/1622/2888 1349/1620/2893
f 1347/1622/2888 1343/1623/2887 1349/1620/2893
f 1348/1624/2890 1342/1618/2886 1349/1620/2893 1350/1625/2894
f 1350/1625/2894 1349/1620/2893 1343/1623/2887 1344/1626/2891
f 1345/1621/2889 1346/1619/2892 1342/1618/2886
s 17
f 1352/1627/2895 1357/1628/2896 1354/1629/2897 1353/1630/2898
f 1354/1629/2897 1358/1631/2899 1353/1630/2898
f 1351/1632/2900 1352/1627/2895 1353/1630/2898 1355/1633/2901
f 1352/1634/2895 1359/1635/2902 1358/1636/2899 1357/1637/2896
f 1357/1637/2896 1358/1636/2899 1354/1638/2903
f 1359/1635/2902 1353/1639/2898 1358/1636/2899
f 1351/1640/2900 1356/1641/2904 1359/1635/2902 1352/1634/2895
f 1356/1641/2904 1355/1642/2901 1353/1639/2898 1359/1635/2902
s 18
f 1361/1643/2905 1362/1644/2906 1368/1645/2907 1365/1646/2908
f 1364/1647/2909 1360/1648/2910 1363/1649/2911 1369/1650/2912
f 1369/1650/2912 1363/1649/2911 1362/1644/2906 1361/1643/2905
f 1361/1651/2905 1367/1652/2913 1370/1653/2914
f 1367/1652/2913 1365/1654/2908 1368/1655/2907 1370/1653/2914
f 1368/1655/2907 1362/1656/2906 1370/1653/2914
f 1364/1657/2909 1369/1658/2912 1371/1659/2915 1366/1660/2916
f 1369/1658/2912 1361/1651/2905 1370/1653/2914 1371/1659/2915
f 1371/1659/2915 1370/1653/2914 1362/1656/2906 1363/1661/2911
f 1366/1660/2916 1371/1659/2915 1363/1661/2911 1360/1662/2910
f 1365/1654/2908 1367/1652/2913 1361/1651/2905
s 20
f 1373/1663/2917 1372/1664/2918 1374/1665/2919 1379/1666/2920
f 1375/1667/2921 1373/1663/2917 1379/1666/2920 1378/1668/2922
f 1373/1669/2917 1380/1670/2923 1377/1671/2924
f 1377/1671/2924 1380/1670/2923 1374/1672/2919 1372/1673/2918
f 1374/1672/2919 1380/1670/2923 1379/1674/2920
f 1375/1675/2921 1376/1676/2925 1380/1670/2923 1373/1669/2917
f 1376/1676/2925 1378/1677/2922 1379/1674/2920 1380/1670/2923
f 1372/1673/2918 1373/1669/2917 1377/1671/2924
s 21
f 1388/1678/2926 1383/1679/2927 1384/1680/2928 1382/1681/2929
f 1382/1681/2929 1384/1680/2928 1391/1682/2930 1387/1683/2931
f 1386/1684/2932 1381/1685/2933 1385/1686/2934 1392/1687/2935
f 1392/1687/2935 1385/1686/2934 1383/1679/2927 1388/1678/2926
f 1388/1688/2926 1390/1689/2936 1393/1690/2937 1394/1691/2938
f 1390/1689/2936 1387/1692/2931 1391/1693/2930 1393/1690/2937
f 1394/1691/2938 1393/1690/2937 1383/1694/2927
f 1382/1695/2929 1390/1689/2936 1388/1688/2926
f 1391/1693/2930 1384/1696/2928 1393/1690/2937
f 1393/1690/2937 1384/1696/2928 1383/1694/2927
f 1386/1697/2932 1392/1698/2935 1395/1699/2939 1389/1700/2940
f 1392/1698/2935 1388/1688/2926 1394/1691/2938 1395/1699/2939
f 1395/1699/2939 1394/1691/2938 1383/1694/2927 1385/1701/2934
f 1389/1700/2940 1395/1699/2939 1385/1701/2934 1381/1702/2933
f 1387/1692/2931 1390/1689/2936 1382/1695/2929
s 23
f 1397/1703/2941 1396/1704/2942 1398/1705/2943 1401/1706/2944
f 1409/1707/2945 1398/1705/2943 1396/1704/2942 1406/1708/2946
f 1398/1705/2943 1409/1707/2945 1411/1709/2947 1401/1706/2944
f 1401/1706/2944 1411/1709/2947 1410/1710/2948 1399/1711/2949
f 1407/1712/2950 1397/1703/2941 1400/1713/2951 1405/1714/2952
f 1400/1713/2951 1397/1703/2941 1401/1706/2944 1399/1711/2949
f 1406/1708/2946 1396/1704/2942 1397/1703/2941 1407/1712/2950
f 1408/1715/2953 1412/1716/2954 1404/1717/2955 1403/1718/2956
f 1409/1719/2945 1406/1720/2946 1403/1718/2956 1404/1717/2955
f 1404/1717/2955 1412/1716/2954 1411/1721/2947 1409/1719/2945
f 1412/1716/2954 1413/1722/2957 1410/1723/2948 1411/1721/2947
f 1407/1724/2950 1405/1725/2952 1402/1726/2958 1408/1715/2953
f 1402/1726/2958 1413/1722/2957 1412/1716/2954 1408/1715/2953
f 1406/1720/2946 1407/1724/2950 1408/1715/2953 1403/1718/2956
s 25
f 1418/1727/2959 1416/1728/2960 1415/1729/2961 1420/1730/2962
f 1417/1731/2963 1414/1732/2964 1416/1728/2960 1418/1727/2959
f 1418/1733/2959 1420/1734/2962 1422/1735/2965 1421/1736/2966
f 1420/1734/2962 1415/1737/2961 1422/1735/2965
f 1421/1736/2966 1422/1735/2965 1415/1737/2961 1416/1738/2960
f 1417/1739/2963 1418/1733/2959 1421/1736/2966 1419/1740/2967
f 1419/1740/2967 1421/1736/2966 1416/1738/2960 1414/1741/2964
s 26
f 1425/1742/2968 1439/1743/2969 1431/1744/2970 1430/1745/2971
f 1439/1743/2969 1424/1746/2972 1428/1747/2973 1431/1744/2970
f 1431/1744/2970 1428/1747/2973 1434/1748/2974 1440/1749/2975
f 1430/1745/2971 1431/1744/2970 1440/1749/2975 1426/1750/2976
f 1423/1751/2977 1429/1752/2978 1432/1753/2979 1427/1754/2980
f 1429/1752/2978 1425/1742/2968 1430/1745/2971 1432/1753/2979
f 1432/1753/2979 1430/1745/2971 1426/1750/2976 1437/1755/2981
f 1427/1754/2980 1432/1753/2979 1437/1755/2981 1433/1756/2982
f 1425/1757/2968 1441/1758/2983 1442/1759/2984 1436/1760/2985
f 1436/1760/2985 1442/1759/2984 1428/1761/2973 1424/1762/2972
f 1442/1759/2984 1438/1763/2986 1434/1764/2974 1428/1761/2973
f 1441/1758/2983 1426/1765/2976 1438/1763/2986 1442/1759/2984
f 1439/1766/2969 1425/1757/2968 1436/1760/2985
f 1434/1764/2974 1438/1763/2986 1440/1767/2975
f 1438/1763/2986 1426/1765/2976 1440/1767/2975
f 1423/1768/2977 1435/1769/2987 1443/1770/2988 1429/1771/2978
f 1429/1771/2978 1443/1770/2988 1441/1758/2983 1425/1757/2968
f 1443/1770/2988 1437/1772/2981 1426/1765/2976 1441/1758/2983
f 1435/1769/2987 1433/1773/2982 1437/1772/2981 1443/1770/2988
f 1424/1762/2972 1439/1766/2969 1436/1760/2985
s 28
f 1450/1774/2989 1446/1775/2990 1447/1776/2991 1445/1777/2992
f 1445/1777/2992 1447/1776/2991 1452/1778/2993 1449/1779/2994
f 1453/1780/2995 1450/1774/2989 1445/1777/2992
f 1452/1778/2993 1447/1776/2991 1454/1781/2996
f 1447/1776/2991 1446/1775/2990 1454/1781/2996
f 1448/1782/2997 1444/1783/2998 1446/1775/2990 1450/1774/2989
f 1449/1779/2994 1453/1780/2995 1445/1777/2992
f 1450/1784/2989 1453/1785/2995 1454/1786/2996 1455/1787/2999
f 1453/1785/2995 1449/1788/2994 1452/1789/2993 1454/1786/2996
f 1455/1787/2999 1454/1786/2996 1446/1790/2990
f 1448/1791/2997 1450/1784/2989 1455/1787/2999 1451/1792/3000
f 1451/1792/3000 1455/1787/2999 1446/1790/2990 1444/1793/2998
s 29
f 1458/1794/3001 1466/1795/3002 1467/1796/3003 1459/1797/3004
f 1466/1795/3002 1457/1798/3005 1460/1799/3006 1467/1796/3003
f 1456/1800/3007 1461/1801/3008 1465/1802/3009 1462/1803/3010
f 1461/1801/3008 1458/1794/3001 1459/1797/3004 1465/1802/3009
f 1458/1804/3001 1468/1805/3011 1469/1806/3012 1464/1807/3013
f 1464/1807/3013 1469/1806/3012 1460/1808/3006 1457/1809/3005
f 1468/1805/3011 1459/1810/3004 1469/1806/3012
f 1466/1811/3002 1458/1804/3001 1464/1807/3013
f 1460/1808/3006 1469/1806/3012 1467/1812/3003
f 1469/1806/3012 1459/1810/3004 1467/1812/3003
f 1456/1813/3007 1463/1814/3014 1470/1815/3015 1461/1816/3008
f 1461/1816/3008 1470/1815/3015 1468/1805/3011 1458/1804/3001
f 1470/1815/3015 1465/1817/3009 1459/1810/3004 1468/1805/3011
f 1463/1814/3014 1462/1818/3010 1465/1817/3009 1470/1815/3015
f 1457/1809/3005 1466/1811/3002 1464/1807/3013
s 31
f 1482/1819/3016 1477/1820/3017 1478/1821/3018 1474/1822/3019
f 1474/1822/3019 1478/1821/3018 1485/1823/3020 1481/1824/3021
f 1478/1821/3018 1476/1825/3022 1472/1826/3023 1485/1823/3020
f 1477/1820/3017 1483/1827/3024 1476/1825/3022 1478/1821/3018
f 1487/1828/3025 1482/1819/3016 1474/1822/3019
f 1472/1826/3023 1476/1825/3022 1488/1829/3026
f 1476/1825/3022 1483/1827/3024 1488/1829/3026
f 1480/1830/3027 1473/1831/3028 1479/1832/3029 1486/1833/3030
f 1486/1833/3030 1479/1832/3029 1477/1820/3017 1482/1819/3016
f 1479/1832/3029 1475/1834/3031 1483/1827/3024 1477/1820/3017
f 1473/1831/3028 1471/1835/3032 1475/1834/3031 1479/1832/3029
f 1481/1824/3021 1487/1828/3025 1474/1822/3019
f 1482/1836/3016 1487/1837/3025 1490/1838/3033 1489/1839/3034
f 1487/1837/3025 1481/1840/3021 1485/1841/3020 1490/1838/3033
f 1490/1838/3033 1485/1841/3020 1472/1842/3023 1488/1843/3026
f 1489/1839/3034 1490/1838/3033 1488/1843/3026 1483/1844/3024
f 1480/1845/3027 1486/1846/3030 1491/1847/3035 1484/1848/3036
f 1486/1846/3030 1482/1836/3016 1489/1839/3034 1491/1847/3035
f 1491/1847/3035 1489/1839/3034 1483/1844/3024 1475/1849/3031
f 1484/1848/3036 1491/1847/3035 1475/1849/3031 1471/1850/3032
s 33
f 1494/1851/3037 1508/1852/3038 1500/1853/3039 1499/1854/3040
f 1508/1852/3038 1493/1855/3041 1497/1856/3042 1500/1853/3039
f 1500/1853/3039 1497/1856/3042 1503/1857/3043 1509/1858/3044
f 1499/1854/3040 1500/1853/3039 1509/1858/3044 1495/1859/3045
f 1492/1860/3046 1498/1861/3047 1501/1862/3048 1496/1863/3049
f 1498/1861/3047 1494/1851/3037 1499/1854/3040 1501/1862/3048
f 1501/1862/3048 1499/1854/3040 1495/1859/3045 1506/1864/3050
f 1496/1863/3049 1501/1862/3048 1506/1864/3050 1502/1865/3051
f 1494/1866/3037 1510/1867/3052 1511/1868/3053 1505/1869/3054
f 1505/1869/3054 1511/1868/3053 1497/1870/3042 1493/1871/3041
f 1511/1868/3053 1507/1872/3055 1503/1873/3043 1497/1870/3042
f 1510/1867/3052 1495/1874/3045 1507/1872/3055 1511/1868/3053
f 1508/1875/3038 1494/1866/3037 1505/1869/3054
f 1503/1873/3043 1507/1872/3055 1509/1876/3044
f 1507/1872/3055 1495/1874/3045 1509/1876/3044
f 1492/1877/3046 1504/1878/3056 1512/1879/3057 1498/1880/3047
f 1498/1880/3047 1512/1879/3057 1510/1867/3052 1494/1866/3037
f 1512/1879/3057 1506/1881/3050 1495/1874/3045 1510/1867/3052
f 1504/1878/3056 1502/1882/3051 1506/1881/3050 1512/1879/3057
f 1493/1871/3041 1508/1875/3038 1505/1869/3054
s 35
f 1520/1883/3058 1515/1884/3059 1516/1885/3060 1514/1886/3061
f 1514/1886/3061 1516/1885/3060 1522/1887/3062 1519/1888/3063
f 1524/1889/3064 1520/1883/3058 1514/1886/3061
f 1522/1887/3062 1516/1885/3060 1525/1890/3065
f 1516/1885/3060 1515/1884/3059 1525/1890/3065
f 1518/1891/3066 1513/1892/3067 1517/1893/3068 1523/1894/3069
f 1523/1894/3069 1517/1893/3068 1515/1884/3059 1520/1883/3058
f 1519/1888/3063 1524/1889/3064 1514/1886/3061
f 1520/1895/3058 1524/1896/3064 1525/1897/3065 1526/1898/3070
f 1524/1896/3064 1519/1899/3063 1522/1900/3062 1525/1897/3065
f 1526/1898/3070 1525/1897/3065 1515/1901/3059
f 1518/1902/3066 1523/1903/3069 1527/1904/3071 1521/1905/3072
f 1523/1903/3069 1520/1895/3058 1526/1898/3070 1527/1904/3071
f 1527/1904/3071 1526/1898/3070 1515/1901/3059 1517/1906/3068
f 1521/1905/3072 1527/1904/3071 1517/1906/3068 1513/1907/3067
s 37
f 1530/1908/3073 1538/1909/3074 1539/1910/3075 1531/1911/3076
f 1538/1909/3074 1529/1912/3077 1532/1913/3078 1539/1910/3075
f 1528/1914/3079 1533/1915/3080 1537/1916/3081 1534/1917/3082
f 1533/1915/3080 1530/1908/3073 1531/1911/3076 1537/1916/3081
f 1530/1918/3073 1540/1919/3083 1541/1920/3084 1536/1921/3085
f 1536/1921/3085 1541/1920/3084 1532/1922/3078 1529/1923/3077
f 1540/1919/3083 1531/1924/3076 1541/1920/3084
f 1538/1925/3074 1530/1918/3073 1536/1921/3085
f 1532/1922/3078 1541/1920/3084 1539/1926/3075
f 1541/1920/3084 1531/1924/3076 1539/1926/3075
f 1528/1927/3079 1535/1928/3086 1542/1929/3087 1533/1930/3080
f 1533/1930/3080 1542/1929/3087 1540/1919/3083 1530/1918/3073
f 1542/1929/3087 1537/1931/3081 1531/1924/3076 1540/1919/3083
f 1535/1928/3086 1534/1932/3082 1537/1931/3081 1542/1929/3087
f 1529/1923/3077 1538/1925/3074 1536/1921/3085
s 39
f 1549/1933/3088 1547/1934/3089 1546/1935/3090 1552/1936/3091
f 1547/1934/3089 1550/1937/3092 1545/1938/3093 1546/1935/3090
f 1548/1939/3094 1544/1940/3095 1547/1934/3089 1549/1933/3088
f 1544/1940/3095 1543/1941/3096 1550/1937/3092 1547/1934/3089
f 1549/1942/3088 1552/1943/3091 1554/1944/3097 1553/1945/3098
f 1552/1943/3091 1546/1946/3090 1554/1944/3097
f 1554/1944/3097 1546/1946/3090 1545/1947/3093
f 1553/1945/3098 1554/1944/3097 1545/1947/3093 1550/1948/3092
f 1548/1949/3094 1549/1942/3088 1553/1945/3098 1551/1950/3099
f 1551/1950/3099 1553/1945/3098 1550/1948/3092 1543/1951/3096
s 40
f 1557/1952/3100 1556/1953/3101 1558/1954/3102 1564/1955/3103
f 1555/1956/3104 1559/1957/3105 1563/1958/3106 1560/1959/3107
f 1559/1957/3105 1557/1952/3100 1564/1955/3103 1563/1958/3106
f 1557/1960/3100 1565/1961/3108 1562/1962/3109
f 1562/1962/3109 1565/1961/3108 1558/1963/3102 1556/1964/3101
f 1558/1963/3102 1565/1961/3108 1564/1965/3103
f 1555/1966/3104 1561/1967/3110 1566/1968/3111 1559/1969/3105
f 1559/1969/3105 1566/1968/3111 1565/1961/3108 1557/1960/3100
f 1566/1968/3111 1563/1970/3106 1564/1965/3103 1565/1961/3108
f 1561/1967/3110 1560/1971/3107 1563/1970/3106 1566/1968/3111
f 1556/1964/3101 1557/1960/3100 1562/1962/3109
s 42
f 1578/1972/3112 1573/1973/3113 1574/1974/3114 1570/1975/3115
f 1570/1975/3115 1574/1974/3114 1581/1976/3116 1577/1977/3117
f 1574/1974/3114 1572/1978/3118 1568/1979/3119 1581/1976/3116
f 1573/1973/3113 1579/1980/3120 1572/1978/3118 1574/1974/3114
f 1583/1981/3121 1578/1972/3112 1570/1975/3115
f 1568/1979/3119 1572/1978/3118 1584/1982/3122
f 1572/1978/3118 1579/1980/3120 1584/1982/3122
f 1576/1983/3123 1569/1984/3124 1575/1985/3125 1582/1986/3126
f 1582/1986/3126 1575/1985/3125 1573/1973/3113 1578/1972/3112
f 1575/1985/3125 1571/1987/3127 1579/1980/3120 1573/1973/3113
f 1569/1984/3124 1567/1988/3128 1571/1987/3127 1575/1985/3125
f 1577/1977/3117 1583/1981/3121 1570/1975/3115
f 1578/1989/3112 1583/1990/3121 1586/1991/3129 1585/1992/3130
f 1583/1990/3121 1577/1993/3117 1581/1994/3116 1586/1991/3129
f 1586/1991/3129 1581/1994/3116 1568/1995/3119 1584/1996/3122
f 1585/1992/3130 1586/1991/3129 1584/1996/3122 1579/1997/3120
f 1576/1998/3123 1582/1999/3126 1587/2000/3131 1580/2001/3132
f 1582/1999/3126 1578/1989/3112 1585/1992/3130 1587/2000/3131
f 1587/2000/3131 1585/1992/3130 1579/1997/3120 1571/2002/3127
f 1580/2001/3132 1587/2000/3131 1571/2002/3127 1567/2003/3128
s 44
f 1589/2004/3133 1588/2005/3134 1590/2006/3135 1595/2007/3136
f 1591/2008/3137 1589/2004/3133 1595/2007/3136 1594/2009/3138
f 1589/2010/3133 1596/2011/3139 1593/2012/3140
f 1593/2012/3140 1596/2011/3139 1590/2013/3135 1588/2014/3134
f 1590/2013/3135 1596/2011/3139 1595/2015/3136
f 1591/2016/3137 1592/2017/3141 1596/2011/3139 1589/2010/3133
f 1592/2017/3141 1594/2018/3138 1595/2015/3136 1596/2011/3139
f 1588/2014/3134 1589/2010/3133 1593/2012/3140
s 45
f 1608/2019/3142 1603/2020/3143 1604/2021/3144 1600/2022/3145
f 1600/2022/3145 1604/2021/3144 1612/2023/3146 1607/2024/3147
f 1604/2021/3144 1602/2025/3148 1598/2026/3149 1612/2023/3146
f 1603/2020/3143 1609/2027/3150 1602/2025/3148 1604/2021/3144
f 1606/2028/3151 1599/2029/3152 1605/2030/3153 1613/2031/3154
f 1613/2031/3154 1605/2030/3153 1603/2020/3143 1608/2019/3142
f 1605/2030/3153 1601/2032/3155 1609/2027/3150 1603/2020/3143
f 1599/2029/3152 1597/2033/3156 1601/2032/3155 1605/2030/3153
f 1608/2034/3142 1611/2035/3157 1616/2036/3158 1615/2037/3159
f 1611/2035/3157 1607/2038/3147 1612/2039/3146 1616/2036/3158
f 1616/2036/3158 1612/2039/3146 1598/2040/3149 1614/2041/3160
f 1615/2037/3159 1616/2036/3158 1614/2041/3160 1609/2042/3150
f 1600/2043/3145 1611/2035/3157 1608/2034/3142
f 1598/2040/3149 1602/2044/3148 1614/2041/3160
f 1614/2041/3160 1602/2044/3148 1609/2042/3150
f 1606/2045/3151 1613/2046/3154 1617/2047/3161 1610/2048/3162
f 1613/2046/3154 1608/2034/3142 1615/2037/3159 1617/2047/3161
f 1617/2047/3161 1615/2037/3159 1609/2042/3150 1601/2049/3155
f 1610/2048/3162 1617/2047/3161 1601/2049/3155 1597/2050/3156
f 1607/2038/3147 1611/2035/3157 1600/2043/3145
s 47
f 1619/2051/3163 1618/2052/3164 1620/2053/3165 1625/2054/3166
f 1621/2055/3167 1619/2051/3163 1625/2054/3166 1624/2056/3168
f 1619/2057/3163 1626/2058/3169 1623/2059/3170
f 1623/2059/3170 1626/2058/3169 1620/2060/3165 1618/2061/3164
f 1620/2060/3165 1626/2058/3169 1625/2062/3166
f 1621/2063/3167 1622/2064/3171 1626/2058/3169 1619/2057/3163
f 1622/2064/3171 1624/2065/3168 1625/2062/3166 1626/2058/3169
f 1618/2061/3164 1619/2057/3163 1623/2059/3170
s 48
f 1627/2066/3172 1628/2067/3173 1632/2068/3174 1630/2069/3175
f 1633/2070/3176 1629/2071/3177 1628/2067/3173 1627/2066/3172
f 1627/2072/3172 1631/2073/3178 1634/2074/3179
f 1631/2073/3178 1630/2075/3175 1632/2076/3174 1634/2074/3179
f 1632/2076/3174 1628/2077/3173 1634/2074/3179
f 1633/2078/3176 1627/2072/3172 1634/2074/3179 1635/2079/3180
f 1635/2079/3180 1634/2074/3179 1628/2077/3173 1629/2080/3177
f 1630/2075/3175 1631/2073/3178 1627/2072/3172
s 49
f 1638/2081/3181 1646/2082/3182 1647/2083/3183 1639/2084/3184
f 1646/2082/3182 1637/2085/3185 1640/2086/3186 1647/2083/3183
f 1636/2087/3187 1641/2088/3188 1645/2089/3189 1642/2090/3190
f 1641/2088/3188 1638/2081/3181 1639/2084/3184 1645/2089/3189
f 1638/2091/3181 1648/2092/3191 1649/2093/3192 1644/2094/3193
f 1644/2094/3193 1649/2093/3192 1640/2095/3186 1637/2096/3185
f 1648/2092/3191 1639/2097/3184 1649/2093/3192
f 1646/2098/3182 1638/2091/3181 1644/2094/3193
f 1640/2095/3186 1649/2093/3192 1647/2099/3183
f 1649/2093/3192 1639/2097/3184 1647/2099/3183
f 1636/2100/3187 1643/2101/3194 1650/2102/3195 1641/2103/3188
f 1641/2103/3188 1650/2102/3195 1648/2092/3191 1638/2091/3181
f 1650/2102/3195 1645/2104/3189 1639/2097/3184 1648/2092/3191
f 1643/2101/3194 1642/2105/3190 1645/2104/3189 1650/2102/3195
f 1637/2096/3185 1646/2098/3182 1644/2094/3193
s 51
f 1651/2106/3196 1652/2107/3197 1656/2108/3198 1654/2109/3199
f 1657/2110/3200 1653/2111/3201 1652/2107/3197 1651/2106/3196
f 1651/2112/3196 1655/2113/3202 1658/2114/3203
f 1655/2113/3202 1654/2115/3199 1656/2116/3198 1658/2114/3203
f 1656/2116/3198 1652/2117/3197 1658/2114/3203
f 1657/2118/3200 1651/2112/3196 1658/2114/3203 1659/2119/3204
f 1659/2119/3204 1658/2114/3203 1652/2117/3197 1653/2120/3201
f 1654/2115/3199 1655/2113/3202 1651/2112/3196
s 52
f 1662/2121/3205 1661/2122/3206 1663/2123/3207 1669/2124/3208
f 1660/2125/3209 1664/2126/3210 1668/2127/3211 1665/2128/3212
f 1664/2126/3210 1662/2121/3205 1669/2124/3208 1668/2127/3211
f 1662/2129/3205 1670/2130/3213 1667/2131/3214
f 1667/2131/3214 1670/2130/3213 1663/2132/3207 1661/2133/3206
f 1663/2132/3207 1670/2130/3213 1669/2134/3208
f 1660/2135/3209 1666/2136/3215 1671/2137/3216 1664/2138/3210
f 1664/2138/3210 1671/2137/3216 1670/2130/3213 1662/2129/3205
f 1671/2137/3216 1668/2139/3211 1669/2134/3208 1670/2130/3213
f 1666/2136/3215 1665/2140/3212 1668/2139/3211 1671/2137/3216
f 1661/2133/3206 1662/2129/3205 1667/2131/3214
s 54
f 1672/2141/3217 1673/2142/3218 1677/2143/3219 1675/2144/3220
f 1678/2145/3221 1674/2146/3222 1673/2142/3218 1672/2141/3217
f 1672/2147/3217 1676/2148/3223 1679/2149/3224
f 1676/2148/3223 1675/2150/3220 1677/2151/3219 1679/2149/3224
f 1677/2151/3219 1673/2152/3218 1679/2149/3224
f 1678/2153/3221 1672/2147/3217 1679/2149/3224 1680/2154/3225
f 1680/2154/3225 1679/2149/3224 1673/2152/3218 1674/2155/3222
f 1675/2150/3220 1676/2148/3223 1672/2147/3217
s 55
f 1683/2156/3226 1697/2157/3227 1689/2158/3228 1688/2159/3229
f 1697/2157/3227 1682/2160/3230 1686/2161/3231 1689/2158/3228
f 1689/2158/3228 1686/2161/3231 1692/2162/3232 1698/2163/3233
f 1688/2159/3229 1689/2158/3228 1698/2163/3233 1684/2164/3234
f 1681/2165/3235 1687/2166/3236 1690/2167/3237 1685/2168/3238
f 1687/2166/3236 1683/2156/3226 1688/2159/3229 1690/2167/3237
f 1690/2167/3237 1688/2159/3229 1684/2164/3234 1695/2169/3239
f 1685/2168/3238 1690/2167/3237 1695/2169/3239 1691/2170/3240
f 1683/2171/3226 1699/2172/3241 1700/2173/3242 1694/2174/3243
f 1694/2174/3243 1700/2173/3242 1686/2175/3231 1682/2176/3230
f 1700/2173/3242 1696/2177/3244 1692/2178/3232 1686/2175/3231
f 1699/2172/3241 1684/2179/3234 1696/2177/3244 1700/2173/3242
f 1697/2180/3227 1683/2171/3226 1694/2174/3243
f 1692/2178/3232 1696/2177/3244 1698/2181/3233
f 1696/2177/3244 1684/2179/3234 1698/2181/3233
f 1681/2182/3235 1693/2183/3245 1701/2184/3246 1687/2185/3236
f 1687/2185/3236 1701/2184/3246 1699/2172/3241 1683/2171/3226
f 1701/2184/3246 1695/2186/3239 1684/2179/3234 1699/2172/3241
f 1693/2183/3245 1691/2187/3240 1695/2186/3239 1701/2184/3246
f 1682/2176/3230 1697/2180/3227 1694/2174/3243
s 57
f 1702/2188/3247 1703/2189/3248 1707/2190/3249 1705/2191/3250
f 1708/2192/3251 1704/2193/3252 1703/2189/3248 1702/2188/3247
f 1702/2194/3247 1706/2195/3253 1709/2196/3254
f 1706/2195/3253 1705/2197/3250 1707/2198/3249 1709/2196/3254
f 1707/2198/3249 1703/2199/3248 1709/2196/3254
f 1708/2200/3251 1702/2194/3247 1709/2196/3254 1710/2201/3255
f 1710/2201/3255 1709/2196/3254 1703/2199/3248 1704/2202/3252
f 1705/2197/3250 1706/2195/3253 1702/2194/3247
s 58
f 1713/2203/3256 1721/2204/3257 1722/2205/3258 1714/2206/3259
f 1721/2204/3257 1712/2207/3260 1715/2208/3261 1722/2205/3258
f 1711/2209/3262 1716/2210/3263 1720/2211/3264 1717/2212/3265
f 1716/2210/3263 1713/2203/3256 1714/2206/3259 1720/2211/3264
f 1713/2213/3256 1723/2214/3266 1724/2215/3267 1719/2216/3268
f 1719/2216/3268 1724/2215/3267 1715/2217/3261 1712/2218/3260
f 1723/2214/3266 1714/2219/3259 1724/2215/3267
f 1721/2220/3257 1713/2213/3256 1719/2216/3268
f 1715/2217/3261 1724/2215/3267 1722/2221/3258
f 1724/2215/3267 1714/2219/3259 1722/2221/3258
f 1711/2222/3262 1718/2223/3269 1725/2224/3270 1716/2225/3263
f 1716/2225/3263 1725/2224/3270 1723/2214/3266 1713/2213/3256
f 1725/2224/3270 1720/2226/3264 1714/2219/3259 1723/2214/3266
f 1718/2223/3269 1717/2227/3265 1720/2226/3264 1725/2224/3270
f 1712/2218/3260 1721/2220/3257 1719/2216/3268
s 60
f 1730/2228/3271 1727/2229/3272 1728/2230/3273 1732/2231/3274
f 1728/2230/3273 1727/2229/3272 1733/2232/3275
f 1729/2233/3276 1726/2234/3277 1727/2229/3272 1730/2228/3271
f 1730/2235/3271 1732/2236/3274 1733/2237/3275 1734/2238/3278
f 1732/2236/3274 1728/2239/3279 1733/2237/3275
f 1734/2238/3278 1733/2237/3275 1727/2240/3272
f 1729/2241/3276 1730/2235/3271 1734/2238/3278 1731/2242/3280
f 1731/2242/3280 1734/2238/3278 1727/2240/3272 1726/2243/3277
s 61
f 1736/2244/3281 1735/2245/3282 1737/2246/3283 1742/2247/3284
f 1738/2248/3285 1736/2244/3281 1742/2247/3284 1741/2249/3286
f 1736/2250/3281 1743/2251/3287 1740/2252/3288
f 1740/2252/3288 1743/2251/3287 1737/2253/3283 1735/2254/3282
f 1737/2253/3283 1743/2251/3287 1742/2255/3284
f 1738/2256/3285 1739/2257/3289 1743/2251/3287 1736/2250/3281
f 1739/2257/3289 1741/2258/3286 1742/2255/3284 1743/2251/3287
f 1735/2254/3282 1736/2250/3281 1740/2252/3288
s 1
f 1744/2259/3290 1746/2260/3291 1745/2261/3292
f 1746/2260/3291 1744/2259/3290 1747/2262/3293 1750/2263/3294
f 1748/2264/3295 1747/2262/3293 1744/2259/3290
f 1747/2262/3293 1748/2264/3295 1749/2265/3296 1751/2266/3297
f 1751/2266/3297 1749/2265/3296 1752/2267/3298 1753/2268/3299
f 1751/2266/3297 1753/2268/3299 1747/2262/3293
f 1750/2263/3294 1747/2262/3293 1754/2269/3300 1758/2270/3301
f 1754/2269/3300 1747/2262/3293 1753/2268/3299 1761/2271/3302
f 1755/2272/3303 1753/2268/3299 1752/2267/3298 1756/2273/3304
f 1757/2274/3305 1755/2272/3303 1756/2273/3304
f 1758/2270/3301 1759/2275/3306 1750/2263/3294
f 1760/2276/3307 1759/2275/3306 1758/2270/3301 1770/2277/3308
f 1761/2271/3302 1753/2268/3299 1755/2272/3303 1764/2278/3309
f 1758/2270/3301 1754/2269/3300 1761/2271/3302
f 1762/2279/3310 1755/2272/3303 1757/2274/3305 1763/2280/3311
f 1762/2279/3310 1763/2280/3311 1745/2281/3292 1746/2282/3291
f 1764/2278/3309 1755/2272/3303 1762/2279/3310 1765/2283/3312
f 1765/2283/3312 1762/2279/3310 1746/2282/3291 1750/2284/3294
f 1765/2283/3312 1750/2284/3294 1759/2285/3306 1766/2286/3313
f 1766/2286/3313 1764/2278/3309 1765/2283/3312
f 1766/2286/3313 1759/2285/3306 1760/2287/3307
f 1758/2270/3301 1761/2271/3302 1767/2288/3314 1770/2277/3308
f 1767/2288/3314 1761/2271/3302 1764/2278/3309
f 1768/2289/3315 1764/2278/3309 1766/2286/3313 1769/2290/3316
f 1767/2288/3314 1764/2278/3309 1768/2289/3315 1776/2291/3317
f 1769/2290/3316 1766/2286/3313 1760/2287/3307 1771/2292/3318
f 1772/2293/3319 1771/2292/3318 1760/2287/3307
f 1769/2290/3316 1771/2292/3318 1773/2294/3320 1768/2289/3315
f 1771/2292/3318 1774/2295/3321 1773/2294/3320
f 1774/2295/3321 1775/2296/3322 1773/2294/3320
f 1768/2289/3315 1773/2294/3320 1776/2291/3317
f 1776/2291/3317 1773/2294/3320 1775/2296/3322 1777/2297/3323
f 1767/2288/3314 1776/2291/3317 1770/2277/3308
f 1778/2298/3324 1776/2291/3317 1777/2297/3323
f 1770/2277/3308 1776/2291/3317 1778/2298/3324 1779/2299/3325
f 1770/2277/3308 1779/2299/3325 1780/2300/3326 1760/2276/3307
f 1760/2276/3307 1780/2300/3326 1772/2301/3319
f 1781/2302/3327 1783/2303/3328 1782/2304/3329
f 1784/2305/3330 1781/2302/3327 1782/2304/3329 1785/2306/3331
f 1782/2304/3329 1786/2307/3332 1785/2306/3331
f 1785/2306/3331 1786/2307/3332 1787/2308/3333 1806/2309/3334
f 1781/2302/3327 1784/2305/3330 1788/2310/3335 1789/2311/3336
f 1788/2310/3335 1784/2305/3330 1785/2306/3331 1805/2312/3337
f 1781/2302/3327 1789/2311/3336 1790/2313/3338
f 1790/2313/3338 1789/2311/3336 1791/2314/3339 1792/2315/3340
f 1792/2315/3340 1791/2314/3339 1793/2316/3341 1794/2317/3342
f 1795/2318/3343 1794/2317/3342 1793/2316/3341
f 1796/2319/3344 1791/2314/3339 1789/2311/3336 1798/2320/3345
f 1793/2316/3341 1791/2314/3339 1796/2319/3344 1797/2321/3346
f 1795/2318/3343 1793/2316/3341 1797/2321/3346 1799/2322/3347
f 1789/2311/3336 1788/2310/3335 1798/2320/3345
f 1797/2321/3346 1796/2319/3344 1798/2320/3345 1800/2323/3348
f 1783/2324/3328 1795/2318/3343 1799/2322/3347 1782/2325/3329
f 1799/2322/3347 1797/2321/3346 1800/2323/3348 1801/2326/3349
f 1801/2326/3349 1782/2325/3329 1799/2322/3347
f 1786/2327/3332 1782/2325/3329 1801/2326/3349 1787/2328/3333
f 1802/2329/3350 1800/2323/3348 1798/2320/3345
f 1800/2323/3348 1802/2329/3350 1801/2326/3349
f 1803/2330/3351 1798/2320/3345 1788/2310/3335 1805/2312/3337
f 1802/2329/3350 1798/2320/3345 1803/2330/3351 1817/2331/3352
f 1787/2328/3333 1801/2326/3349 1804/2332/3353
f 1804/2332/3353 1801/2326/3349 1802/2329/3350 1817/2331/3352
f 1805/2312/3337 1785/2306/3331 1806/2309/3334 1807/2333/3354
f 1803/2330/3351 1805/2312/3337 1807/2333/3354 1816/2334/3355
f 1808/2335/3356 1806/2309/3334 1787/2308/3333 1809/2336/3357
f 1807/2333/3354 1806/2309/3334 1808/2335/3356 1811/2337/3358
f 1810/2338/3359 1808/2335/3356 1809/2336/3357
f 1811/2337/3358 1808/2335/3356 1810/2338/3359 1813/2339/3360
f 1807/2333/3354 1811/2337/3358 1812/2340/3361 1816/2334/3355
f 1812/2340/3361 1811/2337/3358 1813/2339/3360 1814/2341/3362
f 1812/2340/3361 1814/2341/3362 1815/2342/3363
f 1817/2331/3352 1803/2330/3351 1816/2334/3355
f 1817/2331/3352 1816/2334/3355 1812/2340/3361
f 1812/2340/3361 1815/2342/3363 1818/2343/3364 1817/2331/3352
f 1804/2332/3353 1817/2331/3352 1818/2343/3364
f 1819/2344/3365 1818/2343/3364 1815/2342/3363
f 1820/2345/3366 1804/2332/3353 1818/2343/3364 1819/2344/3365
f 1787/2328/3333 1804/2332/3353 1820/2345/3366 1809/2346/3357
f 1809/2346/3357 1820/2345/3366 1819/2344/3365 1821/2347/3367
f 1809/2346/3357 1821/2347/3367 1810/2348/3359
f 1813/2349/3360 1810/2350/3359 1822/2351/3368 1823/2352/3369
f 1822/2351/3368 1824/2353/3370 1823/2352/3369
f 1825/2354/3371 1813/2349/3360 1823/2352/3369 1826/2355/3372
f 1814/2356/3362 1813/2349/3360 1825/2354/3371 1834/2357/3373
f 1823/2352/3369 1824/2353/3370 1826/2355/3372
f 1826/2355/3372 1824/2353/3370 1827/2358/3374 1828/2359/3375
f 1826/2355/3372 1828/2359/3375 1829/2360/3376 1825/2354/3371
f 1829/2360/3376 1828/2359/3375 1830/2361/3377
f 1831/2362/3378 1829/2360/3376 1830/2361/3377
f 1831/2362/3378 1832/2363/3379 1829/2360/3376
f 1825/2354/3371 1829/2360/3376 1832/2363/3379 1834/2357/3373
f 1832/2363/3379 1831/2362/3378 1833/2364/3380 1838/2365/3381
f 1835/2366/3382 1814/2356/3362 1834/2357/3373 1836/2367/3383
f 1836/2367/3383 1834/2357/3373 1837/2368/3384 1840/2369/3385
f 1837/2368/3384 1834/2357/3373 1832/2363/3379 1838/2365/3381
f 1838/2365/3381 1833/2364/3380 1839/2370/3386 1837/2368/3384
f 1837/2368/3384 1839/2370/3386 1840/2369/3385
f 1840/2369/3385 1839/2370/3386 1841/2371/3387
f 1836/2367/3383 1840/2369/3385 1841/2371/3387 1842/2372/3388
f 1836/2367/3383 1842/2372/3388 1843/2373/3389 1844/2374/3390
f 1844/2374/3390 1843/2373/3389 1845/2375/3391 1846/2376/3392
f 1836/2367/3383 1844/2374/3390 1846/2376/3392 1835/2366/3382
f 1847/2377/3393 1835/2366/3382 1846/2376/3392 1848/2378/3394
f 1846/2376/3392 1845/2375/3391 1848/2378/3394
f 1848/2378/3394 1845/2375/3391 1849/2379/3395
f 1847/2377/3393 1848/2378/3394 1849/2379/3395 1850/2380/3396
f 1847/2377/3393 1850/2380/3396 1851/2381/3397 1852/2382/3398
f 1853/2383/3399 1852/2382/3398 1851/2381/3397
f 1847/2377/3393 1852/2382/3398 1854/2384/3400 1835/2366/3382
f 1853/2383/3399 1854/2384/3400 1852/2382/3398
f 1855/2385/3401 1835/2366/3382 1854/2384/3400 1856/2386/3402
f 1856/2386/3402 1854/2384/3400 1853/2383/3399 1857/2387/3403
f 1856/2386/3402 1857/2387/3403 1858/2388/3404 1855/2385/3401
f 1859/2389/3405 1855/2385/3401 1858/2388/3404
f 1855/2385/3401 1860/2390/3406 1835/2366/3382
f 1814/2356/3362 1835/2366/3382 1860/2390/3406 1815/2391/3363
f 1861/2392/3407 1855/2385/3401 1859/2389/3405 1862/2393/3408
f 1855/2385/3401 1861/2392/3407 1863/2394/3409 1860/2390/3406
f 1862/2393/3408 1863/2394/3409 1861/2392/3407
f 1863/2394/3409 1862/2393/3408 1864/2395/3410
f 1864/2395/3410 1862/2393/3408 1865/2396/3411 1866/2397/3412
f 1863/2394/3409 1864/2395/3410 1866/2397/3412 1860/2390/3406
f 1866/2397/3412 1865/2396/3411 1867/2398/3413 1868/2399/3414
f 1860/2390/3406 1866/2397/3412 1868/2399/3414
f 1868/2399/3414 1815/2391/3363 1860/2390/3406
f 1815/2391/3363 1868/2399/3414 1869/2400/3415 1819/2401/3365
f 1869/2400/3415 1868/2399/3414 1867/2398/3413 1870/2402/3416
f 1871/2403/3417 1819/2401/3365 1869/2400/3415 1870/2402/3416
f 1819/2401/3365 1871/2403/3417 1821/2404/3367
f 1822/2405/3368 1871/2403/3417 1870/2402/3416 1824/2406/3370
f 1821/2404/3367 1871/2403/3417 1822/2405/3368 1810/2407/3359
f 1862/2408/3408 1859/2409/3405 1865/2410/3411
f 1865/2410/3411 1859/2409/3405 1858/2411/3404 1867/2412/3413
f 1867/2412/3413 1858/2411/3404 1872/2413/3418 1870/2414/3416
f 1824/2415/3370 1870/2414/3416 1872/2413/3418 1827/2416/3374
f 1872/2413/3418 1858/2411/3404 1850/2417/3396 1842/2418/3388
f 1850/2417/3396 1858/2411/3404 1857/2419/3403 1851/2420/3397
f 1857/2419/3403 1853/2421/3399 1851/2420/3397
f 1831/2422/3378 1827/2416/3374 1872/2413/3418 1842/2418/3388
f 1828/2423/3375 1827/2416/3374 1831/2422/3378 1830/2424/3377
f 1842/2418/3388 1850/2417/3396 1849/2425/3395 1843/2426/3389
f 1849/2425/3395 1845/2427/3391 1843/2426/3389
f 1831/2422/3378 1842/2418/3388 1841/2428/3387 1833/2429/3380
f 1841/2428/3387 1839/2430/3386 1833/2429/3380
f 1771/2431/3318 1873/2432/3419 1774/2433/3321
f 1774/2433/3321 1873/2432/3419 1874/2434/3420
f 1875/2435/3421 1874/2434/3420 1873/2432/3419
f 1874/2434/3420 1875/2435/3421 1876/2436/3422
f 1774/2433/3321 1874/2434/3420 1775/2437/3322
f 1874/2434/3420 1876/2436/3422 1877/2438/3423 1775/2437/3322
f 1877/2438/3423 1876/2436/3422 1878/2439/3424
f 1879/2440/3425 1877/2438/3423 1878/2439/3424
f 1775/2437/3322 1877/2438/3423 1880/2441/3426 1777/2442/3323
f 1879/2440/3425 1880/2441/3426 1877/2438/3423
f 1880/2441/3426 1879/2440/3425 1881/2443/3427 1882/2444/3428
f 1882/2444/3428 1881/2443/3427 1883/2445/3429 1884/2446/3430
f 1880/2441/3426 1882/2444/3428 1884/2446/3430 1777/2442/3323
f 1885/2447/3431 1777/2442/3323 1884/2446/3430 1886/2448/3432
f 1777/2442/3323 1885/2447/3431 1778/2449/3324
f 1884/2446/3430 1883/2445/3429 1886/2448/3432
f 1886/2448/3432 1883/2445/3429 1887/2450/3433
f 1885/2447/3431 1886/2448/3432 1887/2450/3433 1888/2451/3434
f 1885/2447/3431 1888/2451/3434 1889/2452/3435 1890/2453/3436
f 1890/2453/3436 1889/2452/3435 1891/2454/3437 1892/2455/3438
f 1885/2447/3431 1890/2453/3436 1892/2455/3438 1778/2449/3324
f 1893/2456/3439 1778/2449/3324 1892/2455/3438 1894/2457/3440
f 1892/2455/3438 1891/2454/3437 1894/2457/3440
f 1894/2457/3440 1891/2454/3437 1895/2458/3441 1893/2456/3439
f 1893/2456/3439 1895/2458/3441 1896/2459/3442
f 1897/2460/3443 1893/2456/3439 1896/2459/3442
f 1898/2461/3444 1893/2456/3439 1897/2460/3443 1899/2462/3445
f 1893/2456/3439 1898/2461/3444 1900/2463/3446 1778/2449/3324
f 1899/2462/3445 1900/2463/3446 1898/2461/3444
f 1901/2464/3447 1778/2449/3324 1900/2463/3446 1902/2465/3448
f 1901/2464/3447 1779/2466/3325 1778/2449/3324
f 1900/2463/3446 1899/2462/3445 1902/2465/3448
f 1902/2465/3448 1899/2462/3445 1903/2467/3449
f 1902/2465/3448 1903/2467/3449 1904/2468/3450 1901/2464/3447
f 1905/2469/3451 1901/2464/3447 1904/2468/3450
f 1906/2470/3452 1901/2464/3447 1905/2469/3451 1907/2471/3453
f 1901/2464/3447 1906/2470/3452 1908/2472/3454 1779/2466/3325
f 1907/2471/3453 1908/2472/3454 1906/2470/3452
f 1779/2466/3325 1908/2472/3454 1909/2473/3455 1780/2474/3326
f 1908/2472/3454 1907/2471/3453 1910/2475/3456
f 1910/2475/3456 1909/2473/3455 1908/2472/3454
f 1910/2475/3456 1907/2471/3453 1911/2476/3457 1909/2473/3455
f 1909/2473/3455 1911/2476/3457 1912/2477/3458 1780/2474/3326
f 1772/2478/3319 1780/2474/3326 1912/2477/3458 1913/2479/3459
f 1772/2478/3319 1913/2479/3459 1771/2480/3318
f 1873/2481/3419 1771/2480/3318 1913/2479/3459
f 1907/2482/3453 1905/2483/3451 1911/2484/3457
f 1911/2484/3457 1905/2483/3451 1904/2485/3450 1912/2486/3458
f 1912/2486/3458 1904/2485/3450 1914/2487/3460 1913/2488/3459
f 1873/2489/3419 1913/2488/3459 1914/2487/3460 1875/2490/3421
f 1914/2487/3460 1904/2485/3450 1896/2491/3442 1888/2492/3434
f 1896/2491/3442 1904/2485/3450 1903/2493/3449 1897/2494/3443
f 1903/2493/3449 1899/2495/3445 1897/2494/3443
f 1879/2496/3425 1875/2490/3421 1914/2487/3460 1888/2492/3434
f 1876/2497/3422 1875/2490/3421 1879/2496/3425 1878/2498/3424
f 1888/2492/3434 1896/2491/3442 1895/2499/3441 1889/2500/3435
f 1895/2499/3441 1891/2501/3437 1889/2500/3435
f 1879/2496/3425 1888/2492/3434 1887/2502/3433 1881/2503/3427
f 1887/2502/3433 1883/2504/3429 1881/2503/3427
f 1915/2505/3461 1916/2506/3462 1917/2507/3463 1918/2508/3464
f 1919/2509/3465 1918/2508/3464 1917/2507/3463 1920/2510/3466
f 1921/2511/3467 1919/2509/3465 1920/2510/3466 1932/2512/3468
f 1916/2506/3462 1924/2513/3469 1927/2514/3470 1930/2515/3471
f 1924/2513/3469 1925/2516/3472 1928/2517/3473 1927/2514/3470
f 1929/2518/3474 1925/2516/3472 1926/2519/3475 1938/2520/3476
f 1929/2518/3474 1928/2517/3473 1925/2516/3472
f 1917/2507/3463 1916/2506/3462 1930/2515/3471
f 1763/2521/3311 1917/2507/3463 1930/2515/3471 1745/2522/3292
f 1763/2521/3311 1920/2510/3466 1917/2507/3463
f 1744/2523/3290 1745/2522/3292 1930/2515/3471
f 1744/2523/3290 1930/2515/3471 1927/2514/3470 1931/2524/3477
f 1920/2510/3466 1763/2521/3311 1757/2525/3305 1932/2512/3468
f 1927/2514/3470 1928/2517/3473 1931/2524/3477
f 1748/2526/3295 1744/2523/3290 1931/2524/3477 1935/2527/3478
f 1928/2517/3473 1929/2518/3474 1933/2528/3479 1931/2524/3477
f 1931/2524/3477 1933/2528/3479 1934/2529/3480 1935/2527/3478
f 1748/2526/3295 1935/2527/3478 1936/2530/3481 1749/2531/3296
f 1936/2530/3481 1935/2527/3478 1934/2529/3480 1939/2532/3482
f 1749/2531/3296 1936/2530/3481 1752/2533/3298
f 1783/2534/3328 1933/2528/3479 1929/2518/3474
f 1934/2529/3480 1933/2528/3479 1783/2534/3328 1781/2535/3327
f 1937/2536/3483 1932/2512/3468 1757/2525/3305 1756/2537/3304
f 1783/2534/3328 1929/2518/3474 1938/2520/3476 1972/2538/3484
f 1934/2529/3480 1781/2535/3327 1790/2539/3338 1939/2532/3482
f 1936/2530/3481 1939/2532/3482 1940/2540/3485
f 1940/2540/3485 1939/2532/3482 1790/2539/3338 1946/2541/3486
f 1941/2542/3487 1752/2533/3298 1936/2530/3481 1940/2540/3485
f 1942/2543/3488 1756/2537/3304 1752/2533/3298 1941/2542/3487
f 1943/2544/3489 1937/2536/3483 1756/2537/3304 1942/2543/3488
f 1943/2544/3489 1942/2543/3488 1944/2545/3490 1945/2546/3491
f 1937/2536/3483 1943/2544/3489 1945/2546/3491 1950/2547/3492
f 1790/2539/3338 1792/2548/3340 1946/2541/3486
f 1940/2540/3485 1946/2541/3486 1947/2549/3493 1949/2550/3494
f 1947/2549/3493 1946/2541/3486 1792/2548/3340 1953/2551/3495
f 1942/2543/3488 1941/2542/3487 1948/2552/3496 1944/2545/3490
f 1941/2542/3487 1940/2540/3485 1949/2550/3494 1951/2553/3497
f 1950/2547/3492 1932/2512/3468 1937/2536/3483
f 1948/2552/3496 1941/2542/3487 1951/2553/3497 1964/2554/3498
f 1932/2512/3468 1950/2547/3492 1952/2555/3499 1921/2511/3467
f 1953/2551/3495 1792/2548/3340 1069/2556/2645
f 1069/2556/2645 1792/2548/3340 1794/2557/3342 1107/2558/2703
f 1950/2547/3492 1945/2546/3491 1922/2559/3500 1954/2560/3501
f 1945/2546/3491 1923/2561/3502 1922/2559/3500
f 1923/2561/3502 1945/2546/3491 1944/2545/3490
f 1950/2547/3492 1954/2560/3501 1955/2562/3503
f 1952/2555/3499 1950/2547/3492 1955/2562/3503
f 1955/2562/3503 1956/2563/3504 1952/2555/3499
f 1952/2555/3499 1956/2563/3504 1957/2564/3505
f 1921/2511/3467 1952/2555/3499 1957/2564/3505 1958/2565/3506
f 1921/2511/3467 1958/2565/3506 1959/2566/3507
f 1944/2545/3490 1961/2567/3508 1960/2568/3509
f 1962/2569/3510 1961/2567/3508 1944/2545/3490 1948/2552/3496
f 1948/2552/3496 1963/2570/3511 1962/2569/3510
f 1964/2554/3498 1963/2570/3511 1948/2552/3496
f 1951/2553/3497 1965/2571/3512 1964/2554/3498
f 1966/2572/3513 1965/2571/3512 1951/2553/3497 1949/2550/3494
f 1949/2550/3494 1967/2573/3514 1966/2572/3513
f 1968/2574/3515 1967/2573/3514 1949/2550/3494 1947/2549/3493
f 1947/2549/3493 1969/2575/3516 1968/2574/3515
f 1969/2575/3516 1947/2549/3493 1953/2551/3495 1970/2576/3517
f 1953/2551/3495 1971/2577/3518 1970/2576/3517
f 987/2578/2557 1971/2577/3518 1953/2551/3495 1069/2556/2645
f 1971/2577/3518 986/2579/2556 985/2580/2555
f 1106/2581/2704 1107/2558/2703 1794/2557/3342 1972/2538/3484
f 1108/2582/2705 1106/2581/2704 1972/2538/3484 1938/2520/3476
f 1794/2557/3342 1795/2583/3343 1972/2538/3484
f 1795/2583/3343 1783/2534/3328 1972/2538/3484
f 1296/2584/2706 1108/2582/2705 1938/2520/3476 1973/2585/3519
f 1926/2519/3475 1973/2585/3519 1938/2520/3476
f 1921/2586/3467 1959/2587/3507 1974/2588/3520 1975/2589/3521
f 1975/2589/3521 1974/2588/3520 1976/2590/3522
f 1921/2586/3467 1975/2589/3521 1977/2591/3523 1919/2592/3465
f 1918/2593/3464 1919/2592/3465 1977/2591/3523 1978/2594/3524
f 1915/2595/3461 1918/2593/3464 1978/2594/3524 1979/2596/3525
f 1980/2597/3526 1978/2594/3524 1977/2591/3523 1981/2598/3527
f 1979/2596/3525 1978/2594/3524 1980/2597/3526 1982/2599/3528
f 1981/2598/3527 1977/2591/3523 1975/2589/3521 1983/2600/3529
f 1983/2600/3529 1975/2589/3521 1976/2590/3522 1986/2601/3530
f 1981/2598/3527 1983/2600/3529 1984/2602/3531
f 1985/2603/3532 1980/2597/3526 1981/2598/3527
f 1982/2599/3528 1980/2597/3526 1985/2603/3532 1988/2604/3533
f 1985/2603/3532 1981/2598/3527 1984/2602/3531 1990/2605/3534
f 1983/2600/3529 1986/2601/3530 1987/2606/3535
f 1984/2602/3531 1983/2600/3529 1987/2606/3535 1989/2607/3536
f 1988/2604/3533 1985/2603/3532 1990/2605/3534 1992/2608/3537
f 1984/2602/3531 1989/2607/3536 1991/2609/3538
f 1993/2610/3539 1984/2602/3531 1991/2609/3538 1995/2611/3540
f 1984/2602/3531 1993/2610/3539 1990/2605/3534
f 1992/2608/3537 1990/2605/3534 1994/2612/3541 1997/2613/3542
f 1994/2612/3541 1990/2605/3534 1993/2610/3539 2000/2614/3543
f 1993/2610/3539 1995/2611/3540 1996/2615/3544
f 1997/2613/3542 1994/2612/3541 1998/2616/3545 1999/2617/3546
f 2000/2614/3543 1993/2610/3539 1996/2615/3544 2001/2618/3547
f 1998/2616/3545 1994/2612/3541 2000/2614/3543
f 2000/2614/3543 2001/2618/3547 2002/2619/3548
f 2000/2614/3543 2002/2619/3548 2003/2620/3549 1998/2616/3545
f 2004/2621/3550 1999/2617/3546 1998/2616/3545 2008/2622/3551
f 1998/2616/3545 2003/2620/3549 2005/2623/3552
f 1998/2616/3545 2005/2623/3552 2006/2624/3553 2008/2622/3551
f 2007/2625/3554 2004/2621/3550 2008/2622/3551 2011/2626/3555
f 2008/2622/3551 2006/2624/3553 2009/2627/3556
f 2008/2622/3551 2009/2627/3556 2010/2628/3557 2011/2626/3555
f 2011/2626/3555 2010/2628/3557 2012/2629/3558
f 2011/2626/3555 2012/2629/3558 2013/2630/3559 2014/2631/3560
f 2007/2625/3554 2011/2626/3555 2014/2631/3560 2015/2632/3561
s off
f 2014/2631/3562 2013/2630/3563 2016/2633/3564
f 2017/2634/3565 2014/2631/3566 2016/2633/3567
s 1
f 987/2578/2557 986/2579/2556 1971/2577/3518
f 2021/2635/3568 2035/2636/3569 2034/2637/3570 2020/2638/3571
f 2030/2639/3572 2037/2640/3573 2036/2641/3574 2029/2642/3575
f 2019/2643/3576 2038/2644/3577 2039/2645/3578 2025/2646/3579
f 2024/2647/3580 2041/2648/3581 2040/2649/3582 2023/2650/3583
f 2022/2651/3584 2042/2652/3585 2035/2636/3569 2021/2635/3568
f 2023/2650/3583 2040/2649/3582 2042/2652/3585 2022/2651/3584
f 2033/2653/3586 2043/2654/3587 2038/2644/3577 2019/2643/3576
f 2020/2638/3571 2034/2637/3570 2044/2655/3588 2018/2656/3589
f 2018/2656/3589 2044/2655/3588 2043/2654/3587 2033/2653/3586
f 2026/2657/3590 2045/2658/3591 2041/2648/3581 2024/2647/3580
f 2028/2659/3592 2046/2660/3593 2045/2658/3591 2026/2657/3590
f 2029/2642/3575 2036/2641/3574 2046/2660/3593 2028/2659/3592
f 2025/2646/3579 2039/2645/3578 2047/2661/3594 2027/2662/3595
f 2031/2663/3596 2048/2664/3597 2037/2640/3573 2030/2639/3572
f 2027/2662/3595 2047/2661/3594 2049/2665/3598 2032/2666/3599
f 2032/2666/3599 2049/2665/3598 2048/2664/3597 2031/2663/3596
f 2097/2667/3600 2051/2668/3601 2050/2669/3602 2082/2670/3603
f 2088/2671/3604 2053/2672/3605 2052/2673/3606 2089/2674/3607
f 2085/2675/3608 2055/2676/3609 2054/2677/3610 2086/2678/3611
f 2092/2679/3612 2056/2680/3613 2057/2681/3614 2093/2682/3615
f 2091/2683/3616 2058/2684/3617 2056/2680/3613 2092/2679/3612
f 2090/2685/3618 2059/2686/3619 2058/2684/3617 2091/2683/3616
f 2089/2674/3607 2052/2673/3606 2059/2686/3619 2090/2685/3618
f 2087/2687/3620 2060/2688/3621 2053/2672/3605 2088/2671/3604
f 2086/2678/3611 2054/2677/3610 2060/2688/3621 2087/2687/3620
f 2084/2689/3622 2061/2690/3623 2055/2676/3609 2085/2675/3608
f 2083/2691/3624 2062/2692/3625 2061/2690/3623 2084/2689/3622
f 2082/2670/3603 2050/2669/3602 2062/2692/3625 2083/2691/3624
f 2096/2693/3626 2063/2694/3627 2051/2668/3601 2097/2667/3600
f 2095/2695/3628 2064/2696/3629 2063/2694/3627 2096/2693/3626
f 2093/2682/3615 2057/2681/3614 2065/2697/3630 2094/2698/3631
f 2094/2698/3631 2065/2697/3630 2064/2696/3629 2095/2695/3628
f 2061/2690/3623 2067/2699/3632 2066/2700/3633 2055/2676/3609
f 2056/2680/3613 2068/2701/3634 2069/2702/3635 2057/2681/3614
f 2060/2688/3621 2071/2703/3636 2070/2704/3637 2053/2672/3605
f 2051/2668/3601 2073/2705/3638 2072/2706/3639 2050/2669/3602
f 2062/2692/3625 2074/2707/3640 2067/2699/3632 2061/2690/3623
f 2050/2669/3602 2072/2706/3639 2074/2707/3640 2062/2692/3625
f 2063/2694/3627 2075/2708/3641 2073/2705/3638 2051/2668/3601
f 2064/2696/3629 2076/2709/3642 2075/2708/3641 2063/2694/3627
f 2057/2681/3614 2069/2702/3635 2077/2710/3643 2065/2697/3630
f 2065/2697/3630 2077/2710/3643 2076/2709/3642 2064/2696/3629
f 2053/2672/3605 2070/2704/3637 2078/2711/3644 2052/2673/3606
f 2058/2684/3617 2079/2712/3645 2068/2701/3634 2056/2680/3613
f 2059/2686/3619 2080/2713/3646 2079/2712/3645 2058/2684/3617
f 2052/2673/3606 2078/2711/3644 2080/2713/3646 2059/2686/3619
f 2055/2676/3609 2066/2700/3633 2081/2714/3647 2054/2677/3610
f 2054/2677/3610 2081/2714/3647 2071/2703/3636 2060/2688/3621
f 2046/2660/3593 2082/2670/3603 2083/2691/3624 2045/2658/3591
f 2045/2658/3591 2083/2691/3624 2084/2689/3622 2041/2648/3581
f 2041/2648/3581 2084/2689/3622 2085/2675/3608 2040/2649/3582
f 2040/2649/3582 2085/2675/3608 2086/2678/3611 2042/2652/3585
f 2042/2652/3585 2086/2678/3611 2087/2687/3620 2035/2636/3569
f 2035/2636/3569 2087/2687/3620 2088/2671/3604 2034/2637/3570
f 2034/2637/3570 2088/2671/3604 2089/2674/3607 2044/2655/3588
f 2044/2655/3588 2089/2674/3607 2090/2685/3618 2043/2654/3587
f 2043/2654/3587 2090/2685/3618 2091/2683/3616 2038/2644/3577
f 2038/2644/3577 2091/2683/3616 2092/2679/3612 2039/2645/3578
f 2039/2645/3578 2092/2679/3612 2093/2682/3615 2047/2661/3594
f 2047/2661/3594 2093/2682/3615 2094/2698/3631 2049/2665/3598
f 2049/2665/3598 2094/2698/3631 2095/2695/3628 2048/2664/3597
f 2048/2664/3597 2095/2695/3628 2096/2693/3626 2037/2640/3573
f 2037/2640/3573 2096/2693/3626 2097/2667/3600 2036/2641/3574
f 2036/2641/3574 2097/2667/3600 2082/2670/3603 2046/2660/3593
f 2101/2715/3648 2100/2716/3649 2099/2717/3650 2098/2718/3651
f 2100/2716/3649 2101/2715/3648 2103/2719/3652 2102/2720/3653
f 2102/2720/3653 2103/2719/3652 2105/2721/3654 2104/2722/3655
f 2105/2721/3654 2107/2723/3656 2106/2724/3657 2104/2722/3655
f 2109/2725/3658 2108/2726/3659 2106/2724/3657 2107/2723/3656
f 2111/2727/3660 2110/2728/3661 2108/2726/3659 2109/2725/3658
f 2099/2717/3650 2113/2729/3662 2112/2730/3663 2098/2718/3651
f 2111/2727/3660 2115/2731/3664 2114/2732/3665 2110/2728/3661
f 2117/2733/3666 2116/2734/3667 2112/2730/3663 2113/2729/3662
f 2119/2735/3668 2118/2736/3669 2114/2732/3665 2115/2731/3664
f 2117/2733/3666 2121/2737/3670 2120/2738/3671 2116/2734/3667
f 2119/2735/3668 2123/2739/3672 2122/2740/3673 2118/2736/3669
f 2121/2737/3670 2125/2741/3674 2124/2742/3675 2120/2738/3671
f 2125/2741/3674 2201/2743/3676 2200/2744/3677 2124/2742/3675
f 2127/2745/3678 2129/2746/3679 2128/2747/3680 2126/2748/3681
f 2123/2739/3672 2131/2749/3682 2130/2750/3683 2122/2740/3673
f 2131/2749/3682 2203/2751/3684 2202/2752/3685 2130/2750/3683
f 2133/2753/3686 2135/2754/3687 2134/2755/3688 2132/2756/3689
f 2129/2746/3679 2137/2757/3690 2136/2758/3691 2128/2747/3680
f 2135/2754/3687 2139/2759/3692 2138/2760/3693 2134/2755/3688
f 2137/2757/3690 2141/2761/3694 2140/2762/3695 2136/2758/3691
f 2139/2759/3692 2143/2763/3696 2142/2764/3697 2138/2760/3693
f 2145/2765/3698 2144/2766/3699 2142/2764/3697 2143/2763/3696
f 2147/2767/3700 2146/2768/3701 2140/2762/3695 2141/2761/3694
f 2147/2767/3700 2149/2769/3702 2148/2770/3703 2146/2768/3701
f 2145/2765/3698 2151/2771/3704 2150/2772/3705 2144/2766/3699
f 2149/2769/3702 2153/2773/3706 2152/2774/3707 2148/2770/3703
f 2151/2771/3704 2155/2775/3708 2154/2776/3709 2150/2772/3705
f 2153/2773/3706 2157/2777/3710 2156/2778/3711 2152/2774/3707
f 2155/2775/3708 2159/2779/3712 2158/2780/3713 2154/2776/3709
f 2157/2777/3710 2161/2781/3714 2160/2782/3715 2156/2778/3711
f 2159/2779/3712 2163/2783/3716 2162/2784/3717 2158/2780/3713
f 2161/2781/3714 2165/2785/3718 2164/2786/3719 2160/2782/3715
f 2163/2783/3716 2167/2787/3720 2166/2788/3721 2162/2784/3717
f 2165/2785/3718 2169/2789/3722 2168/2790/3723 2164/2786/3719
f 2167/2787/3720 2171/2791/3724 2170/2792/3725 2166/2788/3721
f 2169/2789/3722 2173/2793/3726 2172/2794/3727 2168/2790/3723
f 2171/2791/3724 2175/2795/3728 2174/2796/3729 2170/2792/3725
f 2173/2793/3726 2177/2797/3730 2176/2798/3731 2172/2794/3727
f 2175/2795/3728 2179/2799/3732 2178/2800/3733 2174/2796/3729
f 2177/2797/3730 2181/2801/3734 2180/2802/3735 2176/2798/3731
f 2179/2799/3732 2183/2803/3736 2182/2804/3737 2178/2800/3733
f 2181/2801/3734 2185/2805/3738 2184/2806/3739 2180/2802/3735
f 2183/2803/3736 2187/2807/3740 2186/2808/3741 2182/2804/3737
f 2185/2805/3738 2189/2809/3742 2188/2810/3743 2184/2806/3739
f 2187/2807/3740 2191/2811/3744 2190/2812/3745 2186/2808/3741
f 2189/2809/3742 2193/2813/3746 2192/2814/3747 2188/2810/3743
f 2191/2811/3744 2195/2815/3748 2194/2816/3749 2190/2812/3745
f 2193/2813/3746 2197/2817/3750 2196/2818/3751 2192/2814/3747
f 2195/2815/3748 2199/2819/3752 2198/2820/3753 2194/2816/3749
f 2197/2817/3750 1240/2821/2428 1239/2822/2427 2196/2818/3751
f 2199/2819/3752 1242/2823/2430 1241/2824/2429 2198/2820/3753
f 2201/2743/3676 2127/2745/3678 2126/2748/3681 2200/2744/3677
f 2203/2751/3684 2133/2753/3686 2132/2756/3689 2202/2752/3685
f 2112/2730/3663 2205/2825/3754 2204/2826/3755 2098/2718/3651
f 2205/2825/3754 2115/2731/3664 2111/2727/3660 2204/2826/3755
f 2098/2718/3651 2204/2826/3755 2206/2827/3756 2101/2715/3648
f 2204/2826/3755 2111/2727/3660 2109/2725/3658 2206/2827/3756
f 2116/2734/3667 2207/2828/3757 2205/2825/3754 2112/2730/3663
f 2115/2731/3664 2205/2825/3754 2207/2828/3757 2119/2735/3668
f 2120/2738/3671 2208/2829/3758 2207/2828/3757 2116/2734/3667
f 2208/2829/3758 2123/2739/3672 2119/2735/3668 2207/2828/3757
f 2124/2742/3675 2209/2830/3759 2208/2829/3758 2120/2738/3671
f 2209/2830/3759 2131/2749/3682 2123/2739/3672 2208/2829/3758
f 2200/2744/3677 2210/2831/3760 2209/2830/3759 2124/2742/3675
f 2210/2831/3760 2203/2751/3684 2131/2749/3682 2209/2830/3759
f 2203/2751/3684 2210/2831/3760 2211/2832/3761 2133/2753/3686
f 2210/2831/3760 2200/2744/3677 2126/2748/3681 2211/2832/3761
f 2128/2747/3680 2212/2833/3762 2211/2832/3761 2126/2748/3681
f 2133/2753/3686 2211/2832/3761 2212/2833/3762 2135/2754/3687
f 2136/2758/3691 2213/2834/3763 2212/2833/3762 2128/2747/3680
f 2213/2834/3763 2139/2759/3692 2135/2754/3687 2212/2833/3762
f 2140/2762/3695 2214/2835/3764 2213/2834/3763 2136/2758/3691
f 2139/2759/3692 2213/2834/3763 2214/2835/3764 2143/2763/3696
f 2152/2774/3707 2217/2836/3765 2216/2837/3766 2148/2770/3703
f 2148/2770/3703 2216/2837/3766 2215/2838/3767 2146/2768/3701
f 2216/2837/3766 2151/2771/3704 2145/2765/3698 2215/2838/3767
f 2217/2836/3765 2155/2775/3708 2151/2771/3704 2216/2837/3766
f 2143/2763/3696 2214/2835/3764 2215/2838/3767 2145/2765/3698
f 2146/2768/3701 2215/2838/3767 2214/2835/3764 2140/2762/3695
f 1239/2822/2427 1243/2839/2446 2228/2840/3768 2196/2818/3751
f 2218/2841/3769 2156/2778/3711 2160/2782/3715 2219/2842/3770
f 2164/2786/3719 2220/2843/3771 2219/2842/3770 2160/2782/3715
f 2220/2843/3771 2164/2786/3719 2168/2790/3723 2221/2844/3772
f 2172/2794/3727 2222/2845/3773 2221/2844/3772 2168/2790/3723
f 2222/2845/3773 2172/2794/3727 2176/2798/3731 2223/2846/3774
f 2180/2802/3735 2224/2847/3775 2223/2846/3774 2176/2798/3731
f 2224/2847/3775 2180/2802/3735 2184/2806/3739 2225/2848/3776
f 2188/2810/3743 2226/2849/3777 2225/2848/3776 2184/2806/3739
f 2192/2814/3747 2227/2850/3778 2226/2849/3777 2188/2810/3743
f 2227/2850/3778 2192/2814/3747 2196/2818/3751 2228/2840/3768
f 2159/2779/3712 2218/2841/3769 2219/2842/3770 2163/2783/3716
f 2220/2843/3771 2167/2787/3720 2163/2783/3716 2219/2842/3770
f 2167/2787/3720 2220/2843/3771 2221/2844/3772 2171/2791/3724
f 2222/2845/3773 2175/2795/3728 2171/2791/3724 2221/2844/3772
f 2175/2795/3728 2222/2845/3773 2223/2846/3774 2179/2799/3732
f 2224/2847/3775 2183/2803/3736 2179/2799/3732 2223/2846/3774
f 2183/2803/3736 2224/2847/3775 2225/2848/3776 2187/2807/3740
f 2226/2849/3777 2191/2811/3744 2187/2807/3740 2225/2848/3776
f 2227/2850/3778 2195/2815/3748 2191/2811/3744 2226/2849/3777
f 2195/2815/3748 2227/2850/3778 2228/2840/3768 2199/2819/3752
f 1243/2839/2446 1242/2823/2430 2199/2819/3752 2228/2840/3768
f 2156/2778/3711 2218/2841/3769 2217/2836/3765 2152/2774/3707
f 2218/2841/3769 2159/2779/3712 2155/2775/3708 2217/2836/3765
f 2101/2715/3648 2206/2827/3756 2105/2721/3654 2103/2719/3652
f 2107/2723/3656 2105/2721/3654 2206/2827/3756 2109/2725/3658
f 2376/2851/3779 2230/2852/3780 2229/2853/3781 2377/2854/3782
f 2230/2852/3780 2376/2851/3779 2232/2855/3783 2231/2856/3784
f 2381/2857/3785 2233/2858/3786 2231/2856/3784 2232/2855/3783
f 2375/2859/3787 2235/2860/3788 2234/2861/3789 2379/2862/3790
f 2235/2860/3788 2375/2859/3787 2237/2863/3791 2236/2864/3792
f 2377/2854/3782 2229/2853/3781 2240/2865/3793 2378/2866/3794
f 2381/2857/3785 2380/2867/3795 2239/2868/3796 2233/2858/3786
f 2380/2867/3795 2379/2862/3790 2234/2861/3789 2239/2868/3796
f 2240/2865/3793 2372/2869/3797 2238/2870/3798 2378/2866/3794
f 2239/2868/3796 2193/2813/3746 2189/2809/3742 2233/2858/3786
f 2236/2864/3792 1245/2871/2478 1244/2872/2477 2235/2860/3788
f 1246/2873/2479 2234/2861/3789 2235/2860/3788 1244/2872/2477
f 2197/2817/3750 2234/2861/3789 1246/2873/2479 1240/2821/2428
f 2193/2813/3746 2239/2868/3796 2234/2861/3789 2197/2817/3750
f 2233/2858/3786 2189/2809/3742 2185/2805/3738 2231/2856/3784
f 2080/2713/3646 1248/2874/2481 1247/2875/2480 2079/2712/3645
f 2068/2701/3634 2079/2712/3645 1247/2875/2480 1249/2876/2482
f 1251/2877/2483 2078/2711/3644 2070/2704/3637 1250/2878/2484
f 1248/2874/2481 2080/2713/3646 2078/2711/3644 1251/2877/2483
f 1249/2876/2482 1252/2879/2485 2069/2702/3635 2068/2701/3634
f 1252/2879/2485 1253/2880/2487 2241/2881/3799 2069/2702/3635
f 2242/2882/3800 2077/2710/3643 2069/2702/3635 2241/2881/3799
f 2077/2710/3643 2242/2882/3800 2243/2883/3801 2076/2709/3642
f 2076/2709/3642 2243/2883/3801 2244/2884/3802 2075/2708/3641
f 2075/2708/3641 2244/2884/3802 2245/2885/3803 2073/2705/3638
f 2073/2705/3638 2245/2885/3803 2246/2886/3804 2072/2706/3639
f 2072/2706/3639 2246/2886/3804 2247/2887/3805 2074/2707/3640
f 2241/2881/3799 1253/2880/2487 1254/2888/2495 2248/2889/3806
f 2242/2882/3800 2241/2881/3799 2248/2889/3806 2249/2890/3807
f 2242/2882/3800 2249/2890/3807 2250/2891/3808 2243/2883/3801
f 2251/2892/3809 2244/2884/3802 2243/2883/3801 2250/2891/3808
f 2252/2893/3810 2245/2885/3803 2244/2884/3802 2251/2892/3809
f 2071/2703/3636 2254/2894/3811 2253/2895/3812 2070/2704/3637
f 1255/2896/2502 1250/2878/2484 2070/2704/3637 2253/2895/3812
f 2254/2894/3811 2071/2703/3636 2081/2714/3647 2255/2897/3813
f 2257/2898/3814 2099/2717/3650 2100/2716/3649 2256/2899/3815
f 2246/2886/3804 2117/2733/3666 2113/2729/3662 2247/2887/3805
f 2074/2707/3640 2247/2887/3805 2257/2898/3814 2067/2699/3632
f 2099/2717/3650 2257/2898/3814 2247/2887/3805 2113/2729/3662
f 2245/2885/3803 2252/2893/3810 2117/2733/3666 2246/2886/3804
f 2252/2893/3810 2258/2900/3816 2121/2737/3670 2117/2733/3666
f 2258/2900/3816 2252/2893/3810 2251/2892/3809 2259/2901/3817
f 2259/2901/3817 2125/2741/3674 2121/2737/3670 2258/2900/3816
f 2125/2741/3674 2259/2901/3817 2260/2902/3818 2201/2743/3676
f 2260/2902/3818 2259/2901/3817 2251/2892/3809 2261/2903/3819
f 2248/2889/3806 1254/2888/2495 1256/2904/2511 2262/2905/3820
f 2248/2889/3806 2262/2905/3820 2263/2906/3821 2249/2890/3807
f 2264/2907/3822 2250/2891/3808 2249/2890/3807 2263/2906/3821
f 2261/2903/3819 2251/2892/3809 2250/2891/3808 2264/2907/3822
f 2256/2899/3815 2100/2716/3649 2102/2720/3653 2265/2908/3823
f 2265/2908/3823 2102/2720/3653 2104/2722/3655 2266/2909/3824
f 2106/2724/3657 2267/2910/3825 2266/2909/3824 2104/2722/3655
f 2267/2910/3825 2106/2724/3657 2108/2726/3659 2268/2911/3826
f 2110/2728/3661 2269/2912/3827 2268/2911/3826 2108/2726/3659
f 2269/2912/3827 2110/2728/3661 2114/2732/3665 2270/2913/3828
f 2270/2913/3828 2114/2732/3665 2118/2736/3669 2271/2914/3829
f 2271/2914/3829 2118/2736/3669 2122/2740/3673 2272/2915/3830
f 2272/2915/3830 2122/2740/3673 2130/2750/3683 2273/2916/3831
f 2273/2916/3831 2130/2750/3683 2202/2752/3685 2274/2917/3832
f 2274/2917/3832 2202/2752/3685 2132/2756/3689 2275/2918/3833
f 2275/2918/3833 2132/2756/3689 2134/2755/3688 2276/2919/3834
f 2276/2919/3834 2134/2755/3688 2138/2760/3693 2277/2920/3835
f 2277/2920/3835 2138/2760/3693 2142/2764/3697 2278/2921/3836
f 2278/2921/3836 2142/2764/3697 2144/2766/3699 2279/2922/3837
f 2150/2772/3705 2280/2923/3838 2279/2922/3837 2144/2766/3699
f 2280/2923/3838 2150/2772/3705 2154/2776/3709 2281/2924/3839
f 2158/2780/3713 2282/2925/3840 2281/2924/3839 2154/2776/3709
f 2282/2925/3840 2158/2780/3713 2162/2784/3717 2283/2926/3841
f 2182/2804/3737 2285/2927/3842 2284/2928/3843 2178/2800/3733
f 2286/2929/3844 2174/2796/3729 2178/2800/3733 2284/2928/3843
f 2174/2796/3729 2286/2929/3844 2287/2930/3845 2170/2792/3725
f 2170/2792/3725 2287/2930/3845 2288/2931/3846 2166/2788/3721
f 2283/2926/3841 2162/2784/3717 2166/2788/3721 2288/2931/3846
f 2285/2927/3842 2182/2804/3737 2186/2808/3741 2289/2932/3847
f 2289/2932/3847 2186/2808/3741 2190/2812/3745 2290/2933/3848
f 2290/2933/3848 2190/2812/3745 2194/2816/3749 2291/2934/3849
f 2292/2935/3850 2198/2820/3753 1241/2824/2429 1257/2936/2542
f 2291/2934/3849 2194/2816/3749 2198/2820/3753 2292/2935/3850
f 2066/2700/3633 2256/2899/3815 2265/2908/3823 2293/2937/3851
f 2256/2899/3815 2066/2700/3633 2067/2699/3632 2257/2898/3814
f 2266/2909/3824 2294/2938/3852 2293/2937/3851 2265/2908/3823
f 2066/2700/3633 2293/2937/3851 2255/2897/3813 2081/2714/3647
f 2253/2895/3812 2254/2894/3811 1258/2939/2545 1255/2896/2502
f 2254/2894/3811 2295/2940/3853 1259/2941/2546 1258/2939/2545
f 2255/2897/3813 2296/2942/3854 2295/2940/3853 2254/2894/3811
f 2296/2942/3854 2255/2897/3813 2293/2937/3851 2294/2938/3852
f 2295/2940/3853 2297/2943/3855 1260/2944/2549 1259/2941/2546
f 2296/2942/3854 2298/2945/3856 2297/2943/3855 2295/2940/3853
f 2294/2938/3852 2299/2946/3857 2298/2945/3856 2296/2942/3854
f 2266/2909/3824 2300/2947/3858 2299/2946/3857 2294/2938/3852
f 2267/2910/3825 2301/2948/3859 2300/2947/3858 2266/2909/3824
f 2297/2943/3855 985/2949/2555 1260/2944/2549
f 2298/2945/3856 2302/2950/3860 985/2949/2555 2297/2943/3855
f 2299/2946/3857 2302/2950/3860 2298/2945/3856
f 2300/2947/3858 2303/2951/3861 2302/2950/3860 2299/2946/3857
f 2301/2948/3859 2303/2951/3861 2300/2947/3858
f 2268/2911/3826 2304/2952/3862 2301/2948/3859 2267/2910/3825
f 2304/2952/3862 2268/2911/3826 2269/2912/3827 2305/2953/3863
f 2305/2953/3863 2269/2912/3827 2270/2913/3828 2306/2954/3864
f 2306/2954/3864 2270/2913/3828 2271/2914/3829 2307/2955/3865
f 2307/2955/3865 2271/2914/3829 2272/2915/3830 2308/2956/3866
f 2273/2916/3831 2309/2957/3867 2308/2956/3866 2272/2915/3830
f 2309/2957/3867 2273/2916/3831 2274/2917/3832 2310/2958/3868
f 2275/2918/3833 2311/2959/3869 2310/2958/3868 2274/2917/3832
f 2276/2919/3834 2312/2960/3870 2311/2959/3869 2275/2918/3833
f 2312/2960/3870 2276/2919/3834 2277/2920/3835 2313/2961/3871
f 2278/2921/3836 2314/2962/3872 2313/2961/3871 2277/2920/3835
f 2314/2962/3872 2278/2921/3836 2279/2922/3837 2315/2963/3873
f 2315/2963/3873 2279/2922/3837 2280/2923/3838 2316/2964/3874
f 2281/2924/3839 2317/2965/3875 2316/2964/3874 2280/2923/3838
f 2282/2925/3840 2318/2966/3876 2317/2965/3875 2281/2924/3839
f 2283/2926/3841 2319/2967/3877 2318/2966/3876 2282/2925/3840
f 2288/2931/3846 2320/2968/3878 2319/2967/3877 2283/2926/3841
f 2285/2927/3842 2322/2969/3879 2321/2970/3880 2284/2928/3843
f 2284/2928/3843 2321/2970/3880 2323/2971/3881 2286/2929/3844
f 2286/2929/3844 2323/2971/3881 2324/2972/3882 2287/2930/3845
f 2289/2932/3847 2325/2973/3883 2322/2969/3879 2285/2927/3842
f 2290/2933/3848 2326/2974/3884 2325/2973/3883 2289/2932/3847
f 2291/2934/3849 2327/2975/3885 2326/2974/3884 2290/2933/3848
f 1257/2936/2542 1261/2976/2583 2328/2977/3886 2292/2935/3850
f 2292/2935/3850 2328/2977/3886 2327/2975/3885 2291/2934/3849
f 2320/2968/3878 2288/2931/3846 2287/2930/3845 2324/2972/3882
f 2329/2978/3887 2262/2905/3820 1256/2904/2511 1262/2979/2585
f 2330/2980/3888 2263/2906/3821 2262/2905/3820 2329/2978/3887
f 2263/2906/3821 2330/2980/3888 2331/2981/3889 2264/2907/3822
f 2332/2982/3890 2261/2903/3819 2264/2907/3822 2331/2981/3889
f 2260/2902/3818 2261/2903/3819 2332/2982/3890 2333/2983/3891
f 2201/2743/3676 2260/2902/3818 2333/2983/3891 2127/2745/3678
f 2335/2984/3892 2177/2797/3730 2173/2793/3726 2334/2985/3893
f 2169/2789/3722 2336/2986/3894 2334/2985/3893 2173/2793/3726
f 2336/2986/3894 2169/2789/3722 2165/2785/3718 2337/2987/3895
f 2161/2781/3714 2338/2988/3896 2337/2987/3895 2165/2785/3718
f 2338/2988/3896 2161/2781/3714 2157/2777/3710 2339/2989/3897
f 2339/2989/3897 2157/2777/3710 2153/2773/3706 2340/2990/3898
f 2149/2769/3702 2341/2991/3899 2340/2990/3898 2153/2773/3706
f 2147/2767/3700 2342/2992/3900 2341/2991/3899 2149/2769/3702
f 2342/2992/3900 2147/2767/3700 2141/2761/3694 2343/2993/3901
f 2137/2757/3690 2344/2994/3902 2343/2993/3901 2141/2761/3694
f 2129/2746/3679 2345/2995/3903 2344/2994/3902 2137/2757/3690
f 2345/2995/3903 2129/2746/3679 2127/2745/3678 2333/2983/3891
f 2346/2996/3904 2345/2995/3903 2333/2983/3891 2332/2982/3890
f 2346/2996/3904 2332/2982/3890 2331/2981/3889 2347/2997/3905
f 2331/2981/3889 2330/2980/3888 2329/2978/3887 2347/2997/3905
f 1262/2979/2585 1263/2998/2605 2348/2999/3906 2329/2978/3887
f 2349/3000/3907 2347/2997/3905 2329/2978/3887 2348/2999/3906
f 2350/3001/3908 2346/2996/3904 2347/2997/3905 2349/3000/3907
f 2346/2996/3904 2350/3001/3908 2344/2994/3902 2345/2995/3903
f 1263/2998/2605 1264/3002/2609 2351/3003/3909 2348/2999/3906
f 2348/2999/3906 2351/3003/3909 2352/3004/3910 2349/3000/3907
f 2352/3004/3910 2353/3005/3911 2350/3001/3908 2349/3000/3907
f 2353/3005/3911 2343/2993/3901 2344/2994/3902 2350/3001/3908
f 1264/3002/2609 1265/3006/2613 2354/3007/3912 2351/3003/3909
f 2351/3003/3909 2354/3007/3912 2355/3008/3913 2352/3004/3910
f 2342/2992/3900 2357/3009/3914 2356/3010/3915 2341/2991/3899
f 2354/3007/3912 2356/3010/3915 2357/3009/3914 2355/3008/3913
f 2355/3008/3913 2357/3009/3914 2353/3005/3911 2352/3004/3910
f 2357/3009/3914 2342/2992/3900 2343/2993/3901 2353/3005/3911
f 1265/3006/2613 1266/3011/2618 2358/3012/3916 2354/3007/3912
f 2359/3013/3917 2356/3010/3915 2354/3007/3912 2358/3012/3916
f 2341/2991/3899 2356/3010/3915 2359/3013/3917 2340/2990/3898
f 2361/3014/3918 2335/2984/3892 2334/2985/3893 2360/3015/3919
f 2360/3015/3919 2334/2985/3893 2336/2986/3894 2362/3016/3920
f 2337/2987/3895 2363/3017/3921 2362/3016/3920 2336/2986/3894
f 2363/3017/3921 2337/2987/3895 2338/2988/3896 2364/3018/3922
f 2364/3018/3922 2338/2988/3896 2339/2989/3897 2365/3019/3923
f 2340/2990/3898 2359/3013/3917 2365/3019/3923 2339/2989/3897
f 2358/3012/3916 2364/3018/3922 2365/3019/3923 2359/3013/3917
f 1266/3011/2618 1267/3020/2626 2364/3018/3922 2358/3012/3916
f 2363/3017/3921 2364/3018/3922 1267/3020/2626 1268/3021/2627
f 2363/3017/3921 1268/3021/2627 1269/3022/2628 2362/3016/3920
f 1270/3023/2629 2360/3015/3919 2362/3016/3920 1269/3022/2628
f 1270/3023/2629 1271/3024/2630 2361/3014/3918 2360/3015/3919
f 1271/3024/2630 1272/3025/2632 2366/3026/3924 2361/3014/3918
f 1272/3025/2632 1273/3027/2634 2367/3028/3925 2366/3026/3924
f 1273/3027/2634 1274/3029/2635 2372/2869/3797 2367/3028/3925
f 2368/3030/3926 2367/3028/3925 2372/2869/3797 2240/2865/3793
f 2229/2853/3781 2369/3031/3927 2368/3030/3926 2240/2865/3793
f 2369/3031/3927 2229/2853/3781 2230/2852/3780 2370/3032/3928
f 2231/2856/3784 2185/2805/3738 2370/3032/3928 2230/2852/3780
f 2368/3030/3926 2371/3033/3929 2366/3026/3924 2367/3028/3925
f 2361/3014/3918 2366/3026/3924 2371/3033/3929 2335/2984/3892
f 2372/2869/3797 2236/2864/3792 2237/2863/3791 2238/2870/3798
f 1245/2871/2478 2236/2864/3792 2372/2869/3797 1274/3029/2635
f 2185/2805/3738 2181/2801/3734 2373/3034/3930 2370/3032/3928
f 2374/3035/3931 2369/3031/3927 2370/3032/3928 2373/3034/3930
f 2368/3030/3926 2369/3031/3927 2374/3035/3931 2371/3033/3929
f 2177/2797/3730 2335/2984/3892 2371/3033/3929 2374/3035/3931
f 2177/2797/3730 2374/3035/3931 2373/3034/3930 2181/2801/3734
f 2232/2855/3783 2376/2851/3779 2383/3036/3932 2382/3037/3933
f 2383/3036/3932 2237/2863/3791 2375/2859/3787 2382/3037/3933
f 2379/2862/3790 2380/2867/3795 2382/3037/3933 2375/2859/3787
f 2232/2855/3783 2382/3037/3933 2380/2867/3795 2381/2857/3785
f 2237/2863/3791 2383/3036/3932 2384/3038/3934 2238/2870/3798
f 2376/2851/3779 2377/2854/3782 2384/3038/3934 2383/3036/3932
f 2377/2854/3782 2378/2866/3794 2238/2870/3798 2384/3038/3934
f 2304/2952/3862 2303/2951/3861 2301/2948/3859
f 2305/2953/3863 2385/3039/3935 2303/2951/3861 2304/2952/3862
f 2385/3039/3935 2305/2953/3863 2306/2954/3864
f 2385/3039/3935 2306/2954/3864 2307/2955/3865 2386/3040/3936
f 2308/2956/3866 2387/3041/3937 2386/3040/3936 2307/2955/3865
f 2309/2957/3867 2388/3042/3938 2387/3041/3937 2308/2956/3866
f 2310/2958/3868 2389/3043/3939 2388/3042/3938 2309/2957/3867
f 2389/3043/3939 2310/2958/3868 2311/2959/3869 2390/3044/3940
f 2390/3044/3940 2311/2959/3869 2312/2960/3870 2391/3045/3941
f 2313/2961/3871 2392/3046/3942 2391/3045/3941 2312/2960/3870
f 2314/2962/3872 2393/3047/3943 2392/3046/3942 2313/2961/3871
f 2393/3047/3943 2314/2962/3872 2315/2963/3873 2394/3048/3944
f 2394/3048/3944 2315/2963/3873 2316/2964/3874 2395/3049/3945
f 2395/3049/3945 2316/2964/3874 2317/2965/3875 2396/3050/3946
f 2396/3050/3946 2317/2965/3875 2318/2966/3876 2397/3051/3947
f 2319/2967/3877 2398/3052/3948 2397/3051/3947 2318/2966/3876
f 2399/3053/3949 2398/3052/3948 2319/2967/3877 2320/2968/3878
f 2400/3054/3950 2399/3053/3949 2320/2968/3878 2324/2972/3882
f 2323/2971/3881 2401/3055/3951 2400/3054/3950 2324/2972/3882
f 2323/2971/3881 2321/2970/3880 2402/3056/3952 2401/3055/3951
f 2402/3056/3952 2321/2970/3880 2322/2969/3879 2403/3057/3953
f 2403/3057/3953 2322/2969/3879 2325/2973/3883 2404/3058/3954
f 2404/3058/3954 2325/2973/3883 2326/2974/3884 1275/3059/2665
f 2328/2977/3886 1261/2976/2583 1276/3060/2666 2327/2975/3885
f 1275/3059/2665 2326/2974/3884 2327/2975/3885 1276/3060/2666
f 2403/3057/3953 2404/3058/3954 1275/3059/2665 1277/3061/2667
f 2402/3056/3952 2403/3057/3953 1277/3061/2667 1278/3062/2668
f 1278/3062/2668 1279/3063/2669 2401/3055/3951 2402/3056/3952
f 2400/3054/3950 2401/3055/3951 1279/3063/2669 1280/3064/2670
f 1280/3064/2670 1281/3065/2671 2399/3053/3949 2400/3054/3950
f 1281/3065/2671 1282/3066/2672 2398/3052/3948 2399/3053/3949
f 1282/3066/2672 1283/3067/2673 2397/3051/3947 2398/3052/3948
f 2396/3050/3946 2397/3051/3947 1283/3067/2673 1284/3068/2674
f 1284/3068/2674 1285/3069/2676 2405/3070/3955 2396/3050/3946
f 2405/3070/3955 2406/3071/3956 2395/3049/3945 2396/3050/3946
f 1285/3069/2676 1286/3072/2678 2406/3071/3956 2405/3070/3955
f 2406/3071/3956 2407/3073/3957 2394/3048/3944 2395/3049/3945
f 2407/3073/3957 2406/3071/3956 1286/3072/2678 1287/3074/2680
f 2408/3075/3958 2407/3073/3957 1287/3074/2680 1288/3076/2682
f 2407/3073/3957 2408/3075/3958 2393/3047/3943 2394/3048/3944
f 2390/3044/3940 2410/3077/3959 2409/3078/3960 2389/3043/3939
f 2410/3077/3959 1290/3079/2686 1289/3080/2685 2409/3078/3960
f 1288/3076/2682 1291/3081/2688 2411/3082/3961 2408/3075/3958
f 2392/3046/3942 2393/3047/3943 2408/3075/3958 2411/3082/3961
f 2412/3083/3962 2391/3045/3941 2392/3046/3942 2411/3082/3961
f 2412/3083/3962 2411/3082/3961 1291/3081/2688 1292/3084/2690
f 2410/3077/3959 2412/3083/3962 1292/3084/2690 1290/3079/2686
f 2410/3077/3959 2390/3044/3940 2391/3045/3941 2412/3083/3962
f 2409/3078/3960 2414/3085/3963 2413/3086/3964 2389/3043/3939
f 2414/3085/3963 2409/3078/3960 1289/3080/2685 1293/3087/2693
f 1294/3088/2694 2416/3089/3965 2414/3085/3963 1293/3087/2693
f 2413/3086/3964 2414/3085/3963 2416/3089/3965 2415/3090/3966
f 2389/3043/3939 2413/3086/3964 2417/3091/3967 2388/3042/3938
f 2418/3092/3968 2387/3041/3937 2388/3042/3938 2417/3091/3967
f 2417/3091/3967 2413/3086/3964 2415/3090/3966 2418/3092/3968
f 2386/3040/3936 2387/3041/3937 2418/3092/3968 2419/3093/3969
f 2419/3093/3969 2418/3092/3968 2415/3090/3966 2420/3094/3970
f 2420/3094/3970 2415/3090/3966 2416/3089/3965 2421/3095/3971
f 1295/3096/2702 2421/3095/3971 2416/3089/3965 1294/3088/2694
f 2423/3097/3972 2386/3098/3936 2419/3099/3969 2422/3100/3973
f 2421/3101/3971 1295/3102/2702 1296/3103/2706 2424/3104/3974
f 2424/3104/3974 2420/3105/3970 2421/3101/3971
f 2422/3100/3973 2419/3099/3969 2420/3105/3970 2424/3104/3974
f 2423/3097/3972 2385/3106/3935 2386/3098/3936
f 2024/2647/3580 2431/3107/3975 2433/3108/3976 2026/2657/3590
f 2030/2639/3572 2437/3109/3977 2438/3110/3978 2031/2663/3596
f 2023/2650/3583 2430/3111/3979 2431/3107/3975 2024/2647/3580
f 2019/2643/3576 2426/3112/3980 2440/3113/3981 2033/2653/3586
f 2020/2638/3571 2427/3114/3982 2428/3115/3983 2021/2635/3568
f 2033/2653/3586 2440/3113/3981 2425/3116/3984 2018/2656/3589
f 2028/2659/3592 2435/3117/3985 2436/3118/3986 2029/2642/3575
f 2021/2635/3568 2428/3115/3983 2429/3119/3987 2022/2651/3584
f 2027/2662/3595 2434/3120/3988 2432/3121/3989 2025/2646/3579
f 2032/2666/3599 2439/3122/3990 2434/3120/3988 2027/2662/3595
f 2018/2656/3589 2425/3116/3984 2427/3114/3982 2020/2638/3571
f 2025/2646/3579 2432/3121/3989 2426/3112/3980 2019/2643/3576
f 2029/2642/3575 2436/3118/3986 2437/3109/3977 2030/2639/3572
f 2022/2651/3584 2429/3119/3987 2430/3111/3979 2023/2650/3583
f 2031/2663/3596 2438/3110/3978 2439/3122/3990 2032/2666/3599
f 2026/2657/3590 2433/3108/3976 2435/3117/3985 2028/2659/3592
s 79
f 2553/3123/3991 2450/3124/3992 2449/3125/3993 2443/3126/3994
f 2552/3127/3995 2448/3128/3996 2447/3129/3997 2442/3130/3998
f 2441/3131/3999 2446/3132/4000 2445/3133/4001 2551/3134/4002
f 2444/3135/4003 2451/3136/4004 2450/3124/3992 2553/3123/3991
f 2443/3126/3994 2449/3125/3993 2448/3137/3996 2552/3138/3995
f 2442/3130/3998 2447/3129/3997 2446/3132/4000 2441/3131/3999
f 2551/3134/4002 2445/3133/4001 2550/3139/4005
f 2554/3140/4006 2451/3136/4004 2444/3135/4003
f 2451/3136/4004 2458/3141/4007 2457/3142/4008 2450/3124/3992
f 2449/3125/3993 2456/3143/4009 2455/3144/4010 2448/3145/3996
f 2447/3129/3997 2454/3146/4011 2453/3147/4012 2446/3132/4000
f 2445/3133/4001 2452/3148/4013 2550/3139/4005
f 2554/3140/4006 2458/3141/4007 2451/3136/4004
f 2450/3124/3992 2457/3142/4008 2456/3143/4009 2449/3125/3993
f 2448/3149/3996 2455/3150/4010 2454/3146/4011 2447/3129/3997
f 2446/3132/4000 2453/3147/4012 2452/3148/4013 2445/3133/4001
f 2454/3146/4011 2461/3151/4014 2460/3152/4015 2453/3147/4012
f 2452/3148/4013 2459/3153/4016 2550/3139/4005
f 2554/3140/4006 2465/3154/4017 2458/3141/4007
f 2457/3142/4008 2464/3155/4018 2463/3156/4019 2456/3143/4009
f 2455/3150/4010 2462/3157/4020 2461/3151/4014 2454/3146/4011
f 2453/3147/4012 2460/3152/4015 2459/3153/4016 2452/3148/4013
f 2458/3141/4007 2465/3154/4017 2464/3155/4018 2457/3142/4008
f 2456/3143/4009 2463/3156/4019 2462/3158/4020 2455/3144/4010
f 2554/3140/4006 2472/3159/4021 2465/3154/4017
f 2464/3155/4018 2471/3160/4022 2470/3161/4023 2463/3156/4019
f 2462/3162/4020 2469/3163/4024 2468/3164/4025 2461/3151/4014
f 2460/3152/4015 2467/3165/4026 2466/3166/4027 2459/3153/4016
f 2465/3154/4017 2472/3159/4021 2471/3160/4022 2464/3155/4018
f 2463/3156/4019 2470/3161/4023 2469/3167/4024 2462/3168/4020
f 2461/3151/4014 2468/3164/4025 2467/3165/4026 2460/3152/4015
f 2459/3153/4016 2466/3166/4027 2550/3139/4005
f 2467/3165/4026 2474/3169/4028 2473/3170/4029 2466/3166/4027
f 2472/3159/4021 2479/3171/4030 2478/3172/4031 2471/3160/4022
f 2470/3161/4023 2477/3173/4032 2476/3174/4033 2469/3175/4024
f 2468/3164/4025 2475/3176/4034 2474/3169/4028 2467/3165/4026
f 2466/3166/4027 2473/3170/4029 2550/3139/4005
f 2554/3140/4006 2479/3171/4030 2472/3159/4021
f 2471/3160/4022 2478/3172/4031 2477/3173/4032 2470/3161/4023
f 2469/3177/4024 2476/3178/4033 2475/3176/4034 2468/3164/4025
f 2479/3171/4030 2486/3179/4035 2485/3180/4036 2478/3172/4031
f 2477/3173/4032 2484/3181/4037 2483/3182/4038 2476/3183/4033
f 2475/3176/4034 2482/3184/4039 2481/3185/4040 2474/3169/4028
f 2473/3170/4029 2480/3186/4041 2550/3139/4005
f 2554/3140/4006 2486/3179/4035 2479/3171/4030
f 2478/3172/4031 2485/3180/4036 2484/3181/4037 2477/3173/4032
f 2476/3187/4033 2483/3188/4038 2482/3184/4039 2475/3176/4034
f 2474/3169/4028 2481/3185/4040 2480/3186/4041 2473/3170/4029
f 2480/3186/4041 2487/3189/4042 2550/3139/4005
f 2554/3140/4006 2493/3190/4043 2486/3179/4035
f 2485/3180/4036 2492/3191/4044 2491/3192/4045 2484/3181/4037
f 2483/3188/4038 2490/3193/4046 2489/3194/4047 2482/3184/4039
f 2481/3185/4040 2488/3195/4048 2487/3189/4042 2480/3186/4041
f 2486/3179/4035 2493/3190/4043 2492/3191/4044 2485/3180/4036
f 2484/3181/4037 2491/3192/4045 2490/3196/4046 2483/3182/4038
f 2482/3184/4039 2489/3194/4047 2488/3195/4048 2481/3185/4040
f 2492/3191/4044 2499/3197/4049 2498/3198/4050 2491/3192/4045
f 2490/3199/4046 2497/3200/4051 2496/3201/4052 2489/3194/4047
f 2488/3195/4048 2495/3202/4053 2494/3203/4054 2487/3189/4042
f 2493/3190/4043 2500/3204/4055 2499/3197/4049 2492/3191/4044
f 2491/3192/4045 2498/3198/4050 2497/3205/4051 2490/3206/4046
f 2489/3194/4047 2496/3201/4052 2495/3202/4053 2488/3195/4048
f 2487/3189/4042 2494/3203/4054 2550/3139/4005
f 2554/3140/4006 2500/3204/4055 2493/3190/4043
f 2500/3204/4055 2507/3207/4056 2506/3208/4057 2499/3197/4049
f 2498/3198/4050 2505/3209/4058 2504/3210/4059 2497/3205/4051
f 2496/3201/4052 2503/3211/4060 2502/3212/4061 2495/3202/4053
f 2494/3203/4054 2501/3213/4062 2550/3139/4005
f 2554/3140/4006 2507/3207/4056 2500/3204/4055
f 2499/3197/4049 2506/3208/4057 2505/3209/4058 2498/3198/4050
f 2497/3200/4051 2504/3214/4059 2503/3211/4060 2496/3201/4052
f 2495/3202/4053 2502/3212/4061 2501/3213/4062 2494/3203/4054
f 2505/3209/4058 2512/3215/4063 2511/3216/4064 2504/3217/4059
f 2503/3211/4060 2510/3218/4065 2509/3219/4066 2502/3212/4061
f 2501/3213/4062 2508/3220/4067 2550/3139/4005
f 2554/3140/4006 2514/3221/4068 2507/3207/4056
f 2506/3208/4057 2513/3222/4069 2512/3215/4063 2505/3209/4058
f 2504/3223/4059 2511/3224/4064 2510/3218/4065 2503/3211/4060
f 2502/3212/4061 2509/3219/4066 2508/3220/4067 2501/3213/4062
f 2507/3207/4056 2514/3221/4068 2513/3222/4069 2506/3208/4057
f 2554/3140/4006 2521/3225/4070 2514/3221/4068
f 2513/3222/4069 2520/3226/4071 2519/3227/4072 2512/3215/4063
f 2511/3224/4064 2518/3228/4073 2517/3229/4074 2510/3218/4065
f 2509/3219/4066 2516/3230/4075 2515/3231/4076 2508/3220/4067
f 2514/3221/4068 2521/3225/4070 2520/3226/4071 2513/3222/4069
f 2512/3215/4063 2519/3227/4072 2518/3232/4073 2511/3216/4064
f 2510/3218/4065 2517/3229/4074 2516/3230/4075 2509/3219/4066
f 2508/3220/4067 2515/3231/4076 2550/3139/4005
f 2518/3233/4073 2525/3234/4077 2524/3235/4078 2517/3229/4074
f 2516/3230/4075 2523/3236/4079 2522/3237/4080 2515/3231/4076
f 2521/3225/4070 2528/3238/4081 2527/3239/4082 2520/3226/4071
f 2519/3227/4072 2526/3240/4083 2525/3241/4077 2518/3242/4073
f 2517/3229/4074 2524/3235/4078 2523/3236/4079 2516/3230/4075
f 2515/3231/4076 2522/3237/4080 2550/3139/4005
f 2554/3140/4006 2528/3238/4081 2521/3225/4070
f 2520/3226/4071 2527/3239/4082 2526/3240/4083 2519/3227/4072
f 2528/3238/4081 2535/3243/4084 2534/3244/4085 2527/3239/4082
f 2526/3240/4083 2533/3245/4086 2532/3246/4087 2525/3241/4077
f 2524/3235/4078 2531/3247/4088 2530/3248/4089 2523/3236/4079
f 2522/3237/4080 2529/3249/4090 2550/3139/4005
f 2554/3140/4006 2535/3243/4084 2528/3238/4081
f 2527/3239/4082 2534/3244/4085 2533/3245/4086 2526/3240/4083
f 2525/3234/4077 2532/3250/4087 2531/3247/4088 2524/3235/4078
f 2523/3236/4079 2530/3248/4089 2529/3249/4090 2522/3237/4080
f 2531/3247/4088 2538/3251/4091 2537/3252/4092 2530/3248/4089
f 2529/3249/4090 2536/3253/4093 2550/3139/4005
f 2554/3140/4006 2542/3254/4094 2535/3243/4084
f 2534/3244/4085 2541/3255/4095 2540/3256/4096 2533/3245/4086
f 2532/3257/4087 2539/3258/4097 2538/3251/4091 2531/3247/4088
f 2530/3248/4089 2537/3252/4092 2536/3253/4093 2529/3249/4090
f 2535/3243/4084 2542/3254/4094 2541/3255/4095 2534/3244/4085
f 2533/3245/4086 2540/3256/4096 2539/3259/4097 2532/3260/4087
f 2554/3140/4006 2549/3261/4098 2542/3254/4094
f 2541/3255/4095 2548/3262/4099 2547/3263/4100 2540/3256/4096
f 2539/3258/4097 2546/3264/4101 2545/3265/4102 2538/3251/4091
f 2537/3252/4092 2544/3266/4103 2543/3267/4104 2536/3253/4093
f 2542/3254/4094 2549/3261/4098 2548/3262/4099 2541/3255/4095
f 2540/3256/4096 2547/3263/4100 2546/3268/4101 2539/3259/4097
f 2538/3251/4091 2545/3265/4102 2544/3266/4103 2537/3252/4092
f 2536/3253/4093 2543/3267/4104 2550/3139/4005
f 2544/3266/4103 2441/3131/3999 2551/3134/4002 2543/3267/4104
f 2549/3261/4098 2444/3135/4003 2553/3123/3991 2548/3262/4099
f 2547/3263/4100 2443/3126/3994 2552/3138/3995 2546/3269/4101
f 2545/3265/4102 2442/3130/3998 2441/3131/3999 2544/3266/4103
f 2543/3267/4104 2551/3134/4002 2550/3139/4005
f 2554/3140/4006 2444/3135/4003 2549/3261/4098
f 2548/3262/4099 2553/3123/3991 2443/3126/3994 2547/3263/4100
f 2546/3270/4101 2552/3127/3995 2442/3130/3998 2545/3265/4102
s 80
f 2559/3271/4105 2561/3272/4106 2557/3273/4107 2556/3274/4108
f 2557/3273/4107 2562/3275/4109 2556/3274/4108
f 2558/3276/4110 2559/3271/4105 2556/3274/4108 2555/3277/4111
f 2559/3278/4105 2563/3279/4112 2562/3280/4109 2561/3281/4106
f 2561/3281/4106 2562/3280/4109 2557/3282/4113
f 2563/3279/4112 2556/3283/4108 2562/3280/4109
f 2558/3284/4110 2560/3285/4114 2563/3279/4112 2559/3278/4105
f 2560/3285/4114 2555/3286/4111 2556/3283/4108 2563/3279/4112
s 12
f 2567/3287/4115 2568/3288/4116 2566/3289/4117 2565/3290/4118
f 2566/3289/4117 2569/3291/4119 2565/3290/4118
f 1309/3292/2852 2567/3287/4115 2565/3290/4118 2564/3293/4120
f 2567/3294/4115 2570/3295/4121 2569/3296/4119 2568/3297/4116
f 2568/3297/4116 2569/3296/4119 2566/3298/4122
f 2570/3295/4121 2565/3299/4118 2569/3296/4119
f 1309/3300/2852 1311/3301/2856 2570/3295/4121 2567/3294/4115
f 1311/3301/2856 2564/3302/4120 2565/3299/4118 2570/3295/4121
s 82
f 2572/3303/4123 2573/3304/4124 2574/3305/4125 2577/3306/4126
f 2574/3305/4125 2573/3304/4124 2578/3307/4127
f 2571/3308/4128 2575/3309/4129 2573/3304/4124 2572/3303/4123
f 2572/3310/4123 2577/3311/4126 2578/3312/4127 2579/3313/4130
f 2577/3311/4126 2574/3314/4131 2578/3312/4127
f 2579/3313/4130 2578/3312/4127 2573/3315/4124
f 2571/3316/4128 2572/3310/4123 2579/3313/4130 2576/3317/4132
f 2576/3317/4132 2579/3313/4130 2573/3315/4124 2575/3318/4129
s 83
f 2583/3319/4133 2585/3320/4134 2581/3321/4135 2580/3322/4136
f 2581/3321/4135 2586/3323/4137 2580/3322/4136
f 2584/3324/4138 2583/3319/4133 2580/3322/4136 2582/3325/4139
f 2583/3326/4133 2587/3327/4140 2586/3328/4137 2585/3329/4134
f 2585/3329/4134 2586/3328/4137 2581/3330/4141
f 2587/3327/4140 2580/3331/4136 2586/3328/4137
f 2584/3332/4138 2588/3333/4142 2587/3327/4140 2583/3326/4133
f 2588/3333/4142 2582/3334/4139 2580/3331/4136 2587/3327/4140
s 84
f 2590/3335/4143 2596/3336/4144 2591/3337/4145 2589/3338/4146
f 2592/3339/4147 2595/3340/4148 2596/3336/4144 2590/3335/4143
f 2590/3341/4143 2594/3342/4149 2597/3343/4150
f 2594/3342/4149 2589/3344/4146 2591/3345/4145 2597/3343/4150
f 2591/3345/4145 2596/3346/4144 2597/3343/4150
f 2592/3347/4147 2590/3341/4143 2597/3343/4150 2593/3348/4151
f 2593/3348/4151 2597/3343/4150 2596/3346/4144 2595/3349/4148
f 2589/3344/4146 2594/3342/4149 2590/3341/4143
s 85
f 2598/3350/4152 2601/3351/4153 2603/3352/4154 2599/3353/4155
f 2604/3354/4156 2598/3350/4152 2599/3353/4155 2600/3355/4157
f 2598/3356/4152 2605/3357/4158 2602/3358/4159
f 2602/3358/4159 2605/3357/4158 2603/3359/4154 2601/3360/4153
f 2603/3359/4154 2605/3357/4158 2599/3361/4155
f 2604/3362/4156 2606/3363/4160 2605/3357/4158 2598/3356/4152
f 2606/3363/4160 2600/3364/4157 2599/3361/4155 2605/3357/4158
f 2601/3360/4153 2598/3356/4152 2602/3358/4159
s 86
f 2608/3365/4161 2609/3366/4162 2610/3367/4163 2613/3368/4164
f 2610/3367/4163 2609/3366/4162 2614/3369/4165
f 2607/3370/4166 2611/3371/4167 2609/3366/4162 2608/3365/4161
f 2608/3372/4161 2613/3373/4164 2614/3374/4165 2615/3375/4168
f 2613/3373/4164 2610/3376/4169 2614/3374/4165
f 2615/3375/4168 2614/3374/4165 2609/3377/4162
f 2607/3378/4166 2608/3372/4161 2615/3375/4168 2612/3379/4170
f 2612/3379/4170 2615/3375/4168 2609/3377/4162 2611/3380/4167
s 87
f 2617/3381/4171 2621/3382/4172 2624/3383/4173 2618/3384/4174
f 2620/3385/4175 2625/3386/4176 2619/3387/4177 2616/3388/4178
f 2625/3386/4176 2617/3381/4171 2618/3384/4174 2619/3387/4177
f 2617/3389/4171 2626/3390/4179 2623/3391/4180
f 2623/3391/4180 2626/3390/4179 2624/3392/4173 2621/3393/4172
f 2624/3392/4173 2626/3390/4179 2618/3394/4174
f 2620/3395/4175 2622/3396/4181 2627/3397/4182 2625/3398/4176
f 2625/3398/4176 2627/3397/4182 2626/3390/4179 2617/3389/4171
f 2627/3397/4182 2619/3399/4177 2618/3394/4174 2626/3390/4179
f 2622/3396/4181 2616/3400/4178 2619/3399/4177 2627/3397/4182
f 2621/3393/4172 2617/3389/4171 2623/3391/4180
s 89
f 2629/3401/4183 2635/3402/4184 2630/3403/4185 2628/3404/4186
f 2631/3405/4187 2634/3406/4188 2635/3402/4184 2629/3401/4183
f 2629/3407/4183 2633/3408/4189 2636/3409/4190
f 2633/3408/4189 2628/3410/4186 2630/3411/4185 2636/3409/4190
f 2630/3411/4185 2635/3412/4184 2636/3409/4190
f 2631/3413/4187 2629/3407/4183 2636/3409/4190 2632/3414/4191
f 2632/3414/4191 2636/3409/4190 2635/3412/4184 2634/3415/4188
f 2628/3410/4186 2633/3408/4189 2629/3407/4183
s 90
f 2644/3416/4192 2638/3417/4193 2640/3418/4194 2639/3419/4195
f 2638/3417/4193 2643/3420/4196 2647/3421/4197 2640/3418/4194
f 2642/3422/4198 2648/3423/4199 2641/3424/4200 2637/3425/4201
f 2648/3423/4199 2644/3416/4192 2639/3419/4195 2641/3424/4200
f 2644/3426/4192 2650/3427/4202 2649/3428/4203 2646/3429/4204
f 2646/3429/4204 2649/3428/4203 2647/3430/4197 2643/3431/4196
f 2650/3427/4202 2639/3432/4195 2649/3428/4203
f 2638/3433/4193 2644/3426/4192 2646/3429/4204
f 2647/3430/4197 2649/3428/4203 2640/3434/4194
f 2649/3428/4203 2639/3432/4195 2640/3434/4194
f 2642/3435/4198 2645/3436/4205 2651/3437/4206 2648/3438/4199
f 2648/3438/4199 2651/3437/4206 2650/3427/4202 2644/3426/4192
f 2651/3437/4206 2641/3439/4200 2639/3432/4195 2650/3427/4202
f 2645/3436/4205 2637/3440/4201 2641/3439/4200 2651/3437/4206
f 2643/3431/4196 2638/3433/4193 2646/3429/4204
s 92
f 2653/3441/4207 2657/3442/4208 2654/3443/4209 2652/3444/4210
f 2665/3445/4211 2662/3446/4212 2652/3444/4210 2654/3443/4209
f 2654/3443/4209 2657/3442/4208 2667/3447/4213 2665/3445/4211
f 2657/3442/4208 2655/3448/4214 2666/3449/4215 2667/3447/4213
f 2663/3450/4216 2661/3451/4217 2656/3452/4218 2653/3441/4207
f 2656/3452/4218 2655/3448/4214 2657/3442/4208 2653/3441/4207
f 2662/3446/4212 2663/3450/4216 2653/3441/4207 2652/3444/4210
f 2664/3453/4219 2659/3454/4220 2660/3455/4221 2668/3456/4222
f 2665/3457/4211 2660/3455/4221 2659/3454/4220 2662/3458/4212
f 2660/3455/4221 2665/3457/4211 2667/3459/4213 2668/3456/4222
f 2668/3456/4222 2667/3459/4213 2666/3460/4215 2669/3461/4223
f 2663/3462/4216 2664/3453/4219 2658/3463/4224 2661/3464/4217
f 2658/3463/4224 2664/3453/4219 2668/3456/4222 2669/3461/4223
f 2662/3458/4212 2659/3454/4220 2664/3453/4219 2663/3462/4216
s 94
f 2674/3465/4225 2676/3466/4226 2671/3467/4227 2672/3468/4228
f 2673/3469/4229 2674/3465/4225 2672/3468/4228 2670/3470/4230
f 2674/3471/4225 2677/3472/4231 2678/3473/4232 2676/3474/4226
f 2676/3474/4226 2678/3473/4232 2671/3475/4227
f 2677/3472/4231 2672/3476/4228 2671/3475/4227 2678/3473/4232
f 2673/3477/4229 2675/3478/4233 2677/3472/4231 2674/3471/4225
f 2675/3478/4233 2670/3479/4230 2672/3476/4228 2677/3472/4231
s 95
f 2681/3480/4234 2686/3481/4235 2687/3482/4236 2695/3483/4237
f 2695/3483/4237 2687/3482/4236 2684/3484/4238 2680/3485/4239
f 2687/3482/4236 2696/3486/4240 2690/3487/4241 2684/3484/4238
f 2686/3481/4235 2682/3488/4242 2696/3486/4240 2687/3482/4236
f 2679/3489/4243 2683/3490/4244 2688/3491/4245 2685/3492/4246
f 2685/3492/4246 2688/3491/4245 2686/3481/4235 2681/3480/4234
f 2688/3491/4245 2693/3493/4247 2682/3488/4242 2686/3481/4235
f 2683/3490/4244 2689/3494/4248 2693/3493/4247 2688/3491/4245
f 2681/3495/4234 2692/3496/4249 2698/3497/4250 2697/3498/4251
f 2692/3496/4249 2680/3499/4239 2684/3500/4238 2698/3497/4250
f 2698/3497/4250 2684/3500/4238 2690/3501/4241 2694/3502/4252
f 2697/3498/4251 2698/3497/4250 2694/3502/4252 2682/3503/4242
f 2695/3504/4237 2692/3496/4249 2681/3495/4234
f 2690/3501/4241 2696/3505/4240 2694/3502/4252
f 2694/3502/4252 2696/3505/4240 2682/3503/4242
f 2679/3506/4243 2685/3507/4246 2699/3508/4253 2691/3509/4254
f 2685/3507/4246 2681/3495/4234 2697/3498/4251 2699/3508/4253
f 2699/3508/4253 2697/3498/4251 2682/3503/4242 2693/3510/4247
f 2691/3509/4254 2699/3508/4253 2693/3510/4247 2689/3511/4248
f 2680/3499/4239 2692/3496/4249 2695/3504/4237
s 97
f 2706/3512/4255 2701/3513/4256 2703/3514/4257 2702/3515/4258
f 2701/3513/4256 2705/3516/4259 2708/3517/4260 2703/3514/4257
f 2709/3518/4261 2701/3513/4256 2706/3512/4255
f 2708/3517/4260 2710/3519/4262 2703/3514/4257
f 2703/3514/4257 2710/3519/4262 2702/3515/4258
f 2704/3520/4263 2706/3512/4255 2702/3515/4258 2700/3521/4264
f 2705/3516/4259 2701/3513/4256 2709/3518/4261
f 2706/3522/4255 2711/3523/4265 2710/3524/4262 2709/3525/4261
f 2709/3525/4261 2710/3524/4262 2708/3526/4260 2705/3527/4259
f 2711/3523/4265 2702/3528/4258 2710/3524/4262
f 2704/3529/4263 2707/3530/4266 2711/3523/4265 2706/3522/4255
f 2707/3530/4266 2700/3531/4264 2702/3528/4258 2711/3523/4265
s 98
f 2714/3532/4267 2715/3533/4268 2723/3534/4269 2722/3535/4270
f 2722/3535/4270 2723/3534/4269 2716/3536/4271 2713/3537/4272
f 2712/3538/4273 2718/3539/4274 2721/3540/4275 2717/3541/4276
f 2717/3541/4276 2721/3540/4275 2715/3533/4268 2714/3532/4267
f 2714/3542/4267 2720/3543/4277 2725/3544/4278 2724/3545/4279
f 2720/3543/4277 2713/3546/4272 2716/3547/4271 2725/3544/4278
f 2724/3545/4279 2725/3544/4278 2715/3548/4268
f 2722/3549/4270 2720/3543/4277 2714/3542/4267
f 2716/3547/4271 2723/3550/4269 2725/3544/4278
f 2725/3544/4278 2723/3550/4269 2715/3548/4268
f 2712/3551/4273 2717/3552/4276 2726/3553/4280 2719/3554/4281
f 2717/3552/4276 2714/3542/4267 2724/3545/4279 2726/3553/4280
f 2726/3553/4280 2724/3545/4279 2715/3548/4268 2721/3555/4275
f 2719/3554/4281 2726/3553/4280 2721/3555/4275 2718/3556/4274
f 2713/3546/4272 2720/3543/4277 2722/3549/4270
s 100
f 2738/3557/4282 2730/3558/4283 2734/3559/4284 2733/3560/4285
f 2730/3558/4283 2737/3561/4286 2741/3562/4287 2734/3559/4284
f 2734/3559/4284 2741/3562/4287 2728/3563/4288 2732/3564/4289
f 2733/3560/4285 2734/3559/4284 2732/3564/4289 2739/3565/4290
f 2743/3566/4291 2730/3558/4283 2738/3557/4282
f 2728/3563/4288 2744/3567/4292 2732/3564/4289
f 2732/3564/4289 2744/3567/4292 2739/3565/4290
f 2736/3568/4293 2742/3569/4294 2735/3570/4295 2729/3571/4296
f 2742/3569/4294 2738/3557/4282 2733/3560/4285 2735/3570/4295
f 2735/3570/4295 2733/3560/4285 2739/3565/4290 2731/3572/4297
f 2729/3571/4296 2735/3570/4295 2731/3572/4297 2727/3573/4298
f 2737/3561/4286 2730/3558/4283 2743/3566/4291
f 2738/3574/4282 2745/3575/4299 2746/3576/4300 2743/3577/4291
f 2743/3577/4291 2746/3576/4300 2741/3578/4287 2737/3579/4286
f 2746/3576/4300 2744/3580/4292 2728/3581/4288 2741/3578/4287
f 2745/3575/4299 2739/3582/4290 2744/3580/4292 2746/3576/4300
f 2736/3583/4293 2740/3584/4301 2747/3585/4302 2742/3586/4294
f 2742/3586/4294 2747/3585/4302 2745/3575/4299 2738/3574/4282
f 2747/3585/4302 2731/3587/4297 2739/3582/4290 2745/3575/4299
f 2740/3584/4301 2727/3588/4298 2731/3587/4297 2747/3585/4302
s 102
f 2750/3589/4303 2755/3590/4304 2756/3591/4305 2764/3592/4306
f 2764/3592/4306 2756/3591/4305 2753/3593/4307 2749/3594/4308
f 2756/3591/4305 2765/3595/4309 2759/3596/4310 2753/3593/4307
f 2755/3590/4304 2751/3597/4311 2765/3595/4309 2756/3591/4305
f 2748/3598/4312 2752/3599/4313 2757/3600/4314 2754/3601/4315
f 2754/3601/4315 2757/3600/4314 2755/3590/4304 2750/3589/4303
f 2757/3600/4314 2762/3602/4316 2751/3597/4311 2755/3590/4304
f 2752/3599/4313 2758/3603/4317 2762/3602/4316 2757/3600/4314
f 2750/3604/4303 2761/3605/4318 2767/3606/4319 2766/3607/4320
f 2761/3605/4318 2749/3608/4308 2753/3609/4307 2767/3606/4319
f 2767/3606/4319 2753/3609/4307 2759/3610/4310 2763/3611/4321
f 2766/3607/4320 2767/3606/4319 2763/3611/4321 2751/3612/4311
f 2764/3613/4306 2761/3605/4318 2750/3604/4303
f 2759/3610/4310 2765/3614/4309 2763/3611/4321
f 2763/3611/4321 2765/3614/4309 2751/3612/4311
f 2748/3615/4312 2754/3616/4315 2768/3617/4322 2760/3618/4323
f 2754/3616/4315 2750/3604/4303 2766/3607/4320 2768/3617/4322
f 2768/3617/4322 2766/3607/4320 2751/3612/4311 2762/3619/4316
f 2760/3618/4323 2768/3617/4322 2762/3619/4316 2758/3620/4317
f 2749/3608/4308 2761/3605/4318 2764/3613/4306
s 104
f 2776/3621/4324 2770/3622/4325 2772/3623/4326 2771/3624/4327
f 2770/3622/4325 2775/3625/4328 2778/3626/4329 2772/3623/4326
f 2780/3627/4330 2770/3622/4325 2776/3621/4324
f 2778/3626/4329 2781/3628/4331 2772/3623/4326
f 2772/3623/4326 2781/3628/4331 2771/3624/4327
f 2774/3629/4332 2779/3630/4333 2773/3631/4334 2769/3632/4335
f 2779/3630/4333 2776/3621/4324 2771/3624/4327 2773/3631/4334
f 2775/3625/4328 2770/3622/4325 2780/3627/4330
f 2776/3633/4324 2782/3634/4336 2781/3635/4331 2780/3636/4330
f 2780/3636/4330 2781/3635/4331 2778/3637/4329 2775/3638/4328
f 2782/3634/4336 2771/3639/4327 2781/3635/4331
f 2774/3640/4332 2777/3641/4337 2783/3642/4338 2779/3643/4333
f 2779/3643/4333 2783/3642/4338 2782/3634/4336 2776/3633/4324
f 2783/3642/4338 2773/3644/4334 2771/3639/4327 2782/3634/4336
f 2777/3641/4337 2769/3645/4335 2773/3644/4334 2783/3642/4338
s 106
f 2786/3646/4339 2787/3647/4340 2795/3648/4341 2794/3649/4342
f 2794/3649/4342 2795/3648/4341 2788/3650/4343 2785/3651/4344
f 2784/3652/4345 2790/3653/4346 2793/3654/4347 2789/3655/4348
f 2789/3655/4348 2793/3654/4347 2787/3647/4340 2786/3646/4339
f 2786/3656/4339 2792/3657/4349 2797/3658/4350 2796/3659/4351
f 2792/3657/4349 2785/3660/4344 2788/3661/4343 2797/3658/4350
f 2796/3659/4351 2797/3658/4350 2787/3662/4340
f 2794/3663/4342 2792/3657/4349 2786/3656/4339
f 2788/3661/4343 2795/3664/4341 2797/3658/4350
f 2797/3658/4350 2795/3664/4341 2787/3662/4340
f 2784/3665/4345 2789/3666/4348 2798/3667/4352 2791/3668/4353
f 2789/3666/4348 2786/3656/4339 2796/3659/4351 2798/3667/4352
f 2798/3667/4352 2796/3659/4351 2787/3662/4340 2793/3669/4347
f 2791/3668/4353 2798/3667/4352 2793/3669/4347 2790/3670/4346
f 2785/3660/4344 2792/3657/4349 2794/3663/4342
s 108
f 2805/3671/4354 2808/3672/4355 2802/3673/4356 2803/3674/4357
f 2803/3674/4357 2802/3673/4356 2801/3675/4358 2806/3676/4359
f 2804/3677/4360 2805/3671/4354 2803/3674/4357 2800/3678/4361
f 2800/3678/4361 2803/3674/4357 2806/3676/4359 2799/3679/4362
f 2805/3680/4354 2809/3681/4363 2810/3682/4364 2808/3683/4355
f 2808/3683/4355 2810/3682/4364 2802/3684/4356
f 2810/3682/4364 2801/3685/4358 2802/3684/4356
f 2809/3681/4363 2806/3686/4359 2801/3685/4358 2810/3682/4364
f 2804/3687/4360 2807/3688/4365 2809/3681/4363 2805/3680/4354
f 2807/3688/4365 2799/3689/4362 2806/3686/4359 2809/3681/4363
s 109
f 2813/3690/4366 2820/3691/4367 2814/3692/4368 2812/3693/4369
f 2811/3694/4370 2816/3695/4371 2819/3696/4372 2815/3697/4373
f 2815/3697/4373 2819/3696/4372 2820/3691/4367 2813/3690/4366
f 2813/3698/4366 2818/3699/4374 2821/3700/4375
f 2818/3699/4374 2812/3701/4369 2814/3702/4368 2821/3700/4375
f 2814/3702/4368 2820/3703/4367 2821/3700/4375
f 2811/3704/4370 2815/3705/4373 2822/3706/4376 2817/3707/4377
f 2815/3705/4373 2813/3698/4366 2821/3700/4375 2822/3706/4376
f 2822/3706/4376 2821/3700/4375 2820/3703/4367 2819/3708/4372
f 2817/3707/4377 2822/3706/4376 2819/3708/4372 2816/3709/4371
f 2812/3701/4369 2818/3699/4374 2813/3698/4366
s 111
f 2834/3710/4378 2826/3711/4379 2830/3712/4380 2829/3713/4381
f 2826/3711/4379 2833/3714/4382 2837/3715/4383 2830/3712/4380
f 2830/3712/4380 2837/3715/4383 2824/3716/4384 2828/3717/4385
f 2829/3713/4381 2830/3712/4380 2828/3717/4385 2835/3718/4386
f 2839/3719/4387 2826/3711/4379 2834/3710/4378
f 2824/3716/4384 2840/3720/4388 2828/3717/4385
f 2828/3717/4385 2840/3720/4388 2835/3718/4386
f 2832/3721/4389 2838/3722/4390 2831/3723/4391 2825/3724/4392
f 2838/3722/4390 2834/3710/4378 2829/3713/4381 2831/3723/4391
f 2831/3723/4391 2829/3713/4381 2835/3718/4386 2827/3725/4393
f 2825/3724/4392 2831/3723/4391 2827/3725/4393 2823/3726/4394
f 2833/3714/4382 2826/3711/4379 2839/3719/4387
f 2834/3727/4378 2841/3728/4395 2842/3729/4396 2839/3730/4387
f 2839/3730/4387 2842/3729/4396 2837/3731/4383 2833/3732/4382
f 2842/3729/4396 2840/3733/4388 2824/3734/4384 2837/3731/4383
f 2841/3728/4395 2835/3735/4386 2840/3733/4388 2842/3729/4396
f 2832/3736/4389 2836/3737/4397 2843/3738/4398 2838/3739/4390
f 2838/3739/4390 2843/3738/4398 2841/3728/4395 2834/3727/4378
f 2843/3738/4398 2827/3740/4393 2835/3735/4386 2841/3728/4395
f 2836/3737/4397 2823/3741/4394 2827/3740/4393 2843/3738/4398
s 113
f 2845/3742/4399 2851/3743/4400 2846/3744/4401 2844/3745/4402
f 2847/3746/4403 2850/3747/4404 2851/3743/4400 2845/3742/4399
f 2845/3748/4399 2849/3749/4405 2852/3750/4406
f 2849/3749/4405 2844/3751/4402 2846/3752/4401 2852/3750/4406
f 2846/3752/4401 2851/3753/4400 2852/3750/4406
f 2847/3754/4403 2845/3748/4399 2852/3750/4406 2848/3755/4407
f 2848/3755/4407 2852/3750/4406 2851/3753/4400 2850/3756/4404
f 2844/3751/4402 2849/3749/4405 2845/3748/4399
s 114
f 2864/3757/4408 2856/3758/4409 2860/3759/4410 2859/3760/4411
f 2856/3758/4409 2863/3761/4412 2868/3762/4413 2860/3759/4410
f 2860/3759/4410 2868/3762/4413 2854/3763/4414 2858/3764/4415
f 2859/3760/4411 2860/3759/4410 2858/3764/4415 2865/3765/4416
f 2862/3766/4417 2869/3767/4418 2861/3768/4419 2855/3769/4420
f 2869/3767/4418 2864/3757/4408 2859/3760/4411 2861/3768/4419
f 2861/3768/4419 2859/3760/4411 2865/3765/4416 2857/3770/4421
f 2855/3769/4420 2861/3768/4419 2857/3770/4421 2853/3771/4422
f 2864/3772/4408 2871/3773/4423 2872/3774/4424 2867/3775/4425
f 2867/3775/4425 2872/3774/4424 2868/3776/4413 2863/3777/4412
f 2872/3774/4424 2870/3778/4426 2854/3779/4414 2868/3776/4413
f 2871/3773/4423 2865/3780/4416 2870/3778/4426 2872/3774/4424
f 2856/3781/4409 2864/3772/4408 2867/3775/4425
f 2854/3779/4414 2870/3778/4426 2858/3782/4415
f 2870/3778/4426 2865/3780/4416 2858/3782/4415
f 2862/3783/4417 2866/3784/4427 2873/3785/4428 2869/3786/4418
f 2869/3786/4418 2873/3785/4428 2871/3773/4423 2864/3772/4408
f 2873/3785/4428 2857/3787/4421 2865/3780/4416 2871/3773/4423
f 2866/3784/4427 2853/3788/4422 2857/3787/4421 2873/3785/4428
f 2863/3777/4412 2856/3781/4409 2867/3775/4425
s 116
f 2875/3789/4429 2881/3790/4430 2876/3791/4431 2874/3792/4432
f 2877/3793/4433 2880/3794/4434 2881/3790/4430 2875/3789/4429
f 2875/3795/4429 2879/3796/4435 2882/3797/4436
f 2879/3796/4435 2874/3798/4432 2876/3799/4431 2882/3797/4436
f 2876/3799/4431 2881/3800/4430 2882/3797/4436
f 2877/3801/4433 2875/3795/4429 2882/3797/4436 2878/3802/4437
f 2878/3802/4437 2882/3797/4436 2881/3800/4430 2880/3803/4434
f 2874/3798/4432 2879/3796/4435 2875/3795/4429
s 117
f 2883/3804/4438 2886/3805/4439 2888/3806/4440 2884/3807/4441
f 2889/3808/4442 2883/3804/4438 2884/3807/4441 2885/3809/4443
f 2883/3810/4438 2890/3811/4444 2887/3812/4445
f 2887/3812/4445 2890/3811/4444 2888/3813/4440 2886/3814/4439
f 2888/3813/4440 2890/3811/4444 2884/3815/4441
f 2889/3816/4442 2891/3817/4446 2890/3811/4444 2883/3810/4438
f 2891/3817/4446 2885/3818/4443 2884/3815/4441 2890/3811/4444
f 2886/3814/4439 2883/3810/4438 2887/3812/4445
s 118
f 2894/3819/4447 2895/3820/4448 2903/3821/4449 2902/3822/4450
f 2902/3822/4450 2903/3821/4449 2896/3823/4451 2893/3824/4452
f 2892/3825/4453 2898/3826/4454 2901/3827/4455 2897/3828/4456
f 2897/3828/4456 2901/3827/4455 2895/3820/4448 2894/3819/4447
f 2894/3829/4447 2900/3830/4457 2905/3831/4458 2904/3832/4459
f 2900/3830/4457 2893/3833/4452 2896/3834/4451 2905/3831/4458
f 2904/3832/4459 2905/3831/4458 2895/3835/4448
f 2902/3836/4450 2900/3830/4457 2894/3829/4447
f 2896/3834/4451 2903/3837/4449 2905/3831/4458
f 2905/3831/4458 2903/3837/4449 2895/3835/4448
f 2892/3838/4453 2897/3839/4456 2906/3840/4460 2899/3841/4461
f 2897/3839/4456 2894/3829/4447 2904/3832/4459 2906/3840/4460
f 2906/3840/4460 2904/3832/4459 2895/3835/4448 2901/3842/4455
f 2899/3841/4461 2906/3840/4460 2901/3842/4455 2898/3843/4454
f 2893/3833/4452 2900/3830/4457 2902/3836/4450
s 120
f 2907/3844/4462 2910/3845/4463 2912/3846/4464 2908/3847/4465
f 2913/3848/4466 2907/3844/4462 2908/3847/4465 2909/3849/4467
f 2907/3850/4462 2914/3851/4468 2911/3852/4469
f 2911/3852/4469 2914/3851/4468 2912/3853/4464 2910/3854/4463
f 2912/3853/4464 2914/3851/4468 2908/3855/4465
f 2913/3856/4466 2915/3857/4470 2914/3851/4468 2907/3850/4462
f 2915/3857/4470 2909/3858/4467 2908/3855/4465 2914/3851/4468
f 2910/3854/4463 2907/3850/4462 2911/3852/4469
s 121
f 2918/3859/4471 2925/3860/4472 2919/3861/4473 2917/3862/4474
f 2916/3863/4475 2921/3864/4476 2924/3865/4477 2920/3866/4478
f 2920/3866/4478 2924/3865/4477 2925/3860/4472 2918/3859/4471
f 2918/3867/4471 2923/3868/4479 2926/3869/4480
f 2923/3868/4479 2917/3870/4474 2919/3871/4473 2926/3869/4480
f 2919/3871/4473 2925/3872/4472 2926/3869/4480
f 2916/3873/4475 2920/3874/4478 2927/3875/4481 2922/3876/4482
f 2920/3874/4478 2918/3867/4471 2926/3869/4480 2927/3875/4481
f 2927/3875/4481 2926/3869/4480 2925/3872/4472 2924/3877/4477
f 2922/3876/4482 2927/3875/4481 2924/3877/4477 2921/3878/4476
f 2917/3870/4474 2923/3868/4479 2918/3867/4471
s 123
f 2928/3879/4483 2931/3880/4484 2933/3881/4485 2929/3882/4486
f 2934/3883/4487 2928/3879/4483 2929/3882/4486 2930/3884/4488
f 2928/3885/4483 2935/3886/4489 2932/3887/4490
f 2932/3887/4490 2935/3886/4489 2933/3888/4485 2931/3889/4484
f 2933/3888/4485 2935/3886/4489 2929/3890/4486
f 2934/3891/4487 2936/3892/4491 2935/3886/4489 2928/3885/4483
f 2936/3892/4491 2930/3893/4488 2929/3890/4486 2935/3886/4489
f 2931/3889/4484 2928/3885/4483 2932/3887/4490
s 124
f 2939/3894/4492 2944/3895/4493 2945/3896/4494 2953/3897/4495
f 2953/3897/4495 2945/3896/4494 2942/3898/4496 2938/3899/4497
f 2945/3896/4494 2954/3900/4498 2948/3901/4499 2942/3898/4496
f 2944/3895/4493 2940/3902/4500 2954/3900/4498 2945/3896/4494
f 2937/3903/4501 2941/3904/4502 2946/3905/4503 2943/3906/4504
f 2943/3906/4504 2946/3905/4503 2944/3895/4493 2939/3894/4492
f 2946/3905/4503 2951/3907/4505 2940/3902/4500 2944/3895/4493
f 2941/3904/4502 2947/3908/4506 2951/3907/4505 2946/3905/4503
f 2939/3909/4492 2950/3910/4507 2956/3911/4508 2955/3912/4509
f 2950/3910/4507 2938/3913/4497 2942/3914/4496 2956/3911/4508
f 2956/3911/4508 2942/3914/4496 2948/3915/4499 2952/3916/4510
f 2955/3912/4509 2956/3911/4508 2952/3916/4510 2940/3917/4500
f 2953/3918/4495 2950/3910/4507 2939/3909/4492
f 2948/3915/4499 2954/3919/4498 2952/3916/4510
f 2952/3916/4510 2954/3919/4498 2940/3917/4500
f 2937/3920/4501 2943/3921/4504 2957/3922/4511 2949/3923/4512
f 2943/3921/4504 2939/3909/4492 2955/3912/4509 2957/3922/4511
f 2957/3922/4511 2955/3912/4509 2940/3917/4500 2951/3924/4505
f 2949/3923/4512 2957/3922/4511 2951/3924/4505 2947/3925/4506
f 2938/3913/4497 2950/3910/4507 2953/3918/4495
s 126
f 2958/3926/4513 2961/3927/4514 2963/3928/4515 2959/3929/4516
f 2964/3930/4517 2958/3926/4513 2959/3929/4516 2960/3931/4518
f 2958/3932/4513 2965/3933/4519 2962/3934/4520
f 2962/3934/4520 2965/3933/4519 2963/3935/4515 2961/3936/4514
f 2963/3935/4515 2965/3933/4519 2959/3937/4516
f 2964/3938/4517 2966/3939/4521 2965/3933/4519 2958/3932/4513
f 2966/3939/4521 2960/3940/4518 2959/3937/4516 2965/3933/4519
f 2961/3936/4514 2958/3932/4513 2962/3934/4520
s 127
f 2969/3941/4522 2970/3942/4523 2978/3943/4524 2977/3944/4525
f 2977/3944/4525 2978/3943/4524 2971/3945/4526 2968/3946/4527
f 2967/3947/4528 2973/3948/4529 2976/3949/4530 2972/3950/4531
f 2972/3950/4531 2976/3949/4530 2970/3942/4523 2969/3941/4522
f 2969/3951/4522 2975/3952/4532 2980/3953/4533 2979/3954/4534
f 2975/3952/4532 2968/3955/4527 2971/3956/4526 2980/3953/4533
f 2979/3954/4534 2980/3953/4533 2970/3957/4523
f 2977/3958/4525 2975/3952/4532 2969/3951/4522
f 2971/3956/4526 2978/3959/4524 2980/3953/4533
f 2980/3953/4533 2978/3959/4524 2970/3957/4523
f 2967/3960/4528 2972/3961/4531 2981/3962/4535 2974/3963/4536
f 2972/3961/4531 2969/3951/4522 2979/3954/4534 2981/3962/4535
f 2981/3962/4535 2979/3954/4534 2970/3957/4523 2976/3964/4530
f 2974/3963/4536 2981/3962/4535 2976/3964/4530 2973/3965/4529
f 2968/3955/4527 2975/3952/4532 2977/3958/4525
s 129
f 2986/3966/4537 2988/3967/4538 2984/3968/4539 2983/3969/4540
f 2984/3968/4539 2989/3970/4541 2983/3969/4540
f 2985/3971/4542 2986/3966/4537 2983/3969/4540 2982/3972/4543
f 2986/3973/4537 2990/3974/4544 2989/3975/4541 2988/3976/4538
f 2988/3976/4538 2989/3975/4541 2984/3977/4545
f 2990/3974/4544 2983/3978/4540 2989/3975/4541
f 2985/3979/4542 2987/3980/4546 2990/3974/4544 2986/3973/4537
f 2987/3980/4546 2982/3981/4543 2983/3978/4540 2990/3974/4544
s 130
f 2992/3982/4547 2998/3983/4548 2993/3984/4549 2991/3985/4550
f 2994/3986/4551 2997/3987/4552 2998/3983/4548 2992/3982/4547
f 2992/3988/4547 2996/3989/4553 2999/3990/4554
f 2996/3989/4553 2991/3991/4550 2993/3992/4549 2999/3990/4554
f 2993/3992/4549 2998/3993/4548 2999/3990/4554
f 2994/3994/4551 2992/3988/4547 2999/3990/4554 2995/3995/4555
f 2995/3995/4555 2999/3990/4554 2998/3993/4548 2997/3996/4552
f 2991/3991/4550 2996/3989/4553 2992/3988/4547
s 1
f 3000/3997/4556 3001/3998/4557 3002/3999/4558
f 3002/3999/4558 3006/4000/4559 3003/4001/4560 3000/3997/4556
f 3004/4002/4561 3000/3997/4556 3003/4001/4560
f 3003/4001/4560 3007/4003/4562 3005/4004/4563 3004/4002/4561
f 3007/4003/4562 3009/4005/4564 3008/4006/4565 3005/4004/4563
f 3007/4003/4562 3003/4001/4560 3009/4005/4564
f 3006/4000/4559 3014/4007/4566 3010/4008/4567 3003/4001/4560
f 3010/4008/4567 3017/4009/4568 3009/4005/4564 3003/4001/4560
f 3011/4010/4569 3012/4011/4570 3008/4006/4565 3009/4005/4564
f 3013/4012/4571 3012/4011/4570 3011/4010/4569
f 3014/4007/4566 3006/4000/4559 3015/4013/4572
f 3016/4014/4573 3026/4015/4574 3014/4007/4566 3015/4013/4572
f 3017/4009/4568 3020/4016/4575 3011/4010/4569 3009/4005/4564
f 3014/4007/4566 3017/4009/4568 3010/4008/4567
f 3018/4017/4576 3019/4018/4577 3013/4012/4571 3011/4010/4569
f 3018/4017/4576 3002/4019/4558 3001/4020/4557 3019/4018/4577
f 3020/4016/4575 3021/4021/4578 3018/4017/4576 3011/4010/4569
f 3021/4021/4578 3006/4022/4559 3002/4019/4558 3018/4017/4576
f 3021/4021/4578 3022/4023/4579 3015/4024/4572 3006/4022/4559
f 3022/4023/4579 3021/4021/4578 3020/4016/4575
f 3022/4023/4579 3016/4025/4573 3015/4024/4572
f 3014/4007/4566 3026/4015/4574 3023/4026/4580 3017/4009/4568
f 3023/4026/4580 3020/4016/4575 3017/4009/4568
f 3024/4027/4581 3025/4028/4582 3022/4023/4579 3020/4016/4575
f 3023/4026/4580 3032/4029/4583 3024/4027/4581 3020/4016/4575
f 3025/4028/4582 3027/4030/4584 3016/4025/4573 3022/4023/4579
f 3028/4031/4585 3016/4025/4573 3027/4030/4584
f 3025/4028/4582 3024/4027/4581 3029/4032/4586 3027/4030/4584
f 3027/4030/4584 3029/4032/4586 3030/4033/4587
f 3030/4033/4587 3029/4032/4586 3031/4034/4588
f 3024/4027/4581 3032/4029/4583 3029/4032/4586
f 3032/4029/4583 3033/4035/4589 3031/4034/4588 3029/4032/4586
f 3023/4026/4580 3026/4015/4574 3032/4029/4583
f 3034/4036/4590 3033/4035/4589 3032/4029/4583
f 3026/4015/4574 3035/4037/4591 3034/4036/4590 3032/4029/4583
f 3026/4015/4574 3016/4014/4573 3036/4038/4592 3035/4037/4591
f 3016/4014/4573 3028/4039/4585 3036/4038/4592
f 3037/4040/4593 3038/4041/4594 3039/4042/4595
f 3040/4043/4596 3041/4044/4597 3038/4041/4594 3037/4040/4593
f 3038/4041/4594 3041/4044/4597 3042/4045/4598
f 3041/4044/4597 3062/4046/4599 3043/4047/4600 3042/4045/4598
f 3037/4040/4593 3045/4048/4601 3044/4049/4602 3040/4043/4596
f 3044/4049/4602 3061/4050/4603 3041/4044/4597 3040/4043/4596
f 3037/4040/4593 3046/4051/4604 3045/4048/4601
f 3046/4051/4604 3048/4052/4605 3047/4053/4606 3045/4048/4601
f 3048/4052/4605 3050/4054/4607 3049/4055/4608 3047/4053/4606
f 3051/4056/4609 3049/4055/4608 3050/4054/4607
f 3052/4057/4610 3054/4058/4611 3045/4048/4601 3047/4053/4606
f 3049/4055/4608 3053/4059/4612 3052/4057/4610 3047/4053/4606
f 3051/4056/4609 3055/4060/4613 3053/4059/4612 3049/4055/4608
f 3045/4048/4601 3054/4058/4611 3044/4049/4602
f 3053/4059/4612 3056/4061/4614 3054/4058/4611 3052/4057/4610
f 3039/4062/4595 3038/4063/4594 3055/4060/4613 3051/4056/4609
f 3055/4060/4613 3057/4064/4615 3056/4061/4614 3053/4059/4612
f 3057/4064/4615 3055/4060/4613 3038/4063/4594
f 3042/4065/4598 3043/4066/4600 3057/4064/4615 3038/4063/4594
f 3058/4067/4616 3054/4058/4611 3056/4061/4614
f 3056/4061/4614 3057/4064/4615 3058/4067/4616
f 3059/4068/4617 3061/4050/4603 3044/4049/4602 3054/4058/4611
f 3058/4067/4616 3073/4069/4618 3059/4068/4617 3054/4058/4611
f 3043/4066/4600 3060/4070/4619 3057/4064/4615
f 3060/4070/4619 3073/4069/4618 3058/4067/4616 3057/4064/4615
f 3061/4050/4603 3063/4071/4620 3062/4046/4599 3041/4044/4597
f 3059/4068/4617 3072/4072/4621 3063/4071/4620 3061/4050/4603
f 3064/4073/4622 3065/4074/4623 3043/4047/4600 3062/4046/4599
f 3063/4071/4620 3067/4075/4624 3064/4073/4622 3062/4046/4599
f 3066/4076/4625 3065/4074/4623 3064/4073/4622
f 3067/4075/4624 3069/4077/4626 3066/4076/4625 3064/4073/4622
f 3063/4071/4620 3072/4072/4621 3068/4078/4627 3067/4075/4624
f 3068/4078/4627 3070/4079/4628 3069/4077/4626 3067/4075/4624
f 3068/4078/4627 3071/4080/4629 3070/4079/4628
f 3073/4069/4618 3072/4072/4621 3059/4068/4617
f 3073/4069/4618 3068/4078/4627 3072/4072/4621
f 3068/4078/4627 3073/4069/4618 3074/4081/4630 3071/4080/4629
f 3060/4070/4619 3074/4081/4630 3073/4069/4618
f 3075/4082/4631 3071/4080/4629 3074/4081/4630
f 3076/4083/4632 3075/4082/4631 3074/4081/4630 3060/4070/4619
f 3043/4066/4600 3065/4084/4623 3076/4083/4632 3060/4070/4619
f 3065/4084/4623 3077/4085/4633 3075/4082/4631 3076/4083/4632
f 3065/4084/4623 3066/4086/4625 3077/4085/4633
f 3069/4087/4626 3079/4088/4634 3078/4089/4635 3066/4090/4625
f 3078/4089/4635 3079/4088/4634 3080/4091/4636
f 3081/4092/4637 3082/4093/4638 3079/4088/4634 3069/4087/4626
f 3070/4094/4628 3090/4095/4639 3081/4092/4637 3069/4087/4626
f 3079/4088/4634 3082/4093/4638 3080/4091/4636
f 3082/4093/4638 3084/4096/4640 3083/4097/4641 3080/4091/4636
f 3082/4093/4638 3081/4092/4637 3085/4098/4642 3084/4096/4640
f 3085/4098/4642 3086/4099/4643 3084/4096/4640
f 3087/4100/4644 3086/4099/4643 3085/4098/4642
f 3087/4100/4644 3085/4098/4642 3088/4101/4645
f 3081/4092/4637 3090/4095/4639 3088/4101/4645 3085/4098/4642
f 3088/4101/4645 3094/4102/4646 3089/4103/4647 3087/4100/4644
f 3091/4104/4648 3092/4105/4649 3090/4095/4639 3070/4094/4628
f 3092/4105/4649 3096/4106/4650 3093/4107/4651 3090/4095/4639
f 3093/4107/4651 3094/4102/4646 3088/4101/4645 3090/4095/4639
f 3094/4102/4646 3093/4107/4651 3095/4108/4652 3089/4103/4647
f 3093/4107/4651 3096/4106/4650 3095/4108/4652
f 3096/4106/4650 3097/4109/4653 3095/4108/4652
f 3092/4105/4649 3098/4110/4654 3097/4109/4653 3096/4106/4650
f 3092/4105/4649 3100/4111/4655 3099/4112/4656 3098/4110/4654
f 3100/4111/4655 3102/4113/4657 3101/4114/4658 3099/4112/4656
f 3092/4105/4649 3091/4104/4648 3102/4113/4657 3100/4111/4655
f 3103/4115/4659 3104/4116/4660 3102/4113/4657 3091/4104/4648
f 3102/4113/4657 3104/4116/4660 3101/4114/4658
f 3104/4116/4660 3105/4117/4661 3101/4114/4658
f 3103/4115/4659 3106/4118/4662 3105/4117/4661 3104/4116/4660
f 3103/4115/4659 3108/4119/4663 3107/4120/4664 3106/4118/4662
f 3109/4121/4665 3107/4120/4664 3108/4119/4663
f 3103/4115/4659 3091/4104/4648 3110/4122/4666 3108/4119/4663
f 3109/4121/4665 3108/4119/4663 3110/4122/4666
f 3111/4123/4667 3112/4124/4668 3110/4122/4666 3091/4104/4648
f 3112/4124/4668 3113/4125/4669 3109/4121/4665 3110/4122/4666
f 3112/4124/4668 3111/4123/4667 3114/4126/4670 3113/4125/4669
f 3115/4127/4671 3114/4126/4670 3111/4123/4667
f 3111/4123/4667 3091/4104/4648 3116/4128/4672
f 3070/4094/4628 3071/4129/4629 3116/4128/4672 3091/4104/4648
f 3117/4130/4673 3118/4131/4674 3115/4127/4671 3111/4123/4667
f 3111/4123/4667 3116/4128/4672 3119/4132/4675 3117/4130/4673
f 3118/4131/4674 3117/4130/4673 3119/4132/4675
f 3119/4132/4675 3120/4133/4676 3118/4131/4674
f 3120/4133/4676 3122/4134/4677 3121/4135/4678 3118/4131/4674
f 3119/4132/4675 3116/4128/4672 3122/4134/4677 3120/4133/4676
f 3122/4134/4677 3124/4136/4679 3123/4137/4680 3121/4135/4678
f 3116/4128/4672 3124/4136/4679 3122/4134/4677
f 3124/4136/4679 3116/4128/4672 3071/4129/4629
f 3071/4129/4629 3075/4138/4631 3125/4139/4681 3124/4136/4679
f 3125/4139/4681 3126/4140/4682 3123/4137/4680 3124/4136/4679
f 3127/4141/4683 3126/4140/4682 3125/4139/4681 3075/4138/4631
f 3075/4138/4631 3077/4142/4633 3127/4141/4683
f 3078/4143/4635 3080/4144/4636 3126/4140/4682 3127/4141/4683
f 3077/4142/4633 3066/4145/4625 3078/4143/4635 3127/4141/4683
f 3118/4146/4674 3121/4147/4678 3115/4148/4671
f 3121/4147/4678 3123/4149/4680 3114/4150/4670 3115/4148/4671
f 3123/4149/4680 3126/4151/4682 3128/4152/4684 3114/4150/4670
f 3080/4153/4636 3083/4154/4641 3128/4152/4684 3126/4151/4682
f 3128/4152/4684 3098/4155/4654 3106/4156/4662 3114/4150/4670
f 3106/4156/4662 3107/4157/4664 3113/4158/4669 3114/4150/4670
f 3113/4158/4669 3107/4157/4664 3109/4159/4665
f 3087/4160/4644 3098/4155/4654 3128/4152/4684 3083/4154/4641
f 3084/4161/4640 3086/4162/4643 3087/4160/4644 3083/4154/4641
f 3098/4155/4654 3099/4163/4656 3105/4164/4661 3106/4156/4662
f 3105/4164/4661 3099/4163/4656 3101/4165/4658
f 3087/4160/4644 3089/4166/4647 3097/4167/4653 3098/4155/4654
f 3097/4167/4653 3089/4166/4647 3095/4168/4652
f 3027/4169/4584 3030/4170/4587 3129/4171/4685
f 3030/4170/4587 3130/4172/4686 3129/4171/4685
f 3131/4173/4687 3129/4171/4685 3130/4172/4686
f 3130/4172/4686 3132/4174/4688 3131/4173/4687
f 3030/4170/4587 3031/4175/4588 3130/4172/4686
f 3130/4172/4686 3031/4175/4588 3133/4176/4689 3132/4174/4688
f 3133/4176/4689 3134/4177/4690 3132/4174/4688
f 3135/4178/4691 3134/4177/4690 3133/4176/4689
f 3031/4175/4588 3033/4179/4589 3136/4180/4692 3133/4176/4689
f 3135/4178/4691 3133/4176/4689 3136/4180/4692
f 3136/4180/4692 3138/4181/4693 3137/4182/4694 3135/4178/4691
f 3138/4181/4693 3140/4183/4695 3139/4184/4696 3137/4182/4694
f 3136/4180/4692 3033/4179/4589 3140/4183/4695 3138/4181/4693
f 3141/4185/4697 3142/4186/4698 3140/4183/4695 3033/4179/4589
f 3033/4179/4589 3034/4187/4590 3141/4185/4697
f 3140/4183/4695 3142/4186/4698 3139/4184/4696
f 3142/4186/4698 3143/4188/4699 3139/4184/4696
f 3141/4185/4697 3144/4189/4700 3143/4188/4699 3142/4186/4698
f 3141/4185/4697 3146/4190/4701 3145/4191/4702 3144/4189/4700
f 3146/4190/4701 3148/4192/4703 3147/4193/4704 3145/4191/4702
f 3141/4185/4697 3034/4187/4590 3148/4192/4703 3146/4190/4701
f 3149/4194/4705 3150/4195/4706 3148/4192/4703 3034/4187/4590
f 3148/4192/4703 3150/4195/4706 3147/4193/4704
f 3150/4195/4706 3149/4194/4705 3151/4196/4707 3147/4193/4704
f 3149/4194/4705 3152/4197/4708 3151/4196/4707
f 3153/4198/4709 3152/4197/4708 3149/4194/4705
f 3154/4199/4710 3155/4200/4711 3153/4198/4709 3149/4194/4705
f 3149/4194/4705 3034/4187/4590 3156/4201/4712 3154/4199/4710
f 3155/4200/4711 3154/4199/4710 3156/4201/4712
f 3157/4202/4713 3158/4203/4714 3156/4201/4712 3034/4187/4590
f 3157/4202/4713 3034/4187/4590 3035/4204/4591
f 3156/4201/4712 3158/4203/4714 3155/4200/4711
f 3158/4203/4714 3159/4205/4715 3155/4200/4711
f 3158/4203/4714 3157/4202/4713 3160/4206/4716 3159/4205/4715
f 3161/4207/4717 3160/4206/4716 3157/4202/4713
f 3162/4208/4718 3163/4209/4719 3161/4207/4717 3157/4202/4713
f 3157/4202/4713 3035/4204/4591 3164/4210/4720 3162/4208/4718
f 3163/4209/4719 3162/4208/4718 3164/4210/4720
f 3035/4204/4591 3036/4211/4592 3165/4212/4721 3164/4210/4720
f 3164/4210/4720 3166/4213/4722 3163/4209/4719
f 3166/4213/4722 3164/4210/4720 3165/4212/4721
f 3166/4213/4722 3165/4212/4721 3167/4214/4723 3163/4209/4719
f 3165/4212/4721 3036/4211/4592 3168/4215/4724 3167/4214/4723
f 3028/4216/4585 3169/4217/4725 3168/4215/4724 3036/4211/4592
f 3028/4216/4585 3027/4218/4584 3169/4217/4725
f 3129/4219/4685 3169/4217/4725 3027/4218/4584
f 3163/4220/4719 3167/4221/4723 3161/4222/4717
f 3167/4221/4723 3168/4223/4724 3160/4224/4716 3161/4222/4717
f 3168/4223/4724 3169/4225/4725 3170/4226/4726 3160/4224/4716
f 3129/4227/4685 3131/4228/4687 3170/4226/4726 3169/4225/4725
f 3170/4226/4726 3144/4229/4700 3152/4230/4708 3160/4224/4716
f 3152/4230/4708 3153/4231/4709 3159/4232/4715 3160/4224/4716
f 3159/4232/4715 3153/4231/4709 3155/4233/4711
f 3135/4234/4691 3144/4229/4700 3170/4226/4726 3131/4228/4687
f 3132/4235/4688 3134/4236/4690 3135/4234/4691 3131/4228/4687
f 3144/4229/4700 3145/4237/4702 3151/4238/4707 3152/4230/4708
f 3151/4238/4707 3145/4237/4702 3147/4239/4704
f 3135/4234/4691 3137/4240/4694 3143/4241/4699 3144/4229/4700
f 3143/4241/4699 3137/4240/4694 3139/4242/4696
f 1915/4243/3461 3172/4244/4727 3171/4245/4728 1916/4246/3462
f 3173/4247/4729 3174/4248/4730 3171/4245/4728 3172/4244/4727
f 3175/4249/4731 3181/4250/4732 3174/4248/4730 3173/4247/4729
f 1916/4246/3462 3179/4251/4733 3176/4252/4734 1924/4253/3469
f 1924/4253/3469 3176/4252/4734 3177/4254/4735 1925/4255/3472
f 3178/4256/4736 3187/4257/4737 1926/4258/3475 1925/4255/3472
f 3178/4256/4736 1925/4255/3472 3177/4254/4735
f 3171/4245/4728 3179/4251/4733 1916/4246/3462
f 3019/4259/4577 3001/4260/4557 3179/4251/4733 3171/4245/4728
f 3019/4259/4577 3171/4245/4728 3174/4248/4730
f 3000/4261/4556 3179/4251/4733 3001/4260/4557
f 3000/4261/4556 3180/4262/4738 3176/4252/4734 3179/4251/4733
f 3174/4248/4730 3181/4250/4732 3013/4263/4571 3019/4259/4577
f 3176/4252/4734 3180/4262/4738 3177/4254/4735
f 3004/4264/4561 3184/4265/4739 3180/4262/4738 3000/4261/4556
f 3177/4254/4735 3180/4262/4738 3182/4266/4740 3178/4256/4736
f 3180/4262/4738 3184/4265/4739 3183/4267/4741 3182/4266/4740
f 3004/4264/4561 3005/4268/4563 3185/4269/4742 3184/4265/4739
f 3185/4269/4742 3188/4270/4743 3183/4267/4741 3184/4265/4739
f 3005/4268/4563 3008/4271/4565 3185/4269/4742
f 3039/4272/4595 3178/4256/4736 3182/4266/4740
f 3183/4267/4741 3037/4273/4593 3039/4272/4595 3182/4266/4740
f 3186/4274/4744 3012/4275/4570 3013/4263/4571 3181/4250/4732
f 3039/4272/4595 3203/4276/4745 3187/4257/4737 3178/4256/4736
f 3183/4267/4741 3188/4270/4743 3046/4277/4604 3037/4273/4593
f 3185/4269/4742 3189/4278/4746 3188/4270/4743
f 3189/4278/4746 3195/4279/4747 3046/4277/4604 3188/4270/4743
f 3190/4280/4748 3189/4278/4746 3185/4269/4742 3008/4271/4565
f 3191/4281/4749 3190/4280/4748 3008/4271/4565 3012/4275/4570
f 3192/4282/4750 3191/4281/4749 3012/4275/4570 3186/4274/4744
f 3192/4282/4750 3194/4283/4751 3193/4284/4752 3191/4281/4749
f 3186/4274/4744 3199/4285/4753 3194/4283/4751 3192/4282/4750
f 3046/4277/4604 3195/4279/4747 3048/4286/4605
f 3189/4278/4746 3198/4287/4754 3196/4288/4755 3195/4279/4747
f 3196/4288/4755 3202/4289/4756 3048/4286/4605 3195/4279/4747
f 3191/4281/4749 3193/4284/4752 3197/4290/4757 3190/4280/4748
f 3190/4280/4748 3200/4291/4758 3198/4287/4754 3189/4278/4746
f 3199/4285/4753 3186/4274/4744 3181/4250/4732
f 3197/4290/4757 1964/4292/3498 3200/4291/4758 3190/4280/4748
f 3181/4250/4732 3175/4249/4731 3201/4293/4759 3199/4285/4753
f 3202/4289/4756 2385/4294/3935 3048/4286/4605
f 2385/4294/3935 2423/4295/3972 3050/4296/4607 3048/4286/4605
f 3199/4285/4753 1954/4297/3501 1922/4298/3500 3194/4283/4751
f 3194/4283/4751 1922/4298/3500 1923/4299/3502
f 1923/4299/3502 3193/4284/4752 3194/4283/4751
f 3199/4285/4753 1955/4300/3503 1954/4297/3501
f 3201/4293/4759 1955/4300/3503 3199/4285/4753
f 1955/4300/3503 3201/4293/4759 1956/4301/3504
f 3201/4293/4759 1957/4302/3505 1956/4301/3504
f 3175/4249/4731 1958/4303/3506 1957/4302/3505 3201/4293/4759
f 3175/4249/4731 1959/4304/3507 1958/4303/3506
f 3193/4284/4752 1960/4305/3509 1961/4306/3508
f 1962/4307/3510 3197/4290/4757 3193/4284/4752 1961/4306/3508
f 3197/4290/4757 1962/4307/3510 1963/4308/3511
f 1964/4292/3498 3197/4290/4757 1963/4308/3511
f 3200/4291/4758 1964/4292/3498 1965/4309/3512
f 1966/4310/3513 3198/4287/4754 3200/4291/4758 1965/4309/3512
f 3198/4287/4754 1966/4310/3513 1967/4311/3514
f 1968/4312/3515 3196/4288/4755 3198/4287/4754 1967/4311/3514
f 3196/4288/4755 1968/4312/3515 1969/4313/3516
f 1969/4313/3516 1970/4314/3517 3202/4289/4756 3196/4288/4755
f 3202/4289/4756 1970/4314/3517 1971/4315/3518
f 2303/4316/3861 2385/4294/3935 3202/4289/4756 1971/4315/3518
f 1971/4315/3518 985/4317/2555 2302/4318/3860
f 2422/4319/3973 3203/4276/4745 3050/4296/4607 2423/4295/3972
f 2424/4320/3974 3187/4257/4737 3203/4276/4745 2422/4319/3973
f 3050/4296/4607 3203/4276/4745 3051/4321/4609
f 3051/4321/4609 3203/4276/4745 3039/4272/4595
f 1296/4322/2706 1973/4323/3519 3187/4257/4737 2424/4320/3974
f 1926/4258/3475 3187/4257/4737 1973/4323/3519
f 3175/4324/4731 3204/4325/4760 1974/4326/3520 1959/4327/3507
f 3204/4325/4760 1976/4328/3522 1974/4326/3520
f 3175/4324/4731 3173/4329/4729 3205/4330/4761 3204/4325/4760
f 3172/4331/4727 3206/4332/4762 3205/4330/4761 3173/4329/4729
f 1915/4333/3461 1979/4334/3525 3206/4332/4762 3172/4331/4727
f 3207/4335/4763 3208/4336/4764 3205/4330/4761 3206/4332/4762
f 1979/4334/3525 1982/4337/3528 3207/4335/4763 3206/4332/4762
f 3208/4336/4764 3209/4338/4765 3204/4325/4760 3205/4330/4761
f 3209/4338/4765 1986/4339/3530 1976/4328/3522 3204/4325/4760
f 3208/4336/4764 3210/4340/4766 3209/4338/4765
f 3211/4341/4767 3208/4336/4764 3207/4335/4763
f 1982/4337/3528 1988/4342/3533 3211/4341/4767 3207/4335/4763
f 3211/4341/4767 3212/4343/4768 3210/4340/4766 3208/4336/4764
f 3209/4338/4765 1987/4344/3535 1986/4339/3530
f 3210/4340/4766 1989/4345/3536 1987/4344/3535 3209/4338/4765
f 1988/4342/3533 1992/4346/3537 3212/4343/4768 3211/4341/4767
f 3210/4340/4766 1991/4347/3538 1989/4345/3536
f 3213/4348/4769 1995/4349/3540 1991/4347/3538 3210/4340/4766
f 3210/4340/4766 3212/4343/4768 3213/4348/4769
f 1992/4346/3537 1997/4350/3542 3214/4351/4770 3212/4343/4768
f 3214/4351/4770 3216/4352/4771 3213/4348/4769 3212/4343/4768
f 3213/4348/4769 1996/4353/3544 1995/4349/3540
f 1997/4350/3542 1999/4354/3546 3215/4355/4772 3214/4351/4770
f 3216/4352/4771 2001/4356/3547 1996/4353/3544 3213/4348/4769
f 3215/4355/4772 3216/4352/4771 3214/4351/4770
f 3216/4352/4771 2002/4357/3548 2001/4356/3547
f 3216/4352/4771 3215/4355/4772 2003/4358/3549 2002/4357/3548
f 2004/4359/3550 3217/4360/4773 3215/4355/4772 1999/4354/3546
f 3215/4355/4772 2005/4361/3552 2003/4358/3549
f 3215/4355/4772 3217/4360/4773 2006/4362/3553 2005/4361/3552
f 2007/4363/3554 3218/4364/4774 3217/4360/4773 2004/4359/3550
f 3217/4360/4773 2009/4365/3556 2006/4362/3553
f 3217/4360/4773 3218/4364/4774 2010/4366/3557 2009/4365/3556
f 3218/4364/4774 2012/4367/3558 2010/4366/3557
f 3218/4364/4774 2014/4368/3560 2013/4369/3559 2012/4367/3558
f 2007/4363/3554 2015/4370/3561 2014/4368/3560 3218/4364/4774
s off
f 2014/4368/4775 2016/4371/4776 2013/4369/4777
f 2017/4372/4778 2016/4371/4779 2014/4368/4780
s 1
f 2303/4316/3861 1971/4315/3518 2302/4318/3860
f 1923/2561/3502 1960/4305/3509 3193/4284/4752
f 1923/2561/3502 1944/2545/3490 1960/4305/3509
